Date,S&P 500 ,NASDAQ ,RUSSELL 2000,DOW JONES,FTSE 100,CAC 40,SMI,IBEX 35,FTSE MIB ,ATHEX ,DAX,MEXICO BOLSA ,BRAZIL BOVESPA ,S&P/TSX 60 INDEX,NIFTY 500,NIKKEI 225 ,HANG SENG,SHANGHAI SE A SHARE,S&P/ASX 200,KOREA SE COMPOSITE (KOSPI)
2015-10-02,1740.5762197841404,4199.250735884399,993.7739719917937,14693.051467308895,8302.268571815535,4458.88,7790.247918763152,9603.6,21395.29,640.99,9553.07,2274.7507018247975,10671.475246176884,532.2206391207002,90.80918915206038,131.87850154384137,2460.932600984094,448.7665618684033,3176.469552642334,1.4926341315550167
2015-10-05,1776.4516561619955,4274.516114612668,1020.6427964775827,14998.372893478165,8528.76582492722,4616.9,7997.8314575898985,9971.3,21980.08,667.09,9814.79,2318.9548119582373,10876.202771716156,542.6736360220013,93.18608237725847,133.6313641086537,2515.2060950977966,449.7291671062163,3261.6876701918814,1.494225525518721
2015-10-06,1756.5718848423014,4212.713480903162,1005.8022445992104,14896.145144834314,8545.400513305416,4660.64,8035.2898019075565,10103.3,22182.65,670.69,9902.83,2320.9238638179977,10988.998365524069,544.5956983392323,92.88473374839097,134.1751512468644,2501.016141412058,446.29853996259175,3285.1635462029944,1.5177495844706388
2015-10-07,1776.3606426060253,4264.296203996261,1025.8555471496593,15052.547728182992,8639.102869997954,4667.34,7916.274168422983,10170.0,22007.34,680.1,9970.4,2342.824996458933,11209.368196713798,554.5482430728332,93.73622975367344,135.88179020356705,2585.3735833457727,447.7265503021137,3334.4266606793467,1.5278516205202421
2015-10-08,1785.1139285397644,4265.262877914709,1031.3325649437008,15117.253302597748,8675.585193249863,4675.91,7955.034849596478,10181.2,22156.74,678.05,9993.07,2374.113685280982,11506.021696853255,558.3994551336625,92.92698450213341,134.11081540622456,2557.7261259818197,459.428415933464,3353.7577239958805,1.5419319865011376
2015-10-09,1773.9830956154256,4252.923049832718,1026.0257087515408,15041.81193872161,8645.368187024187,4701.39,7943.818065342728,10309.6,22257.89,676.93,10096.6,2377.676355484305,11534.807766490936,556.7580436704986,92.81991151515592,134.97800226931665,2552.1798667022736,462.6133107625279,3409.77008524929,1.5419319865011376
2015-10-12,1776.6368720003522,4261.054114746158,1025.4061908326362,15086.838976707322,8609.702702702703,4688.7,7966.791727672036,10246.4,22091.27,680.75,10119.83,2370.868031127031,11543.578765120143,554.5888809838398,92.45023634777273,135.27508161842925,2579.0451229336145,479.5763290204871,3392.5657233621832,1.534595443952724
2015-10-13,1760.8665084805345,4215.317690482468,1008.7353897530539,15011.767290623078,8496.021433355658,4643.38,7925.494505494505,10115.3,22048.49,678.3,10032.82,2337.4634426778553,10687.963171909554,546.7672922071358,91.76533744176804,133.8034928089228,2564.009302853253,477.8427990551596,3311.3874745417515,1.549349274072255
2015-10-14,1738.1269882773347,4168.605917984922,990.9530657602301,14751.165729725019,8457.588021044112,4609.03,7869.753993023683,10037.6,21838.2,676.13,9915.85,2331.360041987774,10680.089628681179,548.3240693953175,91.36433193991837,131.22341205809008,2531.878212107707,469.1582510074763,3306.769739772221,1.538070016991443
2015-10-15,1777.9671439866465,4278.397610471756,1021.4969691645435,15059.079328823684,8607.645301466593,4675.29,7995.334010902708,10101.7,22217.69,694.48,10064.8,2363.091837051918,10906.833950046253,553.6754412919527,92.68054617693618,133.7192891713156,2593.6925962230366,483.9622641509433,3367.1611137936584,1.540659523845606
2015-10-16,1791.8388930507206,4306.7818269951085,1024.3775613625348,15172.934385052662,8676.424976193715,4702.79,8054.458922465576,10231.5,22337.66,685.95,10104.43,2380.218781470157,10607.702672355716,555.415230228351,93.58872448490953,134.96993174691016,2616.178605452978,492.7687676022142,3371.5445905731017,1.5744185866168294
2015-10-19,1795.409199258409,4330.776021894588,1027.8979429681292,15211.918425002206,8673.306936100491,4704.07,8042.180138568129,10207.3,22419.68,685.11,10164.31,2384.328012514198,10782.499318243794,548.6906377204884,93.93903122586829,133.99275763958173,2632.624283391803,492.48214149351963,3374.124087591241,1.5838345542059649
2015-10-20,1789.9343351989778,4302.119783173946,1025.3140011458288,15175.276541360012,8634.59209362455,4673.81,7992.2572299732055,10100.6,22270.11,693.1,10147.68,2375.8119094236827,10618.131992060627,552.2099259963337,93.6262912894022,133.89087031657903,2615.2197530302433,498.02319689597493,3350.0143967751223,1.5997489802321934
2015-10-21,1780.5273833671401,4268.559837728195,1009.7451274362819,15141.202927947792,8633.195077174136,4695.1,7919.462345792673,10157.5,22172.64,698.93,10238.1,2352.2858319822685,10522.327511942987,540.4973655065946,93.35144921838622,136.4184986398059,2612.3965204743154,483.10632682825195,3337.660974911762,1.5924081219065436
2015-10-22,1848.0259307612664,4429.88340161167,1039.499392247783,15746.778913249,8838.145401621732,4802.18,8105.616526791478,10365.4,22616.9,710.22,10491.97,2438.4603616057525,11004.10936816161,560.6920510439238,95.7254484918553,137.54006266786035,2641.251177820555,499.6400223746911,3415.9706674454073,1.5765520036160163
2015-10-23,1883.503517131836,4567.152257771727,1058.3707737690038,16016.972997503972,8956.9532281604,4923.64,8271.92721871519,10476.3,22736.86,712.49,10794.54,2461.9854732144954,11132.142857142857,565.3061224489796,96.69236882824877,140.67102559312536,2707.75006578755,510.9082071735929,3504.6254092992795,1.6152244642701645
2015-10-26,1873.269117713562,4553.610998055442,1048.7043820377153,15939.085605752272,8908.815771206442,4897.13,8213.037064355523,10478.3,22629.64,718.04,10801.34,2463.7598545700425,10931.499426904242,558.2548305026473,95.88552948797663,141.51786981364606,2699.6607358703204,511.347873127954,3506.4175190139003,1.6482745300025754
2015-10-27,1869.8375345069464,4552.789971489342,1036.6022536995972,15912.956509933474,8812.50173058286,4847.07,8131.128261668504,10322.4,22369.92,727.38,10692.19,2445.474166819402,10950.534806038244,551.4088831275159,95.5024485941791,141.07468069120964,2702.374516134682,512.420238341157,3480.1119645879444,1.6309055667669041
2015-10-28,1914.1522824046517,4666.169131450025,1079.3644979625476,16280.866260702349,8996.36668529905,4890.58,8195.082568807338,10421.9,22686.24,727.38,10831.96,2462.380758708405,10948.257890730221,568.1382757184507,96.26253701492377,142.9393927936784,2676.8856731402716,509.0157820464822,3476.278872780583,1.6358925482155444
2015-10-29,1903.5302692114972,4622.848813374027,1061.932309934861,16176.194597549309,8921.467429209095,4885.82,8241.11693808078,10397.2,22442.69,715.77,10800.84,2444.8802723860726,10794.627331764037,563.0792640752525,94.44379285451755,142.41659145607701,2686.4212936529893,508.42213129438403,3392.8270042194094,1.6432876092611446
2015-10-30,1889.3825814365548,4592.0221707328155,1055.7085093816727,16049.738766980148,8917.83260900042,4897.66,8211.897106109323,10360.7,22442.51,701.22,10850.14,2452.9248242197823,10807.53979006397,551.9974987841312,93.76182508619637,143.7467515347821,2644.5092072910766,509.41409957718525,3398.921829386961,1.617416876534158
2015-11-02,1910.167952791648,4654.698138901498,1076.7952791647754,16185.891965501587,8901.979990204996,4916.21,8230.708298793405,10418.2,22482.39,722.8,10950.67,2458.8624242969577,10811.7430760165,554.8208220697303,93.34360462491333,140.4332531569453,2615.7976589997547,498.6920934096231,3350.4669866389936,1.6208656870943337
2015-11-03,1923.6744928196947,4691.25142466378,1086.46455436517,16337.497150672445,8976.46066230753,4936.18,8232.448866777226,10465.2,22459.45,718.14,10951.15,2521.8374021531586,11618.25171359147,561.931024853393,93.93500635359912,140.7082391926495,2658.878763423442,499.7942179562821,3433.074503636721,1.6309047046552918
2015-11-04,1935.3831990794017,4734.158803222094,1095.8619102416574,16448.856156501726,9080.826961200793,4948.29,8299.425180789913,10473.5,22312.63,708.59,10845.24,2524.688414453986,11553.620942256232,562.0524307864617,94.58946009863475,143.29340954688269,2738.5553833086838,526.2440809923598,3448.763527515542,1.651995815226139
2015-11-05,1929.4620296779528,4711.480681765976,1094.0322506546609,16413.31373179584,8892.63010827803,4980.04,8296.566998892582,10431.2,22223.7,686.59,10887.74,2500.8798189454346,11674.300223539703,554.7205359011932,92.93832240827803,144.25846130626724,2737.604436975588,534.139840599958,3408.3545550013127,1.6696076514484959
2015-11-06,1954.380411507308,4792.030537193929,1116.9816590634018,16674.741644167207,8902.662182990052,4984.15,8312.73283291632,10453.2,22529.94,677.43,10988.03,2507.2512357856936,11582.67234462754,556.361728179115,93.60935845277122,145.63156701186787,2746.4140519441526,550.9924089217151,3422.258096269318,1.6495627717523074
2015-11-09,1933.203125,4738.932291666667,1101.5904017857144,16490.401785714286,8851.462317210347,4911.17,8228.281423804228,10325.2,22107.3,683.49,10815.45,2466.869173806366,11312.025858902463,553.7637420348716,92.92062054358446,148.33105531432886,2728.5493892007084,558.4796022810352,3356.1636292120097,1.659471282635231
2015-11-10,1941.2691751760153,4740.2806919382665,1107.5674919569171,16560.0876579475,8846.521463311481,4912.16,8219.346150273986,10336.8,22444.0,672.19,10832.52,2468.8905659873303,11487.456337713027,552.9523341178124,92.07620218012308,148.93443367655965,2702.3535230466723,558.8812746901591,3343.3189089955417,1.6086224399361895
2015-11-11,1931.3104988830976,4716.13924050633,1096.4910647803424,16476.37751303053,8916.389380530973,4952.51,8246.287358455542,10377.2,22385.11,667.88,10907.87,2467.1047397902394,11638.519745789956,549.871907352167,92.76740993319451,149.1941508504754,2687.89961338889,558.8028416067357,3366.3803640665046,1.6083409833953393
2015-11-12,1891.3519759648718,4626.8361451351975,1067.5387104229258,16129.484631384332,8699.915516755844,4856.65,8169.128138608358,10144.0,21859.29,659.18,10782.63,2437.141330988284,11493.18379604094,535.9646682431493,92.15802032764621,148.51110189618126,2746.1211757648466,552.2038055704728,3376.8304894920616,1.6041589544671744
2015-11-13,1876.7475300338606,4571.529291711118,1063.639315367132,15998.181733846655,8646.523459581686,4807.95,8088.223331484563,10111.4,21842.56,652.61,10708.4,2425.4588565273652,11221.498787798379,533.9554317548747,91.6554771716135,148.23123179909987,2692.42624606285,545.7910938716698,3341.7710297376866,1.5807818633341346
2015-11-16,1921.2932204182846,4664.408365695035,1081.813503017826,16359.912038553313,8741.829042810412,4804.31,8084.381658175082,10124.5,21811.36,643.85,10713.23,2433.8431166419477,11477.574970599766,548.4065702653376,93.04895528634538,147.33487806730986,2649.7192076418855,554.791695735509,3322.807623348164,1.560771461390783
2015-11-17,1926.2905725961768,4684.118558880174,1083.3857860867117,16430.550988773546,8959.851354248553,4937.31,8282.52382274031,10363.8,22309.39,657.88,10971.04,2482.0619955857874,11648.578683957498,549.7443131722799,93.69920686454307,149.39028195274153,2697.225755648434,555.9937847033005,3419.4535008017106,1.5665528465662495
2015-11-18,1954.669543599606,4761.198930531451,1099.254186406492,16639.767343684038,8975.727253234221,4906.72,8282.78212805159,10261.1,22091.56,671.82,10959.95,2494.3528219636887,11813.852188531224,555.1636568848759,92.45328518477928,149.10027696627083,2688.7201827358267,549.0830817152638,3424.127142952438,1.5771805070105662
2015-11-19,1938.923048257872,4726.700204956214,1086.9480156512018,16520.169554686046,9016.994301994304,4915.1,8272.40587695133,10354.7,22191.99,670.45,11085.44,2501.015918959654,12061.859183162112,556.0130466804615,92.95837975525372,150.59000606612074,2704.0446102908923,552.8548493030725,3513.8999296223064,1.5894622435687402
2015-11-20,1962.3990231072703,4795.153109148976,1103.841818523389,16742.269396956603,9039.14098173516,4910.97,8313.351775011526,10290.3,22140.14,658.84,11119.83,2550.628779851774,12203.896515445362,556.6209081309397,94.0722131841744,151.92823844096296,2751.710543818703,559.319308569327,3574.7549903084296,1.5925505010084193
2015-11-23,1961.818352764197,4797.367431365174,1109.7781120722073,16728.732606242946,8966.214006398863,4889.12,8241.213408440299,10277.4,22294.69,643.51,11092.31,2544.2707637902067,12127.156871387375,553.3293467937668,93.67975899140565,152.14916577376397,2754.1754509608554,556.3740039584145,3569.129096627997,1.6278597426231638
2015-11-24,1963.2929235974061,4795.423362465934,1117.1976318015222,16739.206841462266,8899.454171687814,4820.28,8139.465902790612,10207.2,21948.14,648.12,10933.99,2533.431276711831,12263.741538930444,556.419766168627,93.73334041617632,152.80995475113124,2739.073176942806,556.9548783716209,3563.9721777080704,1.6377422551456373
2015-11-25,1965.71778101915,4814.510892579871,1127.3796640474284,16763.176963252245,9022.193750444872,4892.99,8229.992630803243,10227.3,22359.23,642.82,11169.54,2517.0019342800965,11784.566061931882,557.5096504586181,93.7115985350029,152.19369680239248,2737.898932124494,562.6532145224243,3544.2063600382153,1.6332631613170665
2015-11-26,1968.681965977098,4821.77088732859,1129.0796852174733,16788.454832477262,9100.540925266905,4946.02,8245.90842221405,10332.3,22591.53,642.77,11320.77,2524.932089260942,11870.98829157749,559.1803453043572,94.08204065921079,153.30061491160646,2732.5398995145833,561.5941173867509,3548.552846635794,1.6695140299096463
2015-11-27,1973.1048805815165,4840.47956197489,1135.0703294628531,16802.12404418012,9049.826105472353,4930.14,8251.269361195124,10310.7,22575.18,649.79,11293.76,2512.599344479752,11258.675404042266,553.8635320696106,94.34765676234376,152.80058403135325,2687.440404790754,531.1844941100055,3533.5225999252893,1.6696895135740089
2015-11-30,1969.2460599176486,4835.69501632827,1134.090586397842,16773.08911922003,9058.775742891756,4957.6,8283.990420044216,10386.9,22717.98,634.82,11382.23,2479.6218193447803,11038.890248079464,560.9039067757589,95.22433880669676,151.84521337946944,2686.6676845094503,533.6931339043983,3535.0776599384194,1.635000369358056
2015-12-01,1977.7359732869302,4850.030569533932,1132.63415322391,16825.8100926492,9072.487410454642,4914.53,8237.830905926538,10379.2,22581.33,639.33,11261.24,2504.2872173738774,10984.065250786376,565.4647887323945,95.03903835846903,153.19911199571308,2721.649672582675,531.9593402716529,3627.815513915679,1.654348536864476
2015-12-02,1959.029674988224,4826.396608572774,1122.647197362223,16702.47762600094,9044.20029579548,4905.76,8288.041180255537,10342.0,22551.91,626.18,11190.02,2468.610075820249,11032.664791638521,559.8206721265179,94.78252187632998,152.40305751958726,2743.2153905291866,545.2472652856912,3620.8201067309346,1.6332371469213574
2015-12-03,1873.2532102545356,4604.048805008455,1069.8441712745052,15973.742174290544,8688.127379716167,4730.21,8133.167952958471,10092.9,21995.71,617.39,10789.24,2353.75368771502,11282.270400408555,536.9339767943321,90.99175628928273,148.6831705316531,2665.518430439952,536.4608700623106,3508.53355704698,1.6214719586270825
2015-12-04,1921.361319064897,4723.5291415973925,1087.0344004041706,16394.277315941767,8660.081904629693,4714.79,8087.175011483692,10078.7,22021.36,607.56,10752.1,2371.120835849541,11104.9048289369,540.8262872069843,90.76249655206277,145.45270144300682,2635.0055992368443,529.655019014135,3474.124152813838,1.5470201996458404
2015-12-07,1916.9120022149418,4708.421392644548,1074.5235568270962,16363.361173919064,8646.179494303973,4756.41,8127.157196795285,10042.4,22037.17,608.85,10886.09,2330.8887054036636,11076.122364005974,525.587279876902,90.90142538459092,147.35300718132856,2639.830694876261,533.3455268160608,3458.2251735587074,1.5604869791873615
2015-12-08,1894.3314820764676,4680.075274246109,1064.30440170744,16127.048239776012,8452.462630019976,4681.86,8052.193225985564,9837.1,21538.04,581.9,10673.6,2277.1108435826504,10747.025680708033,514.1129168496807,89.4558737526583,145.55406212664278,2599.768567969807,519.7363602551999,3384.0765765765764,1.5424989711608472
2015-12-09,1857.1674753979412,4555.68454945354,1039.2907351140536,15865.312230737834,8435.467437697922,4637.45,7963.942751615883,9835.5,21500.88,559.79,10592.49,2253.6168484702876,11151.344095773626,509.4333322202558,87.1695095928398,144.15617297781762,2566.2200095333933,512.9745174398915,3331.2235263261423,1.5205063567754877
2015-12-10,1875.810063525433,4611.461998994561,1050.244504364517,16063.936748777478,8435.707357627824,4635.06,7987.2594374537375,9778.7,21409.63,576.51,10598.93,2256.169179588276,10939.599391055224,514.4141424306464,88.78286419005856,143.1694666817003,2560.53252483307,513.6394420189544,3352.888519134776,1.503743818078173
2015-12-11,1831.1752127030345,4489.257928022203,1022.4396014377359,15710.641976432047,8243.135082739043,4549.56,7861.359223300971,9630.7,21015.29,578.3,10340.06,2197.4959386175337,10634.412922173276,498.18747105907255,87.07416119467408,144.78057594579334,2518.294077963218,506.8588464981216,3289.9094031071136,1.5119998137759258
2015-12-14,1839.4650655021835,4505.3038573508,1015.1564774381368,15801.03711790393,8091.549004752394,4473.07,7737.721729490021,9428.5,20506.56,590.26,10139.34,2202.2831194222827,10497.656359968094,496.4925645017057,87.56232282225817,141.943248017439,2493.2403577842642,519.1713676026283,3249.125189531281,1.489193072442721
2015-12-15,1869.9702585220773,4571.365820178448,1035.5067490276824,16037.43765728666,8282.122213047069,4614.4,7934.134615384616,9711.6,21272.68,583.18,10450.38,2294.7700025940057,10602.506940752555,508.8298014127682,88.98613794421514,139.62997781371038,2513.453132014839,520.5151375659502,3231.4559336536563,1.4815322945328846
2015-12-16,1899.720504009164,4647.083619702176,1052.893470790378,16264.916380297824,8333.823731610066,4624.67,7967.478470228723,9711.0,21210.23,601.2,10469.26,2343.139730367244,10618.696482909914,517.6165458535612,90.092718645793,142.84040040490382,2558.6221939256743,521.0911664779162,3332.9654669583088,1.5226063829787235
2015-12-17,1886.1853955937372,4621.0798577432915,1048.7829661447508,16161.69230058658,8399.339343472575,4677.54,8022.520852641334,9878.5,21523.1,622.23,10738.12,2356.957527811203,10776.927747419553,508.55040763571293,92.09160878214645,145.871942717166,2604.3127262335684,533.9707506108464,3359.457430697307,1.542870514820593
2015-12-18,1845.3717335296283,4529.885903570114,1031.486934118513,15760.535517114464,8294.963338586993,4625.26,7985.261107503941,9717.1,21241.93,623.07,10608.19,2304.3091386928377,10145.585194256073,505.8780865723799,91.25345256371199,144.12327311370882,2587.6833960760528,531.90073962607,3369.9514963539777,1.5470016524783259
2015-12-21,1851.8026478537727,4552.586009436987,1033.2493471986807,15806.147785056575,8230.823786142935,4565.17,7885.151347360651,9365.8,21099.32,625.24,10497.77,2304.746022286729,9861.989065050393,504.08270429931076,91.66246347315958,143.01066001360851,2574.707428740216,539.0701849875237,3365.643610013175,1.5399126352443728
2015-12-22,1861.3081382080422,4565.3475740563235,1038.559496097494,15899.648546259526,8232.6431181486,4567.6,7856.647292185626,9415.6,21060.13,619.04,10488.75,2300.9812782851686,9945.551678773665,505.6593875008197,90.89366789251257,142.39604930825197,2567.6334980004704,538.5852167051796,3380.2523617625684,1.5497740548024048
2015-12-23,1892.194876025482,4625.2623859938585,1056.7120399651678,16135.120766304595,8507.913570990388,4674.53,8053.413506012951,9641.0,21456.36,619.96,10727.64,2319.103748483365,10235.078132266766,518.3834238051106,92.34408604875699,143.15697718487075,2613.952964337812,538.551709011667,3408.7622646512864,1.5523943377619718
2015-12-24,1878.3230804283432,4601.03896103896,1052.4128503075872,15996.50945545682,8503.929299796057,4663.18,8060.124062586797,9682.9,21456.36,619.96,10727.64,2303.6998265144002,10150.45949841453,517.3241852487135,91.99430761322193,142.22761335250925,2606.2182509550466,532.1559410295204,3455.866348131927,1.557446309118648
2015-12-25,1877.553065500592,4599.152773981962,1051.9814156873463,15989.951717226928,8508.556658957965,4663.18,8060.124062586797,9682.9,21456.36,619.96,10727.64,2301.457436149598,10160.769648071839,516.812759507019,91.84740362325898,141.9854754520009,2606.2182509550466,534.097987086973,3436.368735359135,1.557446309118648
2015-12-28,1875.0,4596.088621444202,1046.8727206418673,15981.281911013859,8483.743641912513,4617.95,8091.250810110175,9552.5,21369.15,615.31,10653.91,2293.721728963812,10341.045816497719,514.1527062911845,92.37369308834104,142.91496289565347,2577.5810064734624,519.8024379105631,3441.819503651565,1.5300588166556304
2015-12-29,1903.6959010762537,4678.671857110144,1062.9906114037096,16231.719716052208,8566.775200108532,4701.36,8202.98273155416,9670.4,21661.33,617.55,10860.14,2304.0670238824086,10344.172600499982,516.0269984118581,92.7261721805564,144.32960766423355,2602.7968718573643,526.91639476249,3520.3635756056806,1.5383670531537028
2015-12-30,1887.363366110222,4633.75257260462,1051.5801509261378,16102.327921335467,8503.151046960764,4677.14,8159.609512353105,9641.9,21418.37,610.97,10743.01,2263.405108246476,10011.191298222926,509.78712186120083,91.99232001818078,144.4683870967742,2586.8636178249076,526.9819416750629,3545.681818181818,1.5376311209370148
2015-12-31,1881.9943833156854,4610.662492518761,1045.8910731550113,16044.408636803093,8471.629232543937,4637.06,8147.546890880532,9544.2,21418.37,631.35,10743.01,2303.39354947975,10077.519091511394,508.62522037055516,93.52202175583571,145.65685861871052,2602.9849328004084,525.2531053258465,3549.976538409974,1.5316392431258932
2016-01-01,1882.0810313075506,4610.874769797421,1045.9392265193371,16045.14732965009,8476.80608365019,4637.06,8147.546890880532,9544.2,21418.37,631.35,10743.01,2303.4984877387046,10077.987655325529,508.32086699245366,93.89041307173736,145.66243208081428,2602.9849328004084,525.2754498659973,3559.042338709677,1.5316392431258932
2016-01-04,1858.1544569080922,4526.6952868947055,1023.5147486497714,15832.470110326361,8279.116847826088,4522.45,7972.287714127831,9313.2,20733.81,621.12,10283.44,2246.1658261841203,9629.706477154577,501.7765573824727,91.94740351870826,142.62178248434722,2546.5978088898173,487.37512007684916,3499.533880017263,1.5081508496690927
2016-01-05,1876.358392259025,4551.014142165985,1033.1596576107183,15964.514328247116,8379.628618241397,4537.63,8024.216156399852,9335.2,20983.24,617.59,10310.1,2255.9826225447587,9847.78177597214,503.87210423106325,92.9206274717989,143.58613683429064,2549.709094190909,490.8185099068513,3454.2141381837573,1.5054508874263077
2016-01-06,1846.081068546517,4485.446619052036,1015.091364437436,15681.76421482237,8240.119394885014,4480.47,7945.226455124066,9197.4,20422.39,617.59,10214.02,2204.735206643737,9628.031437988337,491.89955180595825,91.89078948882144,142.42010490879198,2517.5713214339285,497.76352087371095,3360.6435107743773,1.5073392987153293
2016-01-07,1776.8643409080516,4288.262996662247,973.499154131041,15101.367107128159,7958.935971126855,4403.58,7775.706266678936,9059.3,20189.48,590.75,9979.85,2082.5025326063464,9200.393384804947,473.1383409451625,88.13329322335441,138.0630973657627,2420.6789406953694,453.6566962335204,3212.474593658834,1.4801144091838243
2016-01-08,1758.2490966473035,4247.934867127109,957.0507249691259,14953.52879293784,7852.888829857881,4333.76,7609.694958989956,8909.2,19869.49,585.98,9849.34,2053.7646309939387,9231.411458510916,471.18140735958684,88.82569064766511,137.83994703843607,2415.8400755920393,462.4851266832157,3174.4281897977357,1.4634187290612577
2016-01-11,1771.3351749539595,4270.709023941068,959.3922651933702,15099.972375690608,7862.653990358864,4312.74,7555.441081777206,8886.1,19756.14,581.68,9825.07,2095.797787170946,9074.810044635251,468.5947468989864,88.98911190061332,138.41670577193804,2360.456697959813,442.60062093083553,3177.166967276475,1.4443809218901265
2016-01-12,1785.5675800138154,4315.836979046741,962.1920331568041,15211.807506332028,7889.873586161011,4378.75,7670.109546165884,8915.4,19970.1,594.26,9985.43,2111.266938028521,9032.349646832927,470.2118042102544,88.12393406034955,134.79693126663534,2345.9259391494247,443.3701866487304,3169.017791075508,1.4406113337498285
2016-01-13,1737.8688976739911,4161.128987772365,928.7395421531675,14849.140387974627,7895.324503311259,4391.94,7684.776255707763,8934.5,20139.87,589.35,9960.96,2100.527119426279,8915.953708261313,458.51203641375776,88.14793336119554,138.39795320495293,2367.3661334568387,431.65302255996534,3189.8167631351735,1.4613812458056252
2016-01-14,1768.7543141134786,4247.388523307717,943.9694445722702,15074.363812065714,7850.673210850965,4312.89,7598.088006586771,8787.7,19803.41,573.92,9794.2,2126.905366394939,9089.365472012887,465.1654441205676,87.2032549980632,134.41139783269665,2348.535232632552,439.6119013204293,3156.0406287165315,1.446359380352453
2016-01-15,1722.3871026838876,4111.40423193185,923.074104607493,14645.122286342403,7580.1227634843935,4210.16,7412.57200329158,8543.6,19195.94,558.45,9545.27,2048.879949439724,8727.923422455051,446.7460467460468,84.63900136405812,134.17143974960877,2286.0052112304948,422.33281168492437,3078.779889252454,1.4263795996143422
2016-01-18,1726.261188891439,4120.651824649988,925.1503327977966,14678.06288730778,7557.92088917947,4189.57,7399.798994974874,8469.3,18686.86,543.13,9521.85,2046.8548441977757,8587.658596765248,443.57665153807363,83.43454406846784,132.65193240494443,2267.805041937557,425.55009768350544,3062.4304308089877,1.420668113716978
2016-01-19,1724.6459183205754,4104.093138378328,912.0135674015675,14682.146949626436,7625.275723368366,4272.26,7519.897585954646,8554.9,18880.52,558.25,9664.21,2046.7049500977985,8587.548655692575,444.3061057662076,84.25264367775173,132.8530683810637,2304.1857354080125,438.6340960396868,3104.680069653316,1.4310359190288306
2016-01-20,1707.2169681388302,4105.858047929482,917.5557800018363,14476.852446974566,7392.286644951141,4124.95,7284.5098756400885,8281.4,17967.91,526.44,9391.64,2024.4518857983478,8436.623600730589,439.97594479964545,82.63130964462408,128.90608559089122,2213.7787545787546,434.82647200452226,3070.6684848100463,1.3977505112474438
2016-01-21,1718.769542026853,4112.608055913188,917.178591134817,14606.106308626082,7550.89256522592,4206.4,7342.648268299369,8444.2,18723.22,523.01,9574.16,2021.4425659584285,8342.92445004811,455.725338491296,82.6318810715411,125.13484375,2190.1901724545246,421.33694847032183,3130.490748189863,1.3950701503058418
2016-01-22,1766.1387422432156,4252.273779753635,945.318143928869,14905.538575530238,7795.4812710576725,4336.69,7534.259427946803,8722.9,19028.42,534.34,9764.88,2091.0775794504084,8602.694052048815,477.4807282269968,85.23916181267298,132.23025341130602,2263.6070824806475,429.71914857673795,3188.2411310720536,1.4289200778541453
2016-01-25,1730.1871140197252,4164.890773343165,919.3197529726242,14642.105263157895,7719.183030143824,4311.33,7499.6274420717855,8567.7,18641.47,534.72,9736.15,2054.8573314031432,8570.3192076709,460.04708310490497,84.81354745622426,133.32484026803803,2292.463610070646,430.8580955182897,3209.5409962177064,1.457774184855834
2016-01-26,1751.0279170307685,4201.508531481396,936.3657269006117,14871.204525594443,7803.907590759076,4356.81,7529.176854115729,8692.5,18923.83,546.22,9822.75,2088.8645902088497,8508.905454009098,471.86654937607915,84.6580061315285,129.782904190454,2229.9625202473426,402.12921752618377,3225.9821514868395,1.4439601302248075
2016-01-27,1728.5871660699534,4101.8727623244295,920.5453043238779,14637.3450839989,7827.479419835358,4380.36,7525.7075684962465,8741.0,18848.03,545.27,9880.82,2093.0013747938556,8576.587589813502,473.7527680083366,84.09660106095382,132.77574069776435,2248.939121196919,399.535253726344,3190.4269865841075,1.4532819774565056
2016-01-28,1730.83462839382,4119.828137855379,917.1496480482675,14690.227625925585,7787.554155179203,4322.16,7351.248760256064,8590.6,18189.95,542.18,9639.59,2114.2396037342423,8676.944329016971,483.070506972501,83.68837354412179,131.10824742268042,2252.2782871926647,386.36950733745334,3222.901554404145,1.4566245273650842
2016-01-29,1790.4674018363862,4257.786185576523,955.4560974484382,15195.2198588105,7998.672100972914,4417.02,7504.789825004509,8815.8,18657.29,552.83,9798.11,2223.2364104970775,9324.530957930445,498.51406683397175,86.18575519732619,133.54398536362248,2337.259023089848,402.006413000007,3272.4391997907946,1.4461529152832084
2016-02-01,1781.1268769803003,4243.348486935757,948.1471277035404,15106.92932910869,8033.006362672323,4392.33,7496.833844488544,8788.5,18485.95,557.16,9757.88,2197.0065244352863,9402.095017381227,490.9162743225891,85.85712075105984,135.61490871826012,2313.1086584430145,392.81282720685755,3294.308295231875,1.4745623779063088
2016-02-02,1742.781262878337,4136.59050322817,923.8792985026788,14793.296396355146,7815.771413488188,4283.99,7369.405735862627,8528.7,17922.45,552.5,9581.04,2135.527544929468,8860.154035099802,476.8639207507821,84.23274563374663,135.51171845179022,2290.3290012189595,400.48006792494846,3219.0046415678185,1.4533341464158305
2016-02-03,1722.3793227665703,4056.412103746397,909.8523054755042,14712.40994236311,7677.4168091542815,4226.96,7293.715209193751,8314.5,17412.04,529.73,9434.82,2143.5061350574856,9152.529794587846,483.80392156862746,81.74248464607136,131.3211366587732,2203.5841503741954,392.4848352069669,3148.324080051646,1.4383078105149447
2016-02-04,1709.0024982155605,4023.5189150606716,905.4157744468237,14647.198429693079,7678.177676537585,4228.53,7182.446378892578,8468.1,17626.04,509.45,9393.36,2135.465515827616,9363.748552029454,487.84252683464666,81.71643613814953,130.23372555012227,2205.4852320675104,395.5065678153265,3199.303012783452,1.4201040477849085
2016-02-05,1684.7835827583117,3909.974012008245,883.251187382382,14521.874719956986,7600.311911105336,4200.67,7193.321886860655,8499.5,17250.26,503.88,9286.23,2100.3088541593283,9318.768580906575,484.32780550635965,82.86753705067845,128.94008969297406,2221.205368710162,394.17950325799507,3153.367764012547,1.4232102173638785
2016-02-08,1655.2266130832775,3825.630721143112,865.6753739674034,14313.060951105155,7332.594406495681,4066.31,7031.454463072044,8122.1,16441.2,464.23,8979.36,2045.685298608929,9306.163669085365,473.83914828116986,81.51392639632034,131.0896966426396,2221.3972290363818,392.824713697681,3148.881997405145,1.4232102173638785
2016-02-09,1640.139909678562,3780.0053130257684,853.5375896573098,14180.802266890993,7217.5177804831155,3997.54,6910.844800874876,7927.6,15913.12,450.83,8879.4,1996.6663511496827,9250.704193254329,462.1819226716899,79.88496595158477,123.72463656641797,2186.7433818944505,389.5017443661687,3025.624745624745,1.4232102173638785
2016-02-10,1640.2657218777679,3794.14526129318,853.392382639504,14096.306465899024,7296.031899157502,4061.2,7053.393541324576,8143.7,16714.14,449.37,9017.29,1989.7303911937895,9103.460870741552,456.04427058486783,78.9918851105654,122.78963819645229,2211.527635252504,389.6040797903516,3001.590144872883,1.4232102173638785
2016-02-11,1615.224302366655,3767.9618509360653,842.2112327799364,13829.194630872484,7078.713883917158,3896.71,6789.18674153233,7746.3,15773.0,440.88,8752.87,1953.3502663538302,8692.008400574776,450.2027883396704,75.3608090294115,123.42620375461472,2098.344704298338,388.43698156295125,3026.506795567971,1.3806468838768533
2016-02-12,1656.0365880733536,3851.9692731228633,863.1854713378624,14185.728875271969,7353.259469208967,3995.06,6969.415619879847,7920.8,16514.87,454.29,8967.51,1991.9816245170498,8832.001774918188,467.8274811608145,76.05030896556629,117.27997176359858,2091.6821757647035,390.6277608915907,3007.3800132529745,1.3548101340577567
2016-02-15,1671.6987897803676,3888.399820708203,871.3491707754371,14319.892424921562,7537.081850533807,4115.25,7125.129369042215,8179.2,17041.82,487.92,9206.84,2056.685837561181,8971.935909772417,472.6624765113718,78.93417677071477,125.36249119787185,2180.6145972612844,396.54893085579835,3099.2174302533917,1.3741145218417945
2016-02-16,1700.9870782483845,3980.5814788226844,893.5750179468771,14533.749102656137,7525.250320924262,4110.66,7093.128177196805,8137.6,16957.84,482.89,9135.11,2047.9647847704775,9022.892336168527,478.8657624704625,77.17653893394478,126.28853490658801,2202.8650258336165,408.7232270101687,3133.598187503989,1.3974778348455468
2016-02-17,1731.506110711718,4074.460819554278,908.6358734723221,14785.981308411216,7747.070914696814,4233.47,7185.269915905596,8364.9,17377.89,495.1,9377.21,2133.174269898836,9387.62021805554,498.22162322080146,77.99105014287031,124.71538825011814,2182.7772939867014,413.0346265821479,3152.1810433884298,1.3896232260348744
2016-02-18,1726.685873773296,4040.2809039344556,904.5736922661384,14777.554695237237,7708.2284607938045,4239.76,7176.04242204496,8295.4,17112.36,497.75,9463.64,2142.126637361123,9270.090627688936,499.5670711708757,78.66621042686816,128.77086977261885,2242.3299846559166,413.7635611538116,3216.696952123204,1.4001408326731801
2016-02-19,1722.3763976828775,4045.4712829493915,907.0995554358076,14721.810588710763,7698.576788717814,4223.04,7140.719215401381,8194.2,16909.56,480.54,9388.05,2137.4886966463228,9277.947137449331,491.61012526096033,78.62011993675917,127.39085686931546,2233.798575317079,412.0975992619469,3180.576033907013,1.4074993573028756
2016-02-22,1763.9858554719378,4144.174449179436,926.4121860549461,15069.961011877778,7745.644644002566,4298.7,7229.174611822392,8387.0,17504.58,487.97,9573.59,2184.3488519893117,9931.853944844537,499.09039790956905,79.70030080982828,129.3540746688077,2271.0697804666033,425.841767224601,3277.019296923632,1.3964177973388519
2016-02-23,1743.3601016287828,4086.5477972868744,918.4247538677919,14910.194637266912,7586.601348772109,4238.42,7148.621921069499,8267.6,17163.46,493.97,9416.77,2153.378311043789,9750.943655835074,493.8262671446897,78.49504135093999,129.91825502812512,2266.334368360843,422.3652894400267,3254.63137254902,1.4074836584487107
2016-02-24,1752.2927449378008,4124.77072550622,928.0668301098702,14968.673385998365,7419.296914516945,4155.34,7065.012862918045,8013.7,16719.36,474.28,9167.8,2152.2158630078666,9652.08765753472,495.5997349237906,77.7530532630931,128.82063941724,2241.4016606911373,426.0779747961659,3185.8685139197487,1.4109302033920812
2016-02-25,1770.490316142786,4156.7560212273775,935.8007892230235,15146.995056016693,7616.454493634809,4248.45,7143.2957565759325,8215.6,17104.54,483.98,9331.48,2173.6413912449916,9605.333761379532,502.1656050955414,76.72857956412983,129.57883750802824,2202.962358223752,398.2799700091639,3203.71226043581,1.4102569756843373
2016-02-26,1781.644411926102,4198.344613133346,948.5824035119812,15218.556795317361,7733.1092223772675,4314.57,7220.009165902842,8349.2,17483.76,507.12,9513.3,2175.4480164774786,9526.150886354268,508.9376967071644,77.87528132979592,129.87612820409967,2280.187462834198,404.9052619803393,3182.338517721478,1.409105586051017
2016-02-29,1777.0900395475032,4191.989331371286,950.8875195438243,15190.37983997057,7803.775758351466,4353.55,7249.865976522784,8461.4,17623.07,516.71,9495.4,2216.9849261012296,9797.577727917946,513.0213286238283,78.61007608091475,130.80399918384,2261.9944018037318,394.71580025680066,3206.0733053074096,1.4215171472647443
2016-03-01,1820.5116407472162,4315.450446305328,970.3598049139597,15519.527008373976,7897.92696232591,4406.84,7343.866445305293,8611.0,18011.91,520.08,9717.16,2271.1150856859317,10337.81396438613,523.338251947428,81.76348639969315,129.83179305056703,2299.530199354246,401.6902733790721,3249.9752401703477,1.4215171472647443
2016-03-02,1827.7972027972028,4327.76959882223,980.5576002944424,15549.613544350386,7963.028693568236,4424.89,7420.9802473693935,8764.5,18206.41,535.78,9776.62,2303.7305194369314,10610.356644844132,523.2151429943077,83.78910702406664,135.80853134376773,2375.965364468886,418.85919756164367,3369.9510067114093,1.4438916610440935
2016-03-03,1819.2936022633935,4296.267226430593,982.0662590125035,15463.995619238845,7930.737386804657,4416.08,7321.889676765816,8767.0,18348.5,551.36,9751.92,2278.2052665989113,11335.708881282653,523.0423532616097,84.5512754959047,136.13324236465064,2346.917735671413,418.1254497062501,3408.887323471202,1.4613099902239537
2016-03-04,1817.5118138858595,4286.641221374046,983.2151944747364,15455.079970919665,8015.295106341717,4456.62,7299.350768105341,8811.6,18278.98,552.84,9824.17,2294.8786502032176,11865.706964488601,527.3205023205023,84.70662862274003,135.91708271757798,2361.6018914632505,420.02471566512367,3442.6939465674673,1.4654292586792157
2016-03-07,1817.4686762302524,4274.7866351915745,993.4174686762303,15502.042854548758,8007.771517388769,4442.29,7310.721123165285,8786.8,18059.27,559.44,9778.93,2299.482392021821,11819.253108049728,535.4210112474788,84.5650249628483,135.32303752900694,2363.5843504156264,422.45515531065615,3487.0074922873514,1.4732014537355433
2016-03-08,1797.5297429842885,4221.978021978021,969.8301698301699,15406.502588320769,7909.917355371901,4404.02,7268.304914744232,8740.3,18017.56,563.67,9692.82,2254.534724086748,11882.374435853691,528.8316965797495,84.23930520490173,135.4244331477447,2330.7628248804717,424.1738085758789,3451.438899962837,1.4717354971905652
2016-03-09,1808.5825984180378,4249.822711155559,975.3250295481406,15456.277843440312,7942.521160431607,4425.65,7269.23988333941,8761.1,18208.92,552.59,9723.09,2279.2191359637395,11988.542359520112,539.1092673226592,84.98921260851382,133.35096153846155,2338.552399218777,417.96876198980124,3508.410490152726,1.4724576271186443
2016-03-10,1780.057260445558,4171.208732217948,951.9459604545049,15205.448689272616,7711.183496199782,4350.35,7167.583764641787,8766.9,18118.23,564.12,9498.15,2223.857150022571,12227.097824478318,526.1379633974659,82.99208969232598,133.22542392979958,2309.029567066055,403.47304319137817,3432.6934613077387,1.4741045697818032
2016-03-11,1813.135479243253,4257.571953734421,975.1277683134582,15433.793598135033,7920.776623879249,4492.79,7286.535483283229,9090.6,18987.75,566.2,9831.13,2268.317083200444,12415.254364464006,538.176889190105,83.8522536550039,133.46625694362365,2332.8001663019186,406.0469290403639,3504.538732872066,1.4590068087625814
2016-03-14,1818.5125157572484,4277.21952097965,976.2740860795966,15513.353142445525,7950.772598506309,4506.59,7322.034517395671,9142.7,18981.77,566.2,9990.26,2267.312994797414,12016.01485178947,538.0113385612927,84.25940301470324,136.3321730875722,2371.6795877628706,414.5226732789849,3509.7343395715598,1.4719421453679724
2016-03-15,1814.6817895400127,4256.611756233684,960.1854352326942,15529.327572238724,7822.614345776533,4472.63,7265.189989039094,8988.3,18765.37,579.3,9933.85,2225.1590965370206,11266.499330655955,531.2775924240892,83.14234257303974,136.13066645458883,2352.8531088188056,414.19575926322557,3431.0602450075517,1.495585299007736
2016-03-16,1805.9866369710467,4244.07126948775,957.2472160356347,15434.975501113584,7845.3788985580895,4463.0,7235.563476830272,8962.8,18731.75,571.73,9983.41,2265.20550718769,11370.620863686141,538.309811256589,82.73657599319756,134.30747319697747,2356.4507310944896,410.3324022155595,3444.0226057119785,1.4947774750227067
2016-03-17,1802.8006007597846,4218.561710398445,964.0869334746886,15444.376711723653,7932.356891589383,4442.89,7177.095125068468,8978.8,18608.03,567.24,9892.2,2317.585920368242,12402.56997393486,544.4262853251618,82.96024405497744,134.33042512690355,2336.01754535874,414.7847265334525,3493.0566726369507,1.4856256772409668
2016-03-18,1818.6157941437443,4255.235137533274,977.5244010647738,15618.722271517301,7953.279794410537,4462.51,7146.876429159426,9051.1,18611.34,548.58,9950.8,2320.406978405227,12441.61106690335,540.0784849001877,84.51110311808978,133.01105455702245,2361.1362714807055,424.0204291492425,3496.9106733234385,1.4986233355901601
2016-03-21,1825.1045280668977,4277.973489903033,977.2973934703316,15678.20478605106,7904.626789366053,4427.8,7203.4229604478305,9021.0,18696.93,541.7,9948.64,2323.3631826564024,12583.062433914476,540.098455270752,85.70559347057394,132.8947953913389,2369.3727233155405,433.40983763984445,3483.273891791674,1.5202469362183306
2016-03-22,1827.4048319515025,4298.529018454133,978.282963359187,15674.930908442544,7844.372664513268,4431.97,7207.296255506609,8992.0,18698.82,544.3,9990.0,2347.038882365376,12698.5785411999,540.5152384857182,85.7151532505156,135.25228084093615,2374.3559106862817,431.1748181624621,3510.767505860769,1.5245850321437844
2016-03-23,1821.0926323319025,4264.002145922746,961.8204577968526,15649.669170243204,7824.6891763963395,4423.98,7258.514159617506,8927.1,18462.88,551.31,10022.93,2320.529159649213,12055.424814401475,531.9948537378116,85.81516117775064,135.2665791462784,2379.082998661312,432.8904983096501,3463.1525069872373,1.533716675378986
2016-03-24,1822.0332915697154,4271.970646142831,966.1177734025416,15675.434043314837,7735.106719868262,4329.68,7131.5968082179215,8789.8,18165.84,557.04,9851.35,2319.5610638535727,12085.912819139874,529.9442661712549,85.91095719234517,133.89608433734944,2348.536897877203,425.6654005453709,3425.897375425356,1.5329283541997933
2016-03-25,1823.338706788465,4275.031345154935,966.8099588035107,15686.664875514954,7734.616846105129,4329.68,7131.5968082179215,8789.8,18165.84,557.04,9851.35,2331.046080059482,12073.277413080474,529.2113607232005,86.08379993128216,134.6699140628094,2348.536897877203,428.53486901784,3418.411214953271,1.5205104621752126
2016-03-28,1819.4444444444446,4257.583065380493,964.8356555912827,15662.191854233655,7774.498695015595,4329.68,7131.5968082179215,8789.8,18165.84,557.04,9851.35,2337.2456927929497,12517.566818914893,532.9404592562487,84.94480704437454,134.89505589670918,2338.616183037639,424.8296686705646,3426.4745922631087,1.5191993808381672
2016-03-29,1820.0425117350105,4292.463023647153,982.2690638561686,15616.960410946773,7779.2075423620845,4366.67,7145.940249266862,8808.3,18171.86,566.67,9887.94,2344.289574936576,12451.468351041172,533.6675586870364,84.36902577210114,134.41944357120403,2347.1321063488954,415.90066085441464,3380.744443693846,1.5228204364852178
2016-03-30,1820.3827835597108,4294.6639618980425,979.3967189980598,15625.912859410832,7867.550256833027,4444.42,7183.481366175259,8870.2,18375.32,578.83,10046.61,2364.1652578872454,12555.009248030965,539.0517651860418,85.53075021617884,132.4151565074135,2363.028045026523,428.38910792485785,3389.7811305436207,1.5249636304087866
2016-03-31,1809.9648506151143,4279.305799648507,978.9367311072057,15540.500878734623,7792.6552246340225,4385.06,7156.636113657196,8723.1,18116.88,577.12,9965.51,2333.09365614833,12240.247958135666,534.3941083071517,85.57434832104171,130.81469050035122,2350.5846282646694,428.33961261488366,3420.3297331852896,1.5265444421498664
2016-04-01,1820.2239297475303,4315.732162458837,981.497255762898,15624.807903402854,7678.243488037979,4322.24,7043.184316599488,8602.3,17776.84,571.56,9794.64,2334.0251527711625,12493.734787926709,531.450361071742,85.2876047065684,127.11170526481341,2330.230363932954,426.88484372035026,3366.9279725224765,1.5156241600430056
2016-04-04,1813.6674859550565,4294.066011235956,973.0863764044944,15569.698033707866,7718.442469012145,4345.22,7079.115546603187,8597.5,17639.26,564.75,9822.08,2292.5530713555463,11815.281394194088,524.1941434944487,86.04138783180625,127.12504927856186,2322.5343016734455,426.73156785832845,3335.213486897012,1.5118874814735588
2016-04-05,1796.5302178496133,4255.033380182712,962.6229796205198,15463.211524947292,7577.09914168429,4250.28,7046.528925619835,8387.7,17109.3,561.23,9563.36,2243.8916957254537,11707.584906561016,520.9280556298476,84.0886915838471,125.22142629735754,2287.0453283157453,433.31312638159943,3264.423599602254,1.5014496301339473
2016-04-06,1813.0186858496359,4316.799719273621,972.7256776910255,15541.758048951662,7633.33746283449,4284.64,7132.705903957396,8398.6,17240.91,554.12,9624.51,2250.282888207848,11587.361320243328,523.760053619303,84.116891285685,125.5671767008909,2290.0579692077536,432.14651677484414,3297.163427885737,1.4993991207387012
2016-04-07,1794.7701503032436,4261.554012481322,960.5168322053266,15418.792300254901,7582.023721275019,4245.91,7141.47037173353,8292.9,16818.25,554.5,9530.62,2215.314291558754,11554.452026246532,519.2310264125709,83.34266239963102,127.9278723145027,2295.1488966528686,428.1654857267201,3273.9152514427037,1.4984816968555943
2016-04-08,1795.90404771302,4254.431434460377,962.4259965793974,15416.357496820592,7687.287820592243,4303.12,7189.873999816059,8427.6,17504.62,561.61,9622.26,2213.5192000055263,12287.847247672798,529.8173346388899,83.64244737494289,128.4266406915865,2301.8961737518935,423.728457192466,3272.434635649667,1.5019306783649782
2016-04-11,1789.9631837307154,4236.851332398317,959.2741935483871,15389.559957924264,7739.99126146932,4312.63,7120.687121072938,8497.6,17722.66,560.97,9682.99,2223.4628185385723,12591.102354299484,533.4692490655793,85.0381267670402,127.91237615721943,2303.72198648702,430.87081015063103,3283.8535042450476,1.4935871196616182
2016-04-12,1810.7500439135777,4279.018092394168,971.1136483400667,15564.0699104163,7825.976305397105,4345.91,7153.545187362233,8546.3,17444.8,553.43,9761.47,2265.3289249920495,13090.956234974261,547.4053682037164,85.73134212235755,128.88413302047093,2324.2789210879805,429.8293181555766,3358.1783822090238,1.5105669238510564
2016-04-13,1847.0995210218202,4388.3448642895155,1002.2441014724144,15884.583998580803,8015.734441924918,4490.31,7286.674625769125,8820.7,18165.59,548.83,10026.1,2310.8382897131205,13475.954919435606,554.3456439721712,87.70885243687293,132.88355303183937,2417.91721899712,439.40988813888856,3431.186233581102,1.5105669238510564
2016-04-14,1848.4025559105435,4389.323748668797,1001.5885694000709,15909.149804756835,7995.352342670519,4511.51,7362.092703074805,8861.5,18329.09,548.1,10093.65,2309.6324511632215,13351.425296140616,553.7552684308713,87.62287547181589,137.18150476576758,2442.263274159027,441.61117651890595,3496.2036815682523,1.561598525105737
2016-04-15,1844.1283346627667,4376.690596472569,1002.322077461668,15862.32385003988,7981.065609863496,4495.17,7338.705246772273,8850.9,18257.35,574.73,10051.57,2298.009047398923,13351.663071288816,552.2308622775186,87.42301598811065,137.28838005215124,2433.039805963761,440.89565925530536,3530.467878290037,1.5505999338110228
2016-04-18,1851.1048258794417,4383.966766837547,1006.9648223439987,15913.169524482943,8016.048448145345,4506.84,7372.250733137831,8881.6,18358.25,574.37,10120.31,2281.9908624326767,12930.799036804341,555.3043658612465,88.29825185146233,132.1904568527919,2408.7258902604904,433.3550368550369,3518.8923519539676,1.5465560242633247
2016-04-19,1849.6214122204617,4349.64782532136,1003.9003345659448,15895.0519457651,8117.285515143834,4566.48,7465.2138082593165,8971.3,18447.98,578.85,10349.59,2328.217344184743,13380.677628300946,564.127149557061,88.31094301100849,136.05127791663307,2429.927168645677,434.12905072868807,3569.9975919364274,1.5450132120690714
2016-04-20,1861.0250508984689,4380.0389483933795,1011.1445516508808,16018.650969283883,8133.299498826365,4591.92,7478.733899698547,9147.2,18658.36,582.51,10421.29,2338.664148886466,13449.088446974449,570.2724443045499,88.87694896379105,136.2441776130228,2415.6189392862225,425.56292749658,3598.571182172548,1.548317624991316
2016-04-21,1852.8348688873139,4381.54677533664,1006.1746987951806,15930.652019844081,8096.732855420922,4582.83,7431.393442622951,9197.2,18732.96,598.72,10435.73,2310.556917624313,13426.529641498097,565.3253573540153,88.39473742268783,140.53921489275595,2469.1107786824405,422.3454242291713,3614.540531276778,1.580247106540274
2016-04-22,1861.913027996617,4367.498998531179,1020.7771398050475,16026.839364401121,8090.826335021476,4569.66,7384.301584410854,9232.8,18687.04,605.92,10373.49,2323.229025433009,13212.93126053568,570.6948640483384,88.5109363608212,139.9306418219462,2462.1835824148097,424.0626882839458,3592.701886792453,1.573139034803581
2016-04-25,1853.177702822652,4345.63287768507,1010.207704597905,15957.074383099593,8046.937857464173,4546.12,7360.745194497586,9140.0,18403.23,597.56,10294.35,2303.5711488089014,12943.746724236902,565.4033245844271,87.76408586772224,139.17481345516936,2437.4255624646044,421.47916296488665,3585.1994111807194,1.5718041944947256
2016-04-26,1851.3076957118199,4326.485816701332,1018.4803292472452,15922.75080762933,8110.627863457444,4533.18,7342.890909090909,9283.0,18670.41,599.59,10259.59,2314.078936775782,13310.55667001003,567.4952601643143,88.8952000160948,137.97630595531527,2440.770976090848,422.88208595144954,3580.0726898679923,1.5591866039789706
2016-04-27,1850.5940025614982,4295.490880183722,1019.4320540564414,15935.653402817648,8118.581797161025,4559.4,7360.690909090909,9332.6,18750.62,584.55,10299.83,2342.360862555791,13644.004207573633,569.2863151991027,88.96772723811716,137.01406553349977,2435.1751576019424,420.3495005677685,3476.7797064539914,1.551716173141775
2016-04-28,1828.4242050559324,4232.616929445961,1004.4922047036026,15705.769400158546,8136.4133582137565,4557.36,7383.245214220602,9269.0,18976.71,583.65,10321.15,2321.851466350212,13715.83413303702,569.6501877127118,87.32700354500466,135.78336320677855,2436.632603073698,419.268916364032,3509.9418975650715,1.5415960430213567
2016-04-29,1802.8107541899442,4168.4357541899435,987.1159217877095,15514.69972067039,7962.102174883602,4428.96,7248.998360954289,9025.7,18600.56,583.65,10038.97,2326.9774197942224,13696.77337398374,567.0398442389264,86.58180811392418,136.77513336068935,2371.1605344018367,414.58775466177684,3485.7906089264975,1.5358754755926616
2016-05-02,1804.9167533818938,4177.584113770378,989.3513701005897,15514.36004162331,7940.3256583131915,4442.75,7264.405390639228,9022.1,18420.22,583.65,10123.27,2302.9604825609754,13260.266138515814,560.6601619265103,86.00290930492335,131.56832070398434,2358.2342669084555,411.78393507606603,3484.7396231431326,1.5169512971327348
2016-05-03,1794.7029659911282,4143.011220318344,975.6980081760461,15439.601635209186,7819.962073324906,4371.98,7153.239179954443,8764.9,17966.81,583.65,9926.77,2255.0830715451243,12768.652650353664,548.1641025641026,85.3812545898858,131.74544119446824,2313.0638088419546,419.60809796880864,3485.116521286291,1.51064687362161
2016-05-04,1785.601114303125,4113.902672586402,969.0345608078699,15366.29233046052,7710.868605311298,4324.23,7047.513862376147,8654.3,17935.67,590.05,9828.25,2217.96281370071,12897.02562088937,539.117199391172,84.72500226586415,131.35426665582037,2301.28261186416,419.59064405870924,3421.8137557207306,1.5112346235885046
2016-05-05,1798.009644892591,4135.9842174484875,971.4598860149057,15485.05918456817,7769.416396773989,4319.46,7024.526592371116,8689.4,17923.9,601.48,9851.86,2212.133372924991,12816.82748356691,542.8649386084584,85.62945248349382,132.00392397302267,2310.9099641212533,422.97418819897126,3456.1229500147306,1.5112346235885046
2016-05-06,1803.7176676896097,4152.704953967558,977.3958790004384,15555.133713283647,7750.616815334978,4301.24,6984.10978692669,8702.1,17842.8,605.61,9869.95,2216.859169398317,12947.743687959242,542.7086870882293,85.63391142598809,131.82779505647406,2268.277744566137,411.22244029432994,3418.963723875052,1.5112346235885046
2016-05-09,1808.5654045506456,4173.073882104893,982.3860142317491,15554.695598699815,7739.286166308062,4322.81,7073.720846139939,8660.8,17685.8,610.07,9980.49,2183.9652305694917,12739.075362572295,536.1331435156939,86.90379432137566,131.50620387640905,2277.991750014127,399.49623897980644,3419.6895687383503,1.4967066232620403
2016-05-10,1832.9141751670768,4229.581428068941,992.6398170946183,15765.344706296164,7819.954274101359,4338.21,7153.096547372217,8775.2,17934.72,629.29,10045.44,2232.6056428557117,13425.474323298762,547.6857055277408,87.33044315231678,133.31071945919842,2288.5885325690642,399.87035675500664,3459.344750558451,1.4951544175873903
2016-05-11,1806.650914500744,4166.176599282401,975.531635599895,15499.361162159796,7793.714430251676,4316.67,7151.887557437606,8663.9,17698.08,619.06,9975.32,2213.5963369781625,13376.208282103607,547.2028329190643,86.68242959420063,133.8690298356817,2260.3495009946296,400.29837665839716,3468.4543869843114,1.4832098635965274
2016-05-12,1814.2832029533272,4163.953590577481,974.42207963435,15575.722949811023,7753.3214784707225,4293.27,7152.6984126984125,8663.1,17651.36,632.75,9862.12,2234.13030636157,13426.297141560224,549.6373836891079,87.43870905139829,134.2013866494679,2250.995772769401,400.2894484832953,3450.8232188274683,1.481954165979706
2016-05-13,1809.8779625044215,4171.984435797665,974.9204103289707,15507.003891050583,7796.900800203227,4319.99,7188.897959183673,8721.5,17729.45,622.71,9952.9,2210.3124452320217,12964.363472559375,547.5022210073122,87.06788183657079,133.63903590912793,2248.0067032227907,400.58978438208715,3425.3498312710917,1.4849354159274664
2016-05-16,1825.7520208489773,4218.790582622907,986.0947921727992,15646.194619903705,7826.208651399491,4312.28,7161.615613987531,8682.1,17737.02,620.5,9952.9,2212.4117255581205,13075.271965471113,554.7562771897373,87.33671550343718,133.42300368674796,2260.554453419433,404.1826691864285,3451.0358373313584,1.4871343394116183
2016-05-17,1809.448470920983,4168.048435566555,970.1962170761889,15494.060456072124,7884.653243847875,4297.57,7147.676731151691,8698.7,17498.88,626.37,9890.19,2219.1949547764366,12879.711191335742,555.5228377730604,87.68838050759715,134.86232588273404,2286.2662431746,403.4064414683078,3493.264493574596,1.4757055877148253
2016-05-18,1825.4702683426945,4224.944281002051,983.2843006151379,15625.060176517789,8024.728313919438,4319.3,7204.490422840621,8775.1,17713.62,628.29,9943.23,2202.387024873505,12632.371862937376,552.4008207934337,87.92255748366135,134.6603292747057,2263.9090618434275,400.61339823165696,3452.5800109581974,1.4741628055900855
2016-05-19,1820.976524145318,4206.489333214317,977.220387396233,15563.15272694814,7895.330637798356,4282.54,7130.81778018213,8674.7,17545.56,622.28,9795.89,2182.732432648493,12552.274718946392,549.3438767510822,86.65289937993661,135.12447745444214,2262.6887792324173,400.5604940964742,3434.3021192864744,1.4688466703888694
2016-05-20,1828.5103349964363,4249.429793300072,990.983606557377,15592.42694226657,7953.901808785529,4353.9,7186.646297627606,8771.2,17812.35,639.48,9916.02,2193.4144005160533,12584.37163863685,552.1402364451691,86.08486010459946,135.36902980547578,2279.111417255037,402.33940086523546,3443.2358523952003,1.4600991056502215
2016-05-23,1825.5102950352082,4247.954363133969,990.614136732329,15592.23638470452,7922.574398037571,4325.1,7235.337533753375,8714.0,17325.08,649.1,9842.29,2177.4010483603124,12307.067834243942,551.1291963377416,85.88579230405652,135.90044879640962,2277.2664566711883,404.6861594730008,3424.615136979686,1.4665071590900567
2016-05-24,1863.4413427879003,4363.216946414146,1019.0377883493402,15892.693654070548,8170.336311087756,4431.52,7333.911002798086,8918.1,17903.97,642.08,10057.31,2209.811723244243,12401.560713253497,557.7759540418548,86.24918986515605,134.63429760496143,2287.5238639050863,404.2844236376329,3414.1813610135064,1.4602949710229027
2016-05-25,1874.0833706857911,4388.068130883013,1022.8776333482743,16003.146571044374,8250.905737434952,4481.64,7391.502262443439,9125.0,18201.39,641.8,10205.21,2216.943677887763,12378.761194776605,565.4595524956972,88.3077403030838,136.29402196014638,2353.463516089895,403.019949254895,3467.140782807912,1.4806359036326562
2016-05-26,1867.1609790959442,4378.926210469895,1018.1793818116848,15926.648204395213,8211.86107470511,4512.64,7433.429681148947,9079.2,18216.92,645.4,10272.71,2228.4252952175175,12339.09606633003,565.3382889393627,89.76778108433474,136.50573777162853,2348.1796151433,402.49526560307356,3478.2041185204316,1.479661888344523
2016-05-27,1888.493027440396,4438.596491228071,1035.042735042735,16080.260908681961,8251.039473684212,4514.74,7503.800561035201,9107.3,18186.14,636.83,10286.31,2248.4186440116137,12219.341097340724,570.0355896479044,91.22884346638864,137.399224648031,2380.234474860755,404.76168935312745,3493.318255250404,1.4896625286521572
2016-05-30,1883.1561476696722,4426.053021127708,1032.1177051092272,16034.818104337684,8235.868137641188,4529.4,7490.570989050765,9116.9,18291.38,641.04,10333.23,2233.466757330918,12300.280097971487,566.5211262763434,91.09330124505705,137.78977960765317,2384.0324043845303,402.60246250706933,3484.770925961724,1.5013967333231568
2016-05-31,1883.7226015091628,4444.888609414301,1037.3607617678763,15978.440531800215,8103.511509949278,4505.62,7422.910832053483,9034.0,18025.25,646.97,10262.74,2211.165988295173,12058.239215881387,563.3151521388631,90.94224622796365,139.84323907663594,2406.9670496134877,416.5847900547209,3494.726617068971,1.4948748869460358
2016-06-01,1876.4122273864853,4426.394351090454,1039.5423668215944,15900.670361101178,7977.749146427882,4475.39,7417.11670895252,8916.9,17810.85,645.1,10204.44,2198.0643860150226,12165.419412487434,561.0989611809732,90.33716168896908,138.3350738353594,2391.2532178460156,414.5152783819052,3452.3432129191256,1.4961553263256389
2016-06-02,1887.9562371087798,4458.218993812214,1049.7533853466057,15997.273787104297,8000.530298131022,4466.0,7429.443186962426,8957.9,17767.3,639.19,10208.0,2185.441947732814,12452.974875500804,565.538019103701,91.310260684874,136.435190905721,2405.3251230959054,417.0019135562865,3422.293030794165,1.4883450669905607
2016-06-03,1846.6877804169967,4348.130553356207,1024.140054543855,15665.57578956629,7932.081497093951,4421.78,7348.845598845598,8801.6,17495.09,648.63,10103.26,2173.1822851137663,12636.55199960058,564.8007073867501,89.8752618617795,137.43686514163016,2378.503219066868,412.1905591477102,3447.666180521795,1.496894409937888
2016-06-06,1857.774450658329,4375.983090404685,1036.4789290589633,15782.57959399357,7978.379753274831,4423.38,7394.711581997645,8823.5,17625.0,639.11,10121.08,2163.5045980286886,12728.071171682757,572.260015117158,90.09254076933549,135.76278403275333,2382.0830265617037,412.0686185057965,3477.9704785077042,1.496894409937888
2016-06-07,1859.5967599929568,4368.506779362564,1038.8888888888891,15793.519985913013,8047.288558806581,4475.86,7485.904328018225,8894.5,17975.49,653.6,10287.68,2212.017260826862,12913.982427645127,579.5160732803319,90.9274356970886,136.75127111694277,2418.6476908683694,411.72952477927095,3527.5338237225797,1.4929827295734717
2016-06-08,1859.8560645954012,4366.01720203616,1043.4878005968055,15802.220466912411,8020.262186585212,4448.73,7449.469447493598,8831.4,17909.7,652.38,10217.03,2240.835424154065,13473.89999478052,576.2461113031455,91.088701215915,138.0715340442986,2408.4995702718597,409.7406817969053,3520.8320220298983,1.5345157798317928
2016-06-09,1869.4591728525982,4381.954754330152,1043.831742665253,15893.593142453163,7963.059033989268,4405.61,7393.216770413768,8769.5,17763.88,645.69,10088.87,2211.392401998174,13290.467338316543,575.450536476961,90.78622091394762,137.53948345573068,2423.215118726605,412.5990169012187,3521.7957307060756,1.535719163012306
2016-06-10,1863.0077326459873,4350.324415607502,1034.5124877788642,15878.89076526531,7750.297807628945,4306.72,7285.920544417878,8490.5,17120.16,618.67,9834.62,2155.348235861006,12848.43821086428,567.8056241092843,90.69732439348142,137.91941513666197,2399.4298648209488,414.98256093514016,3480.9291049665835,1.5429906470583739
2016-06-13,1841.1795961742826,4293.694651080411,1019.0400283386468,15703.577754162237,7640.255308392316,4227.02,7127.346826632475,8303.8,16621.87,594.58,9657.44,2111.9109138605545,12627.8183921783,562.1403436141585,89.43455240909445,133.5265483037426,2338.4088370078207,398.743629395549,3475.691200523389,1.512880884309019
2016-06-14,1851.6416845110637,4321.51142041399,1024.1077801570307,15769.825124910778,7460.835065180427,4130.33,7072.935185185185,8126.7,16271.35,593.45,9519.2,2100.173213698395,12469.124695629886,560.0956539821168,90.078504739117,133.34174128725775,2343.555877416833,402.3675329857237,3416.4556795797766,1.4887514909936435
2016-06-15,1839.861444177991,4294.280131450396,1020.7833733013589,15667.617017497112,7528.13525107242,4171.58,7100.776699029127,8250.8,16513.97,575.52,9606.71,2113.779392407037,12503.448275862069,556.8073179958045,90.89889436993711,133.36891048464793,2347.1657435121156,407.786796208211,3386.3317872298435,1.4980521358026568
2016-06-16,1851.0511313023335,4315.793693212186,1022.7952966328166,15796.454658827719,7528.441295546558,4153.01,7081.587978851683,8199.9,16351.9,556.48,9550.47,2126.6538731561523,12698.951426368545,554.9732106058524,90.24862208041615,131.88754539628283,2316.513395566602,406.34558992446046,3375.190371560686,1.47334455456007
2016-06-17,1836.676421033963,4256.752682451007,1015.0749312760487,15673.636605480182,7665.783945508944,4193.83,7133.644686950893,8362.0,16923.29,586.55,9631.36,2132.188854936469,12858.084026633094,556.9439191280129,90.46074355808399,132.85351728836656,2310.4347676676266,406.4599751001043,3387.1276735336564,1.485791651454302
2016-06-20,1841.3028106770373,4275.419833834188,1023.2455365034472,15737.024924871841,8060.283227231388,4340.76,7261.231617647059,8647.1,17353.45,586.55,9962.02,2168.7178367234214,13104.897799765655,562.4987057808455,90.16842533908728,135.77089888595967,2331.168130025858,406.35870076465136,3465.11848653637,1.4930776941222577
2016-06-21,1858.1213307240705,4308.628357943427,1026.3921010496351,15859.927059242127,8113.297283210633,4367.24,7346.556193297537,8667.3,17431.17,608.29,10015.54,2183.2019427715445,13239.527585712985,566.1438089950028,90.5806258536926,137.31728237791933,2363.4850026872805,406.70594587298376,3495.4993704022804,1.5064277899343543
2016-06-22,1846.021067540055,4278.410197397539,1017.0576259183855,15739.426396388424,8151.529748730633,4380.03,7362.523088289619,8702.0,17323.27,611.63,10071.06,2192.3326537058847,13147.129750982962,562.1833970846686,90.17359264512557,136.21365890881344,2376.1777980917554,409.302613517078,3499.847282626738,1.5283686039287274
2016-06-23,1855.661412828731,4311.401852746192,1029.3014883435046,15815.138077885587,8280.768225764306,4465.9,7387.707182320442,8885.3,17966.17,617.69,10257.03,2223.306163077424,13559.096407721034,567.2654690618763,90.19144255817976,134.31779643492285,2370.351775917491,404.1229557439423,3528.807511109626,1.5163873114734077
2016-06-24,1832.6976702347758,4234.937483133939,1014.2484483223892,15652.37923900333,7553.916200086138,4106.73,7202.658981033843,7787.7,15723.81,534.78,9557.16,2132.7898148733298,13358.730920482569,559.2018811812711,89.78099331027603,131.56777684895948,2348.7348632840803,405.8411046736717,3432.470714597389,1.472740485752534
2016-06-27,1814.3841828405587,4166.914565572283,988.255033557047,15545.292943950662,7178.496430071398,3984.72,7051.522748375116,7645.5,15103.58,519.33,9268.66,2094.2338378244426,13167.782130299343,552.5901252558898,90.85859207639383,136.14842812041442,2374.4724809682284,413.3703382953624,3417.29994013171,1.4906200440954627
2016-06-28,1839.8680703022637,4239.70541725026,1000.5873582433471,15731.91162517508,7402.9658207245775,4088.85,7176.036185728793,7835.0,15601.62,538.65,9447.28,2146.034558638964,13681.123893684255,559.1451568137662,91.2468849293978,134.74446007738302,2352.432318968181,414.37781190958395,3406.9517324253957,1.4857085855911851
2016-06-29,1861.3662921348314,4295.955056179775,1017.1865168539324,15905.33033707865,7675.669804489501,4195.32,7334.95127780842,8105.3,15946.93,541.88,9612.27,2210.787481480077,14228.458641372577,567.489054138578,92.08679923097436,136.07963634774245,2372.0591734520362,415.6054121407482,3444.3369055592766,1.502430632886117
2016-06-30,1889.928413848994,4360.605105578317,1037.2518121651435,16145.144297870427,7796.152463142755,4237.48,7404.810266826701,8163.3,16197.78,542.12,9680.09,2264.2654195589935,14438.57146860201,569.6718456071901,93.11954651026508,135.78519745445035,2412.7037720305843,415.3456589462278,3510.447410786155,1.520918564260903
2016-07-01,1888.4249281609195,4366.531968390805,1038.7661637931035,16118.3279454023,7833.547695605573,4273.96,7457.304925290536,8268.9,16295.78,544.76,9776.12,2260.8789456175023,14494.079778009018,568.4243456498315,93.92689752587326,137.36077778750985,2407.6056941397133,414.13718664831754,3533.305273082362,1.5526422700709395
2016-07-04,1885.0394406597345,4358.703836500537,1036.9039082108284,16089.431695948368,7771.071130704157,4234.86,7446.815787041316,8255.9,16012.31,539.81,9709.09,2248.5364249981385,14412.83671706856,578.596601416658,94.24031825452259,137.88227068129177,2436.9843198518774,420.73109226744845,3569.3684744044604,1.5619398019491957
2016-07-05,1885.6536655832433,4354.369808595161,1028.755868544601,16107.457565908271,7695.908289241623,4163.42,7341.162876687003,8067.6,15780.16,527.16,9532.61,2198.2785917844494,14173.073978894417,574.938267311237,94.40339703784514,139.07277891186652,2407.5274680651114,425.3625108131488,3522.0803718799475,1.554618894340448
2016-07-06,1891.7338618856704,4377.818820667598,1033.6771926663362,16143.628091355466,7530.249898060232,4085.3,7297.616187748314,7926.2,15423.79,529.65,9373.26,2178.8787309386134,14042.5048362441,574.3509540193932,94.23621144728665,136.74467612146,2385.8226286166614,425.1544643217704,3521.254022560211,1.531246324999412
2016-07-07,1896.3210702341137,4408.216577781795,1039.2841001536653,16176.335532857272,7624.47050586382,4117.85,7359.295878765477,8008.2,15436.16,531.64,9418.78,2178.9907717416086,13960.666165655699,570.56656239138,94.41712305370481,137.00663677130044,2410.3458912680353,427.2645357686453,3536.678392639697,1.5264842795502698
2016-07-08,1926.726672395857,4483.929621421141,1065.050431950789,16415.704011940838,7724.160562554938,4190.68,7404.827268539843,8185.9,16066.38,537.1,9629.66,2236.338908012177,14564.69330702187,573.7161482714379,94.846593213443,135.91524966261807,2402.1177803605947,423.06329336498345,3580.841377421784,1.5347749945273166
2016-07-11,1932.6822210164587,4511.340206185568,1076.1710978477122,16483.025863628143,7852.94947121034,4264.53,7475.695339841591,8305.1,16260.64,548.09,9833.41,2261.298261971594,14745.012364908256,575.2077514568464,96.32632442315501,138.18455313159745,2436.6350036175227,423.53224085056945,3635.0090243487143,1.5526492496525446
2016-07-12,1945.96500745965,4541.633889416339,1090.3657489036577,16589.963379899633,7999.389331257858,4331.38,7448.893157702159,8506.0,16721.0,551.92,9964.07,2289.1022784191073,14884.343794579174,583.6522462562397,97.09941748453154,139.00725451247948,2471.513493056971,431.53963661926133,3689.328049620951,1.5684904530846306
2016-07-13,1940.8746618575292,4513.733092876465,1083.101893597836,16566.38412984671,7907.533637602986,4335.26,7452.933638443936,8473.9,16527.89,559.72,9930.71,2271.4416781739315,15084.48128194502,585.7912107000175,96.56765077903829,140.0649782111576,2475.7756258418094,432.094914431363,3696.471274223975,1.5774219173987933
2016-07-14,1945.818345323741,4527.03237410072,1081.0881294964029,16642.455035971223,7984.246205531226,4385.52,7492.914107617564,8552.3,16797.52,562.84,10068.3,2278.139352125401,15346.131717976377,589.3062676572146,97.07232854565176,139.88296056001366,2503.7664969314114,430.17007306144967,3713.9558026216455,1.5796315081742904
2016-07-15,1958.8075389633925,4557.439289597681,1092.1620152229068,16778.31641899239,7972.314864622556,4372.51,7496.5625,8531.0,16748.59,557.36,10066.9,2273.3045269552463,15344.415455336066,589.4233120262671,97.09533894618411,142.5854543883151,2523.0060456393353,433.1420946394462,3728.2013252308852,1.5899335576976128
2016-07-18,1956.7364999096985,4565.450605020769,1090.7621455661913,16735.64204442839,8015.107439995211,4357.74,7493.894040951244,8524.4,16762.73,555.26,10063.13,2307.2189564239056,15678.734802642535,590.5336588768748,96.33520618544574,140.33557332425994,2540.896642543323,429.13132782458194,3741.750068549493,1.6137508683120014
2016-07-19,1963.1464344039196,4569.379422972237,1089.1399020141534,16838.1509707857,7966.894664842681,4330.13,7477.396755162242,8485.2,16673.77,563.75,9981.24,2307.94396854643,15832.582167490435,589.5474025295285,96.90810235156654,142.9709327177909,2537.8305747624427,430.68909453032904,3711.110354687181,1.6025250879966948
2016-07-20,1972.7825692237857,4620.907852927826,1098.266000907853,16881.55242850658,8069.7847334652515,4379.76,7550.3638205765865,8575.5,16763.82,569.74,10142.01,2309.294051478441,15760.561026226722,589.1399568935549,97.61073124104122,141.74432832016313,2562.8614595411264,430.9182861920591,3726.220638153428,1.606635524448767
2016-07-21,1963.873015873016,4602.176870748299,1091.9365079365077,16795.673469387755,8041.63716017524,4376.25,7526.168138337012,8583.6,16805.4,568.65,10156.21,2313.3403078149354,15700.381134533562,587.7395432650657,97.06968568233167,144.0958340476599,2579.265511884874,432.2506878630388,3748.2711726107505,1.6016906655204528
2016-07-22,1981.7138171381716,4646.858913033575,1105.08860644162,16920.286091749807,8039.753927014275,4381.1,7552.746543778801,8599.9,16778.67,571.57,10147.46,2335.2039613298753,15952.669875741632,590.2064896755162,98.05933870434964,142.81511702812972,2579.31313890471,430.19424097338737,3739.879604122028,1.5987180608682512
2016-07-25,1972.4213207203932,4636.738220847736,1100.4366017827906,16821.0478442787,8020.235462857825,4388.0,7564.303517031293,8575.7,16692.17,564.75,10198.24,2282.9202912696132,15742.662588404633,581.2444077362517,98.57370420249975,142.90877042132416,2583.800612073472,429.964997820876,3759.5971056833237,1.6166459128339024
2016-07-26,1974.2252559726962,4650.784982935154,1107.4948805460751,16813.424345847554,8036.369068961396,4394.77,7550.660792951544,8560.2,16697.01,566.0,10247.76,2274.746661948516,15771.233751805355,584.8516218081436,98.28448454190044,142.47360640055658,2597.340422410404,435.5526606555812,3781.135541140321,1.6224301159598902
2016-07-27,1959.198806348058,4647.8365058552245,1102.256183026631,16704.046660939548,8070.3329547492385,4446.96,7534.210043988271,8661.4,16863.01,569.16,10319.55,2248.4950255268072,15752.6363913441,580.3421440570469,98.39215982618552,142.97816481489423,2606.3178515082022,424.6295781617532,3752.5425910245553,1.618835586323775
2016-07-28,1959.333664394384,4654.399349916482,1099.1196785698162,16664.123515868356,7989.372956909361,4420.58,7438.954236353611,8479.2,16522.64,562.84,10274.93,2238.2430264394807,15555.496994153009,581.2092512524879,98.87563867297051,141.328987434061,2579.4164005746425,425.24066637725207,3764.093618750847,1.6109516977522715
2016-07-29,1945.3170447934845,4619.975835682641,1091.815456213362,16496.39772676422,7959.318222169616,4439.81,7523.095436452837,8587.2,16846.86,571.33,10337.5,2226.8101998469033,15795.000344518705,581.7258186311525,98.41969357659471,145.26801683324567,2522.7593041814794,420.53286231468803,3781.728252371078,1.6172084927529256
2016-08-01,1944.761478163494,4644.300111982083,1092.1567749160133,16487.802911534152,7902.662180508825,4409.17,7525.185185185184,8513.4,16554.83,569.6,10330.52,2222.544895110208,15573.416748984744,578.4892651124688,98.42286567642277,145.5447944006999,2552.5867140368887,416.8887240856228,3772.332984505283,1.6187282167438968
2016-08-02,1921.2024048096196,4576.023157425963,1070.8973502560677,16311.529726118906,7906.013919457497,4327.99,7403.419277331114,8277.3,16098.37,551.64,10144.34,2189.792460941211,15357.710660523113,570.8016304347826,97.65156948281317,144.69853460451978,2540.4110965060813,418.03983496176437,3755.4038024875454,1.6279742946759015
2016-08-03,1940.7928962238766,4627.984572607408,1087.7477800699614,16463.359942595747,7931.141661685593,4321.08,7378.50036845984,8263.5,16129.84,551.61,10170.21,2225.2305532041837,15812.092417652439,578.7074853279336,97.16444560970609,142.49864882824616,2507.684854077748,421.54612623452823,3720.451296712273,1.6032196360830706
2016-08-04,1944.5193171608266,4641.734052111411,1090.5300988319857,16488.814016172506,7938.47241034097,4345.63,7455.613986530123,8385.5,16236.41,556.62,10227.86,2230.6816102796342,16204.687478018655,581.2238981120354,97.43601944916263,144.3019219672422,2526.9369661334754,422.38077844068346,3753.2533671476062,1.6103301127214171
2016-08-05,1969.1218258084887,4709.864237066438,1110.7302331874973,16727.73442785621,8011.167452830189,4410.55,7544.738053586226,8539.4,16626.28,562.76,10367.21,2269.6817098208126,16429.313464305556,582.3531426614146,99.38297800666795,144.01674566960529,2579.355687813741,422.2878283789919,3778.9352122357795,1.6278173047448492
2016-08-08,1966.0942077980615,4699.697994140185,1109.235970250169,16704.340770791074,8004.149523921477,4415.46,7500.541731705078,8562.5,16743.82,560.39,10432.36,2301.444359041383,16365.56541492156,586.9449013157895,99.82961443174338,146.52677432129187,2618.8367327931446,425.62486889561046,3819.7268588770867,1.648128012463688
2016-08-09,1962.0846261072888,4699.3839651063445,1107.7296641036019,16667.161293223617,8011.810793428055,4468.07,7540.241891148984,8665.4,16796.14,562.4,10692.9,2323.382815198113,16493.291401615326,590.1340372287546,99.23865906026496,147.96972639011477,2606.4913970136095,427.98819046589557,3831.060130403284,1.657284647383657
2016-08-10,1946.485930300183,4656.717219165213,1094.5018565740615,16548.704871829283,7993.504074505239,4452.01,7525.577557755776,8658.9,16791.55,567.28,10650.89,2322.0576947367394,16285.594117478755,588.4956661756141,97.52047607124247,147.83674911660776,2597.8332553721066,425.9644960843252,3820.8773864497894,1.6613499524664626
2016-08-11,1962.6380533357278,4694.621531830834,1103.636526892341,16713.226182993625,8043.634037108125,4503.95,7641.282122133185,8719.5,16969.69,572.33,10742.84,2381.1844757369354,16645.13062098501,594.8230577826929,98.05620082004188,147.38755559469814,2604.356250648767,425.85785509131307,3807.68863848467,1.6711392425713099
2016-08-12,1956.858704417167,4688.549413135024,1101.890511602903,16644.0910312696,8007.896717420251,4500.19,7623.41696535245,8716.4,16997.83,576.12,10713.43,2372.9483081346425,16361.480712291093,593.3845408622241,98.39146572734096,149.64772476009375,2625.804889019601,431.25362896147567,3789.5923261390885,1.675508052852205
2016-08-15,1958.288626609442,4704.953505007153,1110.3898426323317,16663.134835479254,7993.539471411297,4497.86,7631.425158504089,8720.6,16997.83,576.12,10739.21,2408.5043451594875,16598.18712465623,594.4500190304834,98.26962408205107,148.96516402490175,2640.290826195081,440.7098646946706,3801.0024013722127,1.675508052852205
2016-08-16,1931.3264763255897,4634.784536265295,1091.6208547614826,16449.742862209612,7973.998033659128,4460.44,7571.843317972351,8621.7,16792.96,572.43,10676.65,2373.5694730594832,16292.837072819631,588.9352314639275,97.31662391577291,146.69651301542405,2623.7341319148204,435.6968699399147,3774.1633975780314,1.6624802110817942
2016-08-17,1933.1354918722593,4631.846569517651,1087.5492758116668,16453.860123134164,7925.0722125938755,4417.68,7513.638039071139,8487.0,16528.36,567.49,10537.67,2357.2862569020294,16404.111823913285,589.1934760870315,97.25247846967524,147.9427511264246,2607.670972796468,434.66952411472516,3753.464889973892,1.6550861252156168
2016-08-18,1926.2110269508544,4615.245728377664,1089.3517703012155,16379.866126475254,7966.320672658742,4437.06,7548.83399391649,8550.1,16673.58,572.25,10603.03,2345.5507168546433,16086.681439388789,588.1692275890581,97.39496158786444,145.3664579843047,2621.1530579716746,431.6049169549943,3728.4251142325265,1.651497256168599
2016-08-19,1928.1917711460355,4625.092707045736,1091.974218612043,16380.513861910647,7918.436850611868,4400.52,7478.862611576332,8450.6,16310.06,561.32,10544.36,2340.6577642683437,16286.97569310478,585.602085262544,97.28896431597981,145.7653070214078,2612.424758401148,431.8010444106776,3722.1713362068967,1.6377987877243148
2016-08-22,1928.3827362282984,4633.652869196449,1095.3218182621372,16370.914873879045,7927.257952170884,4389.94,7488.388103543236,8468.0,16369.14,566.01,10494.35,2332.843836738716,15945.810795893585,585.7298846652562,96.81210947887692,146.15585787874784,2618.025032870584,429.00332777596964,3711.967020023558,1.6183215785719944
2016-08-23,1934.2826817618964,4652.467716256855,1104.3516716787547,16404.82929418008,8018.808008872803,4421.45,7538.244485294118,8580.9,16778.05,567.9,10592.88,2270.626820595023,15869.377205218676,589.189929782497,96.98172495339767,145.58206847864454,2620.0947834903563,430.85464620630864,3741.4241444354625,1.609542952709228
2016-08-24,1931.4067563368403,4632.387801305101,1098.4596262263062,16408.292271496426,8030.756578947369,4435.47,7532.454528752526,8655.5,16891.63,567.94,10622.97,2296.5748795640015,15886.019404114773,585.8099522648441,97.62971547183741,146.7034958235736,2616.2668455113985,430.71129539757885,3759.156471781007,1.617615399227506
2016-08-25,1925.4364973854467,4619.5160861473005,1098.998493308517,16350.62483382079,7969.719997661775,4406.61,7455.384615384615,8599.5,16710.78,565.83,10529.59,2305.5666552773864,15805.837976971208,584.8280119345656,97.11778692546817,145.96385276614504,2607.7357854371094,427.50061554637233,3741.487307588441,1.6168993573305475
2016-08-26,1936.9887479907127,4660.582246829791,1105.5813538131808,16427.397749598145,8021.173020527858,4441.87,7476.038806516565,8659.5,16843.99,565.34,10587.77,2274.1097669988485,15783.482600669991,585.9487672549963,97.56390648106735,143.46466152227288,2618.517439036238,430.20686239735517,3725.6613077546613,1.6133502256710746
2016-08-29,1948.6817409956209,4676.316024667084,1112.646349092859,16536.768254535706,8007.553135429475,4424.25,7490.472267984624,8616.4,16655.22,561.69,10544.44,2284.07728769445,16218.492999059165,588.3403758287815,98.02502235833107,146.77502521155787,2635.0000288655274,430.1297554120521,3700.04059127964,1.6291905151267374
2016-08-30,1952.9031679081036,4687.238625145831,1118.2177151574979,16561.338957192856,8007.501760976756,4457.49,7522.8443551333585,8685.4,16891.42,564.37,10657.64,2274.0493002781327,16214.873562263836,587.5299760191847,99.73321626014136,145.77382664400577,2660.4682614450107,432.34338061465724,3693.311535090676,1.620654859803431
2016-08-31,1945.6443807133896,4672.181394515147,1111.2296110414054,16491.19913963076,7983.882740758182,4438.22,7494.636330409356,8716.8,16943.38,577.39,10592.69,2267.9438802039854,16097.27963969474,582.1998837487606,100.238081612341,146.31893601351646,2659.6535498694884,433.3661147932487,3658.8531214223176,1.6318322171873123
2016-09-01,1938.614038221111,4667.985354527595,1107.1619932130739,16448.740846579745,7993.80258324446,4439.67,7420.614234940309,8762.8,16923.28,578.87,10534.31,2265.52725062612,15964.108608944749,583.2310838445808,99.918789361315,146.41961852861036,2667.504304313527,429.2806704015315,3652.624017805955,1.6302058689079404
2016-09-02,1954.0874865543205,4705.898171387594,1122.1136608103263,16575.797776980995,8215.192135835567,4542.17,7580.241272162309,8908.9,17183.9,582.13,10683.82,2305.4978232174694,16408.33126909421,594.1588221095824,100.71066864047533,145.89845702956643,2687.244461897392,430.8537117171514,3647.027559055118,1.627029486422197
2016-09-05,1955.5774837407494,4709.486431935412,1122.969275622337,16588.436869253197,8211.781557743958,4541.08,7605.353710991123,8953.3,17190.44,578.27,10672.22,2312.052072872639,16276.957549425477,597.9111003157639,101.28017767715207,147.78064012490242,2736.1555415434987,432.15950549265966,3693.5904761904762,1.6519361383081945
2016-09-06,1942.588068055617,4687.406156989916,1113.5622584514235,16470.27675358713,8150.507462686566,4529.96,7599.835270431042,8899.5,17052.57,578.49,10687.14,2315.676416819013,16719.341563786005,595.662850620828,102.0757584698014,148.76533855867623,2729.0559803589763,430.61461064455597,3697.9630451859693,1.6728837295901435
2016-09-07,1945.1552629237476,4701.423614200552,1121.994839398523,16483.797490879973,8125.05785320121,4557.66,7636.738252569751,9015.3,17292.84,575.06,10752.98,2293.6715672255345,16751.24737084036,594.1521679094174,101.81674714225493,148.749147503716,2723.090598369023,432.14881274240815,3702.1806640958266,1.659220394630959
2016-09-08,1937.0393393126722,4670.5265962170315,1117.449604830832,16410.540804546665,8098.1167719463965,4542.2,7608.381370665204,9101.1,17375.73,566.58,10675.29,2255.65770038556,16665.048073597565,590.6625472021971,101.8583992928956,146.94367905727407,2735.139276403055,431.8643232150947,3655.9413501680074,1.6794541060049968
2016-09-09,1894.333407522813,4563.463164923213,1085.4306699310036,16101.001557979078,8004.429221047658,4491.4,7547.839985386792,9025.5,17156.48,566.8,10573.44,2187.045642094837,15773.869647397978,577.5859716157205,100.81940929153633,147.08071087993062,2771.1315786447735,429.67351455119916,3584.6654805465105,1.654209248902129
2016-09-12,1921.8800071212393,4639.389353747552,1100.1157201353035,16312.150614206872,7955.951320866726,4439.8,7508.646719736482,8866.6,16840.28,557.25,10431.77,2210.5297024362644,16066.835783238263,579.9590443686006,98.97486351296963,145.7104653703299,2675.650370778836,421.540552605454,3515.358970905172,1.6121558500433097
2016-09-13,1895.7397504456326,4594.696969696969,1080.4991087344026,16102.272727272724,7838.689951196566,4387.18,7468.917313841936,8724.2,16547.75,556.96,10386.6,2155.9575387418104,15288.373782489372,564.6418183048097,98.50457196615396,145.38773736583673,2661.640498260216,422.32606549064616,3465.152039390512,1.6017945842012495
2016-09-14,1889.5733333333333,4598.906666666667,1076.9688888888888,16030.906666666666,7850.9529411764715,4370.26,7457.198976795176,8702.4,16539.9,556.13,10378.4,2110.734834830957,15173.77406658866,563.1041799993263,99.20900470125967,144.18328560270766,2657.374325361812,418.6821266591631,3470.896657039471,1.6017945842012495
2016-09-15,1909.6940590537176,4668.88118107435,1091.2664532194947,16197.509782995374,7924.526080301425,4373.22,7484.993141289438,8720.5,16595.43,551.93,10431.2,2111.1273542382382,15596.20527598605,571.2934180294634,99.26790105077718,142.91323286000522,2674.888095415494,418.9248587269432,3501.9943191311613,1.6017945842012495
2016-09-16,1917.6692066337964,4701.541909457643,1097.965038099507,16247.243388614972,7819.472120258696,4332.45,7440.007320644217,8633.4,16192.16,559.5,10276.17,2099.722737111437,15682.32983034549,572.064461407973,100.06602611593415,144.7346563280326,2694.220877807732,422.1543689059604,3555.90278943305,1.6017945842012495
2016-09-19,1914.3726507964918,4685.009844281367,1103.0338285305172,16216.368355110075,7944.904384328359,4394.19,7480.567725447243,8715.5,16399.26,557.47,10373.87,2084.8018346930976,15679.784558180227,572.5381226702813,100.39385190327704,145.02054253357915,2714.671046943892,425.08850329455026,3569.823354908306,1.624397634051606
2016-09-20,1918.2930655789144,4698.865928549016,1101.1968263929355,16253.494105517952,7954.340611353711,4388.6,7533.18701417467,8686.1,16207.1,560.59,10393.86,2096.73716520584,15883.480055020635,574.9507171504316,100.24673716852142,145.37573273392397,2715.6528061489457,425.21637474049135,3593.4453553763806,1.617850011979874
2016-09-21,1933.2558763070872,4732.487264277415,1112.7357225846813,16349.718473500761,7957.585283502155,4409.55,7559.704098511303,8758.5,16349.82,562.12,10436.49,2124.7329889392454,16272.741712995861,583.9683460108469,100.31799086435362,149.74714896650036,2739.6985971572763,424.2833605700967,3638.290406105206,1.6303571428571428
2016-09-22,1942.6098594691055,4764.238233325898,1127.316529109971,16410.8498773143,8065.1146507964295,4509.82,7641.307947019867,8934.9,16637.69,572.15,10674.18,2182.321824241738,16343.004363183045,589.0127933228433,101.40730845519079,148.85196829473497,2725.1696076800877,426.3531270290714,3665.941134340575,1.640442424048404
2016-09-23,1928.2825583466952,4726.305006235524,1117.6019953678958,16267.103153393908,7985.010978851266,4488.69,7593.9875160638885,8823.6,16452.84,574.05,10626.97,2150.609576323637,16112.933554771675,579.0766108574327,100.88677184946377,147.77525909592063,2721.9425307829765,424.17702329992056,3686.9845903197333,1.661022294461561
2016-09-26,1907.0511396454435,4671.870973474918,1102.7147109788066,16079.290887279514,7861.224489795919,4407.85,7491.5588586108815,8711.4,16192.48,563.59,10393.71,2112.573315766014,15920.77939885915,572.1149000503948,99.77991902007885,146.52225125094097,2668.4274671137327,415.6977542087766,3685.5655832258935,1.6502164432370556
2016-09-27,1925.929558626839,4730.905037895676,1111.350869371378,16253.499777084264,7904.8653042266615,4398.68,7511.411245865491,8688.2,16134.71,562.4,10361.48,2194.9811228783356,16093.968463998235,573.4153263954588,100.27367205991403,148.10412782956058,2714.7027830082748,419.54856562307833,3695.70398222526,1.6563912732762154
2016-09-28,1935.9575606276746,4741.931169757489,1119.534593437946,16350.971825962912,7950.5281485780615,4432.45,7548.273645546373,8740.4,16222.21,563.15,10438.34,2211.5395857105436,16451.83973834832,585.1606966361065,100.98473781764204,145.83410832115499,2721.7849734961974,417.744178125647,3712.0455402763964,1.6584219199327925
2016-09-29,1916.7156731711664,4694.9567851733045,1102.8691080816182,16166.310255724851,7996.094065984861,4443.84,7514.219972388402,8796.3,16338.78,568.24,10405.54,2175.5263682699997,15950.841272227764,583.058201416901,97.84613372093436,147.23681425295464,2725.8235638584933,419.45807969101855,3722.577309066168,1.6825154122680024
2016-09-30,1928.8942264923046,4725.558224357263,1113.4685526198737,16286.940663642024,7964.594516594518,4448.26,7473.838383838384,8779.4,16401.0,565.53,10511.02,2168.1684575723993,15925.739778168869,581.6980620680309,98.84132951041785,144.39817415730337,2672.8716233658206,419.38076284577073,3706.2234949205704,1.6610556603160156
2016-10-03,1927.7495317099276,4728.275800553029,1111.2122023013112,16282.089019712781,7999.908356721462,4453.56,7487.914909224281,8751.6,16273.95,569.72,10511.02,2201.479463711748,16520.220598449698,582.1673805153306,100.9628836628781,145.66625713032028,2710.5736188210412,420.5049802794304,3750.0937778082002,1.6610556603160156
2016-10-04,1919.3092061225398,4721.013878352447,1106.5018519344906,16215.315275112678,8036.283085311826,4503.09,7519.395212863146,8769.0,16308.02,579.18,10619.61,2212.4098178740132,16255.76451573137,574.0774564518856,101.40060215097954,145.15503707879787,2737.397735151375,420.7299846164136,3730.234329830289,1.6629520826757953
2016-10-05,1927.3838739904513,4744.116728392308,1114.0689839810807,16314.345633840527,8001.422070534698,4489.95,7489.015809193091,8778.3,16476.58,575.37,10585.78,2236.4583052661606,16698.353841037577,578.1916694886556,101.41778911565521,145.01219985342934,2737.923335002216,420.70747334769055,3708.839993198435,1.6582662918807147
2016-10-06,1937.736525872119,4759.0799031477,1117.603802349565,16382.835620123757,7918.506787330317,4480.1,7464.997715851987,8757.4,16491.62,574.22,10568.8,2235.110303886952,16837.203620412016,578.8937902952155,101.34285389750596,145.81388325639585,2764.5846919165983,422.7829605333907,3729.8234753919937,1.6544238394680981
2016-10-07,1922.810463351486,4724.935273636282,1103.97285956611,16284.697794839745,7820.148756660747,4449.91,7421.750251210377,8624.3,16405.27,577.3,10490.86,2202.369659913176,16940.83499667332,571.332661967103,100.89967762967737,146.25972674040338,2751.122568441207,420.8763666046649,3698.5536952477587,1.6582427697127264
2016-10-10,1942.5929251212067,4784.225175076316,1122.9664212605496,16456.311725623993,7877.795660136522,4497.26,7448.250091141087,8701.5,16632.45,583.27,10624.08,2289.2724504460916,17267.270538164306,579.9175440389793,101.71191729159206,146.1076303132718,2755.6518323397568,427.0952715590804,3739.409253884241,1.6465888531309543
2016-10-11,1932.9925818708161,4746.508051384115,1110.5663108377057,16400.09046499005,7754.008114924882,4471.74,7446.361556064073,8693.2,16474.06,585.3,10577.16,2297.6035525610596,17276.12077629772,580.5586820832907,101.96040396912436,148.78531789381688,2744.155586888379,431.8239687773367,3737.2896845694804,1.6414595922060295
2016-10-12,1943.2957848837207,4759.284156976744,1114.8528343023256,16482.739825581397,7788.877799955643,4452.24,7398.954607977992,8686.5,16470.28,586.24,10523.07,2301.720365334444,17308.9534669333,584.5501197399932,102.42017250988324,146.79218967921898,2740.1343900354705,432.8435169975597,3760.165527662351,1.6459852537695152
2016-10-13,1928.7749287749289,4715.172070727626,1099.5794329127662,16369.502102835435,7734.138771890934,4405.17,7340.732244448522,8608.7,16269.26,576.58,10414.07,2281.387176284278,17393.374882609067,586.8778280542987,100.450010493952,146.30824247710424,2691.783103381778,430.8236591087837,3721.3179064115284,1.6292571724210407
2016-10-14,1944.198341081032,4752.675234709689,1105.1043660559658,16533.02342539422,7791.101977338369,4470.92,7435.579044117647,8767.9,16591.37,589.29,10580.38,2287.192113502654,17565.96706765634,591.107103218646,101.64339828897748,147.45545204041463,2721.356619111205,434.4448809298041,3774.5500642517277,1.6182833552020994
2016-10-17,1933.2696940770034,4727.3239692713305,1100.1772807854902,16442.93831537797,7695.558263181213,4450.23,7351.796379674723,8740.7,16630.34,586.06,10503.57,2297.896048853519,17800.017034565975,590.5309458663803,100.51794468785938,147.8834441722086,2701.178374195364,429.65807121942,3737.2078507524798,1.6312753427302569
2016-10-18,1948.5451482172944,4775.593096853513,1108.601611948454,16540.17576613087,7839.25191780055,4508.91,7422.9545872403005,8865.3,16966.61,593.83,10631.55,2354.1744554994216,18215.941966899427,598.6939456042238,102.52107495607132,148.73836036825952,2747.3843678619874,436.2031370323835,3777.2725051485218,1.6264108532074992
2016-10-19,1954.0620585957079,4780.98145532419,1114.1750580945004,16587.797876702964,7862.411823983876,4520.3,7461.080383480827,8950.1,17044.34,593.02,10645.68,2386.899584813067,18256.870157685174,602.2791230934928,102.65763092226625,149.74374559548977,2739.1348295457883,436.7857239457954,3824.754767433678,1.6421979224499321
2016-10-20,1959.1399817017386,4795.818847209515,1116.0018298261666,16616.97163769442,7876.807532787803,4540.12,7447.4111675126915,9061.2,17141.38,595.9,10701.39,2372.579096209024,18581.010871305283,599.6473150997545,103.20774481628321,151.6875687568757,2757.536969639771,438.01984361118457,3797.593245176372,1.6555114756492322
2016-10-21,1967.2546857772877,4830.3932377802275,1119.1657478868062,16671.912899669238,7892.602585722317,4536.07,7424.561079282942,9100.4,17166.76,594.0,10710.73,2393.1546200976272,18692.309710903446,601.1917883714522,103.5353928076989,152.05583329646507,2771.7775406142537,439.4266006775427,3795.5658069476476,1.6552813489769498
2016-10-24,1976.7802995497564,4879.013139759258,1126.941100799412,16744.491408618946,7857.833764480934,4552.58,7394.411547002221,9216.2,17305.77,593.13,10761.17,2398.6981096191107,18840.86704607285,603.6659173439391,103.80577952839157,152.01922907294698,2795.4333357019354,444.2603494113179,3782.6856903063367,1.659136944791042
2016-10-25,1968.3688464364436,4852.498163115356,1116.9177075679647,16687.426524614253,7855.420607824482,4540.84,7329.577594971808,9139.7,17230.03,588.95,10757.31,2384.4090233019333,18829.86658804452,598.30770818285,103.6793507021875,153.0180200026435,2797.4607508532426,444.12116451204395,3822.4791066788403,1.6516300073778
2016-10-26,1961.1605096709138,4812.787606563388,1104.3633696947475,16682.858190484923,7811.057476425684,4534.59,7279.138614774509,9173.3,17280.74,589.46,10709.68,2344.8004571350093,18627.620826523464,594.8825101048161,102.50461601345762,152.60015793629904,2754.505733281374,441.70564464269995,3758.4916377406116,1.6273464077638522
2016-10-27,1957.4561806001652,4786.610993851519,1091.9977975589613,16674.02037257961,7797.946313968412,4533.57,7307.626337144965,9197.2,17426.46,588.67,10717.08,2343.5086581098667,18599.053394896437,597.5459281601317,102.25210767215425,151.09966444415392,2732.1242972551613,440.71505856257954,3688.7315408191694,1.6384461587029193
2016-10-28,1935.3872758714845,4723.855465550197,1080.9229088923273,16529.707836534086,7758.966396806033,4548.58,7284.976050110538,9201.3,17324.23,588.67,10696.19,2303.5310714131483,18253.655975021287,590.0482304191291,102.14193714164966,151.65516342141862,2708.596073063671,436.37676975852736,3654.989796977138,1.6254708780063751
2016-10-31,1936.2079956288133,4725.553228303433,1084.9558328021128,16521.655586922865,7754.050287116017,4509.26,7221.162361623616,9143.3,17125.05,591.13,10665.01,2317.6609280244697,18538.20741248358,589.7117245594377,102.34010423359346,151.39026933101653,2697.9113853320555,436.29460385726765,3685.062887633831,1.597427494153396
2016-11-01,1910.108090995432,4661.55307313102,1065.478720998598,16315.046809280446,7659.7530590775705,4470.28,7179.113865507355,9040.7,16898.28,582.45,10526.16,2229.5424337547015,17696.85054773083,585.8682068429763,101.74508892135862,151.4820443788267,2702.7077203306712,437.02327322309407,3661.9844950508755,1.598494983277592
2016-11-02,1890.6321813184336,4601.063398368854,1047.645654035056,16184.959221376108,7589.578136260324,4414.67,7138.602020951145,8873.4,16474.52,581.56,10370.93,2201.1173262344123,17634.510797677558,577.1055553686193,99.77330121954938,149.45858955907366,2645.462452884894,433.22064638301566,3609.9357956506738,1.567638647939986
2016-11-03,1880.7437756066813,4554.86920895052,1041.7270721714467,16145.765611633877,7619.085553997195,4411.68,7065.785093397448,8879.9,16419.9,578.23,10325.88,2192.2628998628775,17148.29975423152,575.648608683963,99.19296883449563,149.8179592550494,2636.3452520004876,436.08410039334706,3615.0473884469047,1.5563488016318205
2016-11-04,1872.1314419105765,4530.768540132879,1044.568145088885,16060.58538337224,7520.939378616777,4377.46,7051.634472511144,8791.6,16318.6,573.92,10259.13,2203.4594855789487,17098.07780383884,570.4546976495011,97.7742567832202,147.11826646941086,2624.6379079512453,434.7134117584541,3568.1779675608664,1.5648597009269056
2016-11-07,1930.637199402201,4679.289887233368,1079.8876862460938,16538.743716317196,7643.4787490876415,4461.21,7172.867210682492,8918.8,16736.75,580.57,10456.95,2340.7015930327834,18118.5098227798,583.8863844354812,99.4838944318321,148.93319460701434,2664.1662431136115,438.4899153935603,3675.227129558339,1.5756270705158544
2016-11-08,1940.4679847632867,4710.221295120624,1083.9288953382913,16626.82749863958,7681.573777852613,4476.89,7192.37484907588,8937.0,16817.41,582.2,10482.32,2401.237203901349,18358.565828254214,588.4167775843828,100.84631415188234,148.0929711082363,2674.574609048934,440.40727972420433,3701.2347330259404,1.5886350480147813
2016-11-09,1982.9139740593062,4813.300334570786,1129.4376460882715,17039.910170035288,7859.722538094155,4543.48,7348.87875686238,8901.5,16799.85,581.92,10646.01,2188.738797822284,18023.326115448173,593.0061810606837,99.87591838805754,140.98061158100197,2640.1095374105594,442.83155212156845,3608.884767470344,1.5643512157714796
2016-11-10,1989.7916092903702,4781.786468374186,1149.0039474892133,17266.02405214358,7869.963116643614,4530.95,7378.345430857994,8756.8,16804.88,587.02,10630.12,2017.1939989607235,16591.01875948818,592.3257795195094,100.80527059921968,149.0518626734843,2706.5206700203235,448.1395003576586,3724.502533636205,1.6010425244441602
2016-11-11,1993.7822402358145,4824.161753868829,1181.2730287398676,17361.51436993368,7812.908468280225,4489.27,7348.960179054369,8639.2,16812.37,582.59,10667.95,1998.6078519284117,16074.39466572511,584.1664966333402,97.15945261829673,150.0219315287312,2675.329502006697,452.47003305997447,3736.42270766662,1.5836292684483957
2016-11-14,2015.6468287231066,4860.203036229858,1209.4626059420693,17573.52146782155,7856.645919376418,4508.55,7374.719835636907,8658.2,16686.33,579.88,10693.69,2038.1387841474377,16184.219307407457,591.8103744417725,97.91738352120197,151.8005497337227,2671.2770241436724,457.2363275272225,3761.0229711190063,1.5644636022915464
2016-11-15,2033.6613347013013,4920.598796810148,1214.5128946509353,17649.638576691697,7891.652628521637,4536.53,7365.617433414043,8687.1,16682.37,578.17,10735.14,2071.592042639497,16173.469609065769,603.3496307084156,95.16793188488248,150.93887488787323,2682.2595761041953,456.5909709001904,3754.9430716627303,1.5653955397847066
2016-11-16,2036.521820478039,4953.066092894896,1218.2047803919734,17651.096870761026,7855.8193668528875,4501.14,7379.727713539724,8638.5,16559.84,592.26,10663.87,2078.2000732204356,16617.70642452753,604.785920489722,95.31410363628105,153.17249067444155,2690.4790943396224,456.19608882725987,3727.469390610788,1.57917198468411
2016-11-17,2058.2721626199886,5019.734613212874,1232.3357801618672,17790.156220591,7939.600373919139,4527.77,7431.818605953158,8718.0,16555.31,601.07,10685.54,2069.6884387843493,16450.512612327468,609.5831303500592,95.50756690272128,152.65900350397402,2689.0296709203244,459.62087058839626,3721.270737487801,1.5850106038173741
2016-11-18,2060.7291273139404,5025.982244049868,1242.5765017000379,17820.107669059315,7900.390602227017,4504.35,7392.265968390537,8622.9,16265.9,611.93,10664.56,2030.5510624605806,16737.64044159723,614.3896467296257,95.68540505584006,152.94666950414984,2723.940313791464,458.33938878758374,3714.5924591072912,1.5823730226147164
2016-11-21,2067.9994355331855,5050.905498847546,1243.9249259137307,17834.037348887527,7966.57263751763,4529.58,7322.630597014924,8614.6,16297.26,615.83,10685.13,2040.5434805106397,17137.240431024806,622.8571428571429,93.23387072568978,153.68831168831167,2713.718017186969,459.8973617044509,3709.636407750165,1.570779137771244
2016-11-22,2073.160173160173,5069.028797289667,1255.7312252964425,17903.133822699037,7973.016893669258,4548.35,7219.826541079921,8651.5,16519.89,631.21,10713.85,2050.732218768439,17376.583272564087,623.9095428131345,94.05025688124037,153.77986622639912,2761.1902863091505,464.51652553947014,3770.5147314898663,1.5767729523900376
2016-11-23,2087.9018892940007,5095.58217718642,1270.9787395236517,18072.04886595009,8034.067876502474,4529.21,7232.241813602015,8627.5,16532.26,632.52,10662.44,2073.540243378051,17300.482849088727,625.5329610508201,94.76060116756672,152.96395485935656,2775.876462811536,464.6144368004929,3837.225817736575,1.591302050814082
2016-11-24,2088.9899564146294,5098.237635019898,1271.6410839492137,18081.466742467313,8057.577724028081,4542.56,7265.231973169369,8657.2,16500.73,623.63,10689.26,2068.116504854369,17152.464100128513,625.1439808961933,94.2195380953044,153.2701584249467,2759.2191657106596,464.7875173731164,3849.8529566590632,1.5908676388698342
2016-11-25,2090.630017946538,5099.574950410881,1272.5040143572305,18090.24275054312,8061.693477108008,4550.27,7335.067473243368,8674.4,16515.11,623.35,10699.27,2070.5579724369013,16990.248951203357,622.1586149120358,95.95663783386068,153.54149438249175,2762.695894274842,466.22167622167626,3872.855184052315,1.5813897610046774
2016-11-28,2074.2569127137403,5057.996137359273,1252.8428093645484,17992.274718545388,7953.5267282723125,4510.39,7282.843045987711,8619.3,16216.95,604.06,10582.67,2076.199186425757,17489.00667779633,622.7521775779713,95.93432245782013,154.4997685477423,2780.7737982862673,467.91349051586593,3852.10108914032,1.5831119149753505
2016-11-29,2070.1032863849764,5051.568075117371,1247.1549295774648,17954.553990610326,7942.76331222144,4551.46,7285.484769687965,8667.0,16561.86,610.6,10620.49,2066.59470144682,16848.96397391977,619.142168000839,95.84081686022083,152.97296845623563,2760.508950956408,468.0777190784815,3835.474031906669,1.592406571205499
2016-11-30,2076.700037778617,5028.0317340385345,1248.9044200982244,18061.560256894598,8012.981337113158,4578.34,7286.445225758697,8688.2,16930.41,628.75,10640.3,2080.470709438567,17276.83634739897,624.463971880492,97.46982328240753,151.06629811460868,2769.698295506335,466.71877999945144,3794.5729729729733,1.5940016394233087
2016-12-01,2055.036578503095,4925.0703432751825,1232.2265991371223,18000.309510410803,7973.704097296021,4560.61,7233.689789845639,8669.2,17098.33,614.61,10534.05,2027.110113723558,16075.679764429378,622.885922586553,96.76954668670685,152.18347718865596,2779.604531786289,466.82828502941817,3824.2572570832613,1.6028101190139534
2016-12-02,2053.8299367533377,4924.478800655891,1231.4359334738815,17962.454907472475,8027.096004770424,4528.82,7216.102716232503,8607.1,17086.85,613.95,10513.35,2023.8876859042757,16261.223444408497,624.3586129123203,95.68545085518939,152.00527965682232,2729.0761099621445,462.15942255753674,3806.60490158375,1.57642494300228
2016-12-05,2048.2255667038276,4932.079152731327,1242.8372352285396,17852.322556670384,7981.108416632163,4574.32,7233.708279550065,8664.7,17050.21,620.29,10684.83,2027.3816736964584,16246.040430644744,621.7414137170466,95.38451068392271,149.134894728252,2705.8395652487557,453.0502582104162,3749.13256274081,1.5917371318313376
2016-12-06,2063.8399104394066,4975.277544547066,1261.9367478309543,17960.42541281836,8019.208705423147,4631.94,7303.9693529031665,8893.3,17757.8,622.52,10775.32,2063.234774780379,16724.13283324664,625.7606633405944,96.42461100342932,150.24991816693947,2723.8398981344676,454.20036197745435,3778.978107270892,1.5756400003167337
2016-12-07,2084.395052543476,5016.0513345112995,1268.9575002324932,18180.619362038502,8104.062463308676,4694.72,7316.403727281114,8960.4,18130.66,640.07,10986.69,2086.0644097238896,16882.523537901176,631.0211539813057,96.13380071174333,151.20322079620698,2730.5673482829848,456.02140945584307,3811.7816511846368,1.5888724923224185
2016-12-08,2115.9530874664406,5103.254674768027,1305.9865291319295,18477.518722622583,8218.092358764598,4735.48,7371.343836886006,9145.4,18427.86,648.27,11179.42,2151.0781552972358,16933.153796779505,643.5605384368193,98.8696723367755,155.0160670769485,2777.9000959914456,460.9833910697903,3896.2840877143663,1.614548720965357
2016-12-09,2139.30126869911,5154.800227229691,1314.211323612952,18705.5955311494,8280.793045963324,4764.07,7533.138020833334,9169.6,18292.65,640.09,11203.63,2177.974879236024,16954.551059298286,648.6727253134092,99.64853357747302,155.85486319071254,2783.8091044739613,463.9829492108528,3924.0796019900504,1.645581040003901
2016-12-12,2122.3000611218204,5089.604588838215,1291.2125628849499,18615.289858479475,8213.14738661422,4760.77,7459.031450041747,9186.4,18370.32,640.38,11190.21,2182.2360240935272,16667.213992001354,645.4812374677742,97.94027583273564,156.59769457161542,2725.5300278226637,449.47107595539876,3922.0418091444285,1.6484038314550098
2016-12-13,2137.6870236190834,5141.460430977699,1292.4908252564223,18736.435494495156,8300.363289857662,4803.87,7584.584649693365,9331.3,18827.61,639.71,11284.65,2174.7422175761144,16723.95582074394,650.5948967889908,98.34767247423333,157.2626419410179,2719.559475635465,450.4114146255002,3912.815862823272,1.6353515719128018
2016-12-14,2138.546955820244,5159.8443505908035,1286.9738527974184,18784.72927442699,8286.656331981874,4769.24,7565.436802973977,9218.4,18606.32,619.19,11244.84,2142.8914509737015,16391.774843015235,641.1119448315288,98.52518057367917,156.12722997080766,2717.748503863632,451.96206446292354,3925.365150769663,1.6443742986542231
2016-12-15,2172.104858843864,5239.917418859228,1312.089494910697,19063.030535817168,8346.562518633356,4819.23,7650.461022632019,9340.8,18994.79,613.76,11366.4,2166.1882241273875,16641.823881447708,648.3582949308756,98.90540155507303,156.60835296985456,2729.1780076211217,451.3734573236076,3913.4951422010245,1.6580372043798592
2016-12-16,2160.6257774375663,5202.526074059899,1305.3200650655442,18987.092144292415,8384.12053090996,4833.27,7679.410117603136,9412.8,19014.75,639.64,11404.01,2112.6046320426176,16470.815232722143,647.3703092487623,98.3774714470182,157.33638796529073,2723.318080633193,449.5026910360661,3867.961830193296,1.6608168111510497
2016-12-19,2174.986782023552,5246.277337178562,1318.6061043018506,19113.73227589522,8364.715699129812,4822.77,7704.425523952095,9336.7,18968.94,627.91,11426.7,2116.844637007929,16315.328029253384,647.7504929198782,98.38362773041106,159.20853858784892,2692.9489907306333,451.30463031442457,3874.2576533277606,1.6478363149853275
2016-12-20,2186.155771637624,5279.618754211995,1332.396264561471,19230.403388851446,8383.67055462985,4849.89,7717.442187061136,9407.9,19247.24,628.26,11464.74,2114.0333707549025,16524.01572543618,651.1413552243105,97.92483927271381,159.23000898472597,2695.8295338233925,449.9570649012493,3907.246235018694,1.6546923494566583
2016-12-21,2172.9387500599546,5248.625833373303,1319.1903688426303,19129.89591826946,8344.397701013213,4833.82,7689.06425102727,9371.7,19215.59,638.99,11468.64,2099.186654962786,16621.212427016504,646.5472231162609,97.5165361533538,158.67871715358248,2692.58452212668,453.93230480112203,3897.565700399236,1.6459186393041456
2016-12-22,2166.2929960716683,5219.335057966849,1305.6050589249785,19084.871131551212,8313.635026187254,4834.63,7686.116812838215,9333.6,19121.26,631.85,11456.1,2077.839434929135,16688.348368480118,644.3378460007817,96.2591514403059,158.37989646598456,2665.2459379888887,453.19399733919715,3903.0054285813076,1.6343237449924135
2016-12-23,2164.9595945105916,5224.205039927318,1311.6339119208149,19063.558552096783,8309.140069358726,4839.68,7680.417949435581,9367.7,19345.02,630.28,11449.93,2095.783291555495,16938.94192114842,639.9053237715052,96.07477875891006,158.32181566294514,2657.939411858915,448.32518758174433,3865.7450973658,1.628733029864239
2016-12-26,2165.0631216526394,5224.454858454475,1311.696633511859,19064.470160673296,8306.698789516982,4839.68,7680.417949435581,9367.7,19345.02,630.28,11449.93,2085.3050210015676,17108.161508266574,641.1283757477082,94.91134268452139,158.43045005309156,2657.939411858915,449.979699273991,3869.4661212142046,1.6198459447213414
2016-12-27,2169.7236301042362,5247.623601415319,1317.5002390743043,19073.386248446015,8294.513876664907,4848.28,7705.429610971173,9376.6,19390.83,636.19,11472.24,2087.5337383393344,17159.26272400386,638.0120460709379,96.11148899681083,158.01824252789314,2658.6108526749676,448.55541418795787,3867.471825178669,1.6284078495163825
2016-12-28,2160.995053546559,5223.608509820871,1307.0450943668059,19049.781491619844,8341.938134648119,4848.01,7709.972919973855,9344.9,19239.39,635.74,11474.99,2108.5240251302234,17479.242138502697,642.1499893775228,96.38753116876028,158.9002457002457,2697.6266058231245,448.2171441187834,3918.001378359752,1.605795009280264
2016-12-29,2143.8879092598772,5177.610446551971,1299.3184959252728,18891.273888385836,8322.435859973117,4838.47,7684.76296917202,9327.1,19203.94,636.67,11451.05,2111.1368626774733,17637.910181131305,641.4484365073763,97.02555786650733,156.57444285422204,2678.7601263722077,444.240862808513,3921.195816705655,1.6102952862273927
2016-12-30,2128.9748953974895,5118.980600988969,1290.5382274629137,18792.8870292887,8380.652352458055,4862.31,7647.813546706365,9352.1,19234.58,643.64,11481.06,2093.9953314762006,17596.683856076434,637.1809847439029,97.7148453071235,155.48987228504026,2690.327905938748,444.94512792074875,3887.8672888217934,1.5986588829283688
2017-01-02,2140.475166116927,5146.63224819542,1297.5094411778769,18894.402218079256,8383.11131975823,4882.38,7647.813546706365,9418.7,19566.53,646.61,11598.33,2106.9310710674436,17339.182052289292,640.3543097008288,98.24457533773842,155.49619686800895,2690.327905938748,447.34621394106676,3892.2742417476725,1.5924298749577561
2017-01-03,2169.738612339035,5217.25927349606,1312.2141072458198,19106.05419950029,8442.589978828511,4899.33,7784.498736310025,9494.7,19573.48,656.61,11584.24,2099.561682422095,18192.84515996115,649.4311270125224,98.95214014184533,155.98473967684018,2750.0993245927693,453.29292957182594,3980.8221080405506,1.6177303954158355
2017-01-04,2165.0934401220443,5222.158657513349,1323.3695652173915,19014.263920671245,8446.593045112782,4899.4,7793.666044776118,9462.9,19626.64,657.54,11584.31,2071.4187261068337,18256.721505854457,655.4042431192661,98.74877114772109,159.30211382113822,2724.6448706270467,454.67917654741035,3983.6152777777775,1.6277352515237837
2017-01-05,2139.153389271236,5173.885170170642,1293.4288677288582,18760.526067691146,8424.435077859736,4900.64,7837.588718714979,9488.2,19642.81,660.3,11584.94,2055.8580084751356,18292.48655418846,654.3788985920513,98.90680187758548,159.53489702517163,2732.0571310388455,453.51349502274826,3979.490229984437,1.6133607237387904
2017-01-06,2161.758283489984,5241.678534130828,1298.0917117630306,18953.574480205072,8410.673665791777,4909.84,7851.375804495849,9515.9,19687.71,660.3,11599.01,2060.4007336154086,18158.236160188455,655.3507387749246,98.7253294976922,157.95980837934394,2743.349486452714,453.08558141449055,3987.7904801496575,1.621152066076472
2017-01-09,2145.734821259694,5231.530168337432,1283.7998865140912,18807.81161339134,8324.059804485336,4887.57,7850.955176591185,9492.8,19360.02,659.33,11563.99,2015.0945716517726,18252.093656170036,649.7298457795112,98.39215278612348,158.57138199453885,2755.5290898652693,452.6534618373161,4038.273416313191,1.6362489218285792
2017-01-10,2149.6991804443605,5260.1449618646075,1298.8772561466674,18812.383343597518,8393.481772035071,4888.23,7867.029795158286,9452.0,19424.19,660.56,11583.3,1993.832911128395,18417.88080451763,651.6253759129313,98.8988567873891,157.95605384835713,2769.2705733383655,453.1410620547111,4021.99190113803,1.6022814522320936
2017-01-11,2150.1795501795505,5257.654507654507,1297.7697977697978,18856.82290682291,8413.236397207314,4888.71,7863.347951852196,9408.6,19486.88,663.37,11646.17,1985.5129158309703,18454.74990764684,656.2526889430661,99.79796414936462,158.551357104843,2824.7940093357797,447.3491013845284,4058.2779594276267,1.6403079574108181
2017-01-12,2139.401648998822,5227.316843345111,1282.5159010600705,18742.99175500589,8355.623030650244,4863.97,7797.970204841713,9407.4,19156.59,665.21,11521.04,1992.3137944249274,18902.8256436024,653.2630899903236,100.00600340594261,157.18968208329912,2763.4024112719703,446.57077225989934,4066.3178677196447,1.6485707289716673
2017-01-13,2137.016159338594,5236.8658399098085,1289.0360766629085,18682.572341225103,8395.663615560641,4922.49,7877.891695404978,9511.6,19514.54,651.7,11629.18,2020.4064311866439,18564.059788552677,656.5430771986388,99.60344735081704,158.21565973503957,2783.7977571726788,443.74600062628497,4032.218345843465,1.6543381978078004
2017-01-16,2145.2796378383473,5257.115910591342,1294.020560218806,18754.814675091955,8325.811033464008,4882.18,7798.750349715565,9410.0,19247.25,644.91,11554.71,1984.7779987407566,18570.177173944663,655.2346182755289,100.37443584156728,157.70111904860224,2762.269817434601,444.1366397660259,4053.905500705219,1.6482899601536363
2017-01-17,2116.852569188407,5169.860456433472,1262.2578989125868,18506.34246511411,8366.120155263312,4859.69,7743.472584856398,9394.9,19296.16,642.5,11540.0,1996.7818875917762,18704.394582340286,653.012737941892,99.6328085681584,155.90892516781304,2753.9646846759947,443.28199681359536,4025.581296793332,1.6554961606379492
2017-01-18,2137.143125911293,5226.14176191148,1277.9831616574947,18630.083251023,8357.965749870264,4853.4,7762.812850205454,9386.2,19358.1,643.47,11599.39,1988.7365088625404,18677.178169536925,645.7181341273216,100.23201492534342,155.00529143935356,2784.9528873455947,448.3741850292977,4009.428460479401,1.63689403282421
2017-01-19,2122.740060015004,5195.123780945237,1261.9467366841711,18503.750937734436,8342.619061396908,4841.14,7713.10833488719,9379.1,19490.96,642.51,11596.89,1976.0669377434565,18760.79501283462,641.919245256451,100.3515418356154,155.69183673469388,2800.298861047836,443.1907198908223,4036.151173509182,1.672049819710084
2017-01-20,2122.1246379519757,5190.441932168551,1263.057086798094,18524.94627674484,8322.85813388831,4850.67,7707.115581633602,9380.1,19479.46,639.16,11630.13,2004.604416900053,19022.695913674157,646.1052853084558,98.85648530076358,155.9922565920854,2762.230697741784,444.3473712100111,3991.7760835804033,1.6461798388574982
2017-01-23,2104.2266604737574,5158.327914537854,1252.0575940548072,18392.81003251277,8327.429403202328,4821.41,7667.017609242524,9304.8,19328.41,639.27,11545.75,2045.9000789853403,19307.73500132147,643.3614035087719,98.86575611355566,155.7124134520277,2747.1081518805113,445.1662307035496,3952.5,1.6454598309930946
2017-01-24,2124.750722206691,5219.420370888081,1275.9388686981642,18556.248252725745,8342.480457356201,4830.03,7676.310155450061,9387.2,19499.54,646.51,11594.94,2084.245315279828,19353.623657020238,654.4598279097765,100.04664465950775,153.8674910937308,2750.874711575919,447.07081136894726,3992.155726701053,1.6438626506982852
2017-01-25,2138.4164495720133,5262.690733159658,1286.2299962783775,18671.85522887979,8421.80557188198,4877.67,7815.45844204249,9549.3,19582.23,659.19,11806.05,2131.0962541467925,19323.23540633346,658.3499430523918,101.51079191613536,156.51691852825232,2765.922059220592,445.7606271541528,3995.9923906150916,1.6554060547813554
2017-01-26,2150.046807713911,5294.120951132747,1287.7644635835984,18817.552892716718,8442.166686313803,4867.24,7873.248407643311,9512.8,19439.65,660.59,11848.63,2100.6517515049586,19496.19593231322,660.4212107126256,101.85634891326073,158.5745576396551,2824.1441180201896,449.9751756408425,4000.22005924672,1.6622310509058709
2017-01-27,2144.7705393027386,5290.943078792409,1281.1477708197026,18780.998224133094,8430.521004459046,4839.98,7842.367805334581,9504.1,19329.26,636.54,11814.27,2121.2235887732577,19649.74185773162,654.2069357589539,102.31379677083154,158.11086294416245,2812.5525229054047,449.3029004502455,4033.0265386787128,1.6622310509058709
2017-01-30,2132.778531020618,5249.156108279957,1264.509794754313,18674.20636775913,8311.126678342089,4784.64,7804.924491135916,9361.3,18759.4,614.08,11681.89,2118.53436738168,19227.836253812573,649.5633888156253,102.73206289292786,159.18512430655434,2816.706757579594,449.48910266862333,3999.796531138507,1.6622310509058709
2017-01-31,2110.4556399333205,5199.842563437674,1261.1779959251712,18396.08260789035,8270.212022367194,4748.9,7777.591220335803,9315.2,18590.73,611.75,11535.31,2089.2572813419306,19007.400658358805,646.1904761904763,101.22122093782072,156.32000656760528,2785.8375419620656,445.18221456639935,3948.3773531890984,1.668094684867848
2017-02-01,2116.770359364844,5239.715851053951,1264.0263719936856,18470.554369022193,8353.587588881706,4794.58,7801.770325964781,9330.8,18740.65,619.05,11659.5,2107.9561938730076,19238.351408691004,647.0357981638317,103.52799641407951,157.00295178747135,2793.2069595424186,446.38064459542426,3982.082907758954,1.6522105129406532
2017-02-02,2120.044615885114,5238.834410001395,1261.7279360505647,18482.976251336153,8315.283842794759,4794.29,7742.469597754912,9406.4,18889.19,623.06,11627.95,2130.3730262018075,19214.272750264063,648.2945625802768,104.37453399927124,155.85514172709296,2764.949941265213,446.81474678030435,4018.2454891633156,1.6651336683417088
2017-02-03,2130.396884272997,5254.794139465876,1277.6706231454004,18612.258902077152,8323.64520611394,4825.42,7808.172043010753,9462.7,19116.04,628.92,11651.49,2147.9476852473035,19319.452128134202,650.3702648818,104.48248684494394,155.65410564423235,2763.2144222498328,443.8524617824723,4005.3993587459922,1.6763509634433293
2017-02-06,2132.613953488372,5268.418604651163,1271.3116279069768,18653.41395348837,8319.394501797935,4778.08,7814.398274083106,9357.3,18693.65,620.75,11509.84,2135.8395606850772,19104.07797713228,647.8472641945463,105.60172680648044,157.97469302809574,2802.1698951057347,448.080024940022,4001.4065840102603,1.6799081478367037
2017-02-07,2146.8776331804133,5312.442655182099,1274.2814343226287,18809.371781668382,8414.777517564404,4754.47,7849.70458595142,9331.5,18662.61,623.37,11549.44,2121.0505722834687,19257.840505152013,649.2189718829877,105.69317981341264,157.5110777944361,2813.7954738689195,448.9360255625807,4012.64908461511,1.6971801037015226
2017-02-08,2144.8520820675794,5311.44552974716,1270.0285086694396,18745.001635743327,8425.714955461792,4766.6,7877.707784881533,9329.7,18771.78,610.86,11543.38,2141.311847977876,19438.568087785574,652.1544368600682,106.1534323503643,158.68759392219067,2826.962221112121,451.0305808110001,4037.844384109746,1.6930909806429397
2017-02-09,2165.7939189189187,5363.344594594594,1293.6655405405404,18930.555555555555,8478.362847425824,4826.24,7905.499859458448,9438.4,18947.44,608.79,11642.86,2178.3654846167788,19476.80707540099,657.8975548813136,107.15613389169894,156.65661377853266,2843.4498304818426,455.38728473744976,4053.1003148254154,1.686501489856729
2017-02-10,2176.581148388309,5388.713466779438,1305.1780847664693,19048.378911756416,8521.159828608323,4828.32,7920.775571375046,9378.1,18862.11,623.79,11666.97,2207.5880145488136,19944.351445505137,666.2212643678162,107.27244508197221,160.8610442433801,2859.895915470746,457.33120201109375,4126.679170423806,1.6997706422018348
2017-02-13,2196.773128272869,5438.467707694485,1313.751946030099,19259.48011511063,8601.89080595604,4888.19,7938.9118198874285,9484.1,19064.64,629.14,11774.43,2217.349798021762,20307.99065987385,671.0552908907175,107.44712771114114,161.41974284529243,2881.4101434569416,461.87577128753594,4152.595422598666,1.698645921010697
2017-02-14,2209.955093358544,5466.85889860553,1320.3970692507683,19384.930276530373,8568.383826476482,4895.82,7915.594175669328,9510.2,19187.67,633.32,11771.81,2211.4190041735415,20444.31913948179,673.3273088740285,107.57594065602899,159.19060030615196,2891.527801498036,463.87345902079414,4170.00905698656,1.7000909634752965
2017-02-15,2216.0645222148855,5489.5198566173,1324.6014526931422,19443.316668238847,8582.488100135159,4924.86,7958.613898527619,9584.1,19056.16,626.29,11793.93,2193.9070619709355,20972.020053991517,674.1363144608727,106.23720033465366,160.60464347682392,2924.5452274015342,461.8859013872777,4224.93181570239,1.7213590067652966
2017-02-16,2199.0069327337455,5447.723440134908,1310.7832115420651,19317.75341952408,8515.174915174914,4899.46,7946.246246246245,9554.7,19087.54,629.36,11757.24,2173.795236792936,20567.205507703504,670.4153675232054,106.13581870108712,160.0755388243081,2911.276688242682,462.3040907692834,4192.390528705806,1.7207991337482746
2017-02-17,2215.149802148106,5500.829093649897,1318.88072357264,19430.987375164877,8537.9649122807,4867.58,7993.318925014094,9500.3,19006.46,639.46,11757.02,2174.2263735534266,20558.781313062347,672.214629935985,107.27723752419287,160.5426925966113,2913.198261807647,460.05954912803065,4196.318167034079,1.7116367076631978
2017-02-20,2215.2541574409947,5501.0882366797005,1318.9428557968624,19431.90276534602,8570.425594364542,4864.99,7998.60967590418,9526.6,18978.65,645.95,11827.62,2177.5818278682764,20917.426404382924,671.9004996585069,108.3212360584078,160.3722092635788,2929.194189185091,464.7179283468828,4198.278697431811,1.7137841726618703
2017-02-21,2244.832495017557,5567.001992977128,1338.4644585745466,19685.868843124226,8610.794815647749,4888.76,8054.131804080097,9561.0,19043.58,655.2,11967.49,2258.148948228314,21173.151810627664,678.375157970753,109.4505796123797,161.79514149762082,2930.4168118813095,469.6430787046611,4218.712755882567,1.7265293388395824
2017-02-22,2238.3668056081847,5551.942023493747,1329.9071618037133,19681.318681318677,8613.175277188016,4895.88,8047.473990064675,9477.2,18884.9,647.14,11998.59,2245.901093263869,21206.579374526566,672.1312655176137,109.25929030670092,162.04582131360007,2957.9516010755315,470.36769212757315,4236.0610040863985,1.7434927623792698
2017-02-23,2233.9082360723905,5514.823040211691,1317.9794925105136,19666.70131833861,8627.122263747997,4891.29,8042.571562646646,9493.4,18819.49,649.52,11947.83,2268.2998788160685,20837.17008231533,670.6904633135028,109.5347549168925,162.580444817457,2934.1988550291717,468.5838941877589,4217.758658403208,1.7502034511966251
2017-02-24,2241.1625485184136,5533.759348669886,1320.1931269525703,19711.97576446085,8549.660666863381,4845.24,8012.8007518797,9453.5,18596.66,645.37,11804.03,2237.042697060889,20285.762974909845,661.6647382123228,109.80068323148811,162.72342939116496,2921.5596637835934,469.52968335458087,4169.258263712314,1.7376570356970973
2017-02-27,2238.2526564344744,5536.623376623376,1329.8417945690671,19681.17119244392,8523.915853801856,4845.18,7983.284924576033,9464.3,18914.3,645.37,11822.67,2246.754251229804,20253.098178614284,653.7761536256808,109.1284346020614,160.13635601743212,2904.635874150919,464.7718290109498,4148.858447488585,1.7462571591251632
2017-02-28,2234.697929469604,5507.648671646024,1311.0333743027325,19676.883804481422,8502.212337586327,4858.58,8031.776315789473,9555.5,18913.28,645.88,11834.41,2203.1851042070743,20271.574754063462,645.1307932897356,109.2326972056901,160.27991784381945,2878.2398904023225,467.30451541850215,4135.842594939,1.7451420466396894
2017-03-01,2271.590424271154,5597.563403650153,1340.260725290353,20019.483289879117,8606.283149734803,4960.83,8108.460888346324,9751.5,19364.39,656.17,12067.19,2271.0061663551983,20553.780068728523,653.648297698246,109.95543049314378,161.68020008336808,2901.411870942549,468.39473176645635,4152.56441985733,1.7451420466396894
2017-03-02,2267.0918003140914,5578.660829010612,1328.3871888830724,19990.444010850424,8618.702936197536,4963.8,8139.09979327194,9716.0,19440.62,656.04,12059.57,2250.224005702569,19857.33928356049,652.0363920676665,109.61817914832638,162.76871880199667,2903.812711485862,467.22706488554894,4163.155201614356,1.7614117095155521
2017-03-03,2243.358749882331,5526.452038030688,1312.3693871787632,19773.802127459287,8535.023148148148,4995.13,8121.075309104533,9798.5,19664.45,649.73,12027.36,2287.7418097231957,20177.4978096015,648.6682382745153,108.48826128594662,160.74281704095108,2872.195359897564,459.93940138394134,4096.666666666666,1.732522669689292
2017-03-06,2244.776260454567,5527.732363086519,1308.1793696545858,19802.806785427398,8499.705117085861,4972.19,8082.835820895521,9804.1,19449.85,643.5,11958.4,2307.014716474791,19975.703833067357,651.6101754633219,109.78263631139053,160.81606572341397,2867.7677714174597,463.96289623139165,4115.967482004083,1.7003880560434625
2017-03-07,2241.5199697141775,5521.417755063411,1301.2303615370056,19803.861442362293,8473.60581918947,4955.0,8041.74748228273,9801.7,19455.05,643.16,11966.14,2301.9680184859753,19944.87895151993,651.7656189367481,109.88270281077861,160.60567063805058,2882.5744803870853,465.5071947131369,4137.29273634699,1.7120840487286406
2017-03-08,2241.7038231666825,5537.947063845935,1295.9301774025234,19785.342946589506,8468.059804883682,4960.48,8054.009896368219,9850.5,19482.39,649.31,11967.31,2292.627831531046,19410.35930658029,645.1030021795683,109.56635661005463,159.73145843703335,2900.5244350127455,465.67039240306565,4112.718054910922,1.7227739866809175
2017-03-09,2235.8608301030536,5520.289306986859,1285.9222842015693,19720.327124893636,8413.802622498275,4981.51,8048.16022356777,9998.4,19571.24,648.85,11978.39,2252.4669759302446,19122.48293831145,642.6746912068302,109.30278339560742,158.89603553215989,2860.218822641694,460.77933803462355,4073.9393294305482,1.7296926182046783
2017-03-10,2223.2008995502247,5492.62556221889,1279.291604197901,19586.750374812593,8374.86313868613,4993.32,8051.60661218425,10006.4,19658.37,648.59,11963.18,2251.1420042497184,19303.514453282394,637.6599888703395,108.56219904719417,160.08337075899237,2848.126015842613,456.22338550001353,4081.7053003533574,1.715848290982869
2017-03-13,2227.87816210635,5515.3517623316275,1286.2251842117614,19600.5819683672,8449.455212753757,4999.6,8081.766567386448,9995.9,19706.95,651.25,11990.03,2253.5136738560464,19510.352937673975,641.0834584104158,109.36694061997825,160.42611431139434,2876.6939894008715,460.1410467870791,4091.2019896962165,1.711612605986146
2017-03-14,2230.7148245944927,5523.217653715579,1284.7793285552623,19650.490380988307,8433.065902578797,4974.26,8075.633855331843,9905.1,19537.4,638.92,11988.79,2258.11907691747,19256.651338601427,635.623338463691,112.34261249609216,161.16293404561333,2881.512833691085,462.5885593884884,4105.604705043665,1.7457946066239038
2017-03-15,2222.0503982486375,5496.343565140435,1288.2109087521542,19516.605337929104,8437.696095270814,4985.48,8108.305337812617,9983.2,19774.02,632.97,12009.87,2301.318534922414,19880.184290302248,640.5629660749921,111.49315585743349,160.85268260619506,2880.908848743158,457.3347434507009,4146.942938198011,1.7523393278180788
2017-03-16,2211.945012075051,5480.921419282929,1287.4140813672673,19445.058517555266,8514.293915040183,5013.38,8108.784731967444,10168.0,20109.76,636.13,12083.18,2316.90108930109,19593.670603303202,640.1631912964642,112.63187973721628,160.58149924177218,2914.797635834508,460.92453948077133,4126.075236227492,1.747080858394208
2017-03-17,2214.797913950456,5495.4367666232065,1295.8837772397094,19477.20245855839,8569.898430286243,5029.24,8115.814517633887,10245.8,20074.28,644.77,12095.24,2372.2238549057474,19342.37946771497,637.4189047785142,112.83506629061539,161.29546393456167,2915.891112563797,457.30724350283623,4160.434002869441,1.7754392296461554
2017-03-20,2210.1406089952507,5495.418567836856,1288.8537107738148,19467.231585808735,8549.838895281933,5012.16,8111.8014740181,10214.0,19968.55,644.12,12052.9,2379.915114697029,19664.283549521155,634.7844286312264,112.8423877733227,161.50897658641514,2934.2997772508447,458.8148078257998,4159.730789994601,1.774717996396278
2017-03-21,2168.1805568402556,5359.19896401813,1245.5369531033207,19117.583942281013,8516.089566020315,5002.43,8020.5381249418115,10211.9,19918.84,640.42,11962.13,2352.8564351809036,18862.89291223026,624.9186006234846,111.95864949713425,161.07194304164253,2929.5833705589803,458.7069955476164,4108.14427489062,1.8047289236479322
2017-03-22,2175.0949337779007,5391.905158840418,1246.2721126238769,19136.1489302584,8469.353067005839,4994.7,8012.606378004301,10229.3,19953.44,640.65,11904.12,2360.4165936449704,19054.30302666707,628.9545912517806,110.79532770194923,158.64511560091648,2899.031487099408,457.2668492265874,4042.175922633862,1.7945046759910621
2017-03-23,2175.609756097561,5395.242511360474,1255.151627561903,19156.61689696745,8523.81560613098,5032.76,8059.630113954791,10324.9,20167.49,640.2,12039.68,2384.6980652247507,18764.724646670507,632.2925711110339,111.7269349857504,159.54949005183082,2903.5692333398974,458.1359801221492,4037.74130796166,1.791402140395429
2017-03-24,2170.5528289656445,5397.481248263727,1254.4124455968145,19072.80303731827,8473.056934980945,5020.9,8041.863504808141,10309.4,20188.02,635.66,12064.27,2423.147138856965,19021.647949000566,630.3720366845475,111.8899679929713,160.2073439514284,2902.281717662759,460.5741420826775,4060.945087521174,1.7961872582875786
2017-03-27,2155.16797054763,5375.398067188218,1249.259088817303,18914.845835250802,8431.304548870008,5017.43,8030.0289638419135,10302.9,20124.19,646.57,11996.07,2402.746790400705,18931.493420471605,629.1258127773765,111.37958964382088,157.9040212916372,2861.720436466866,458.1759742868622,4029.51653051923,1.7701409931104704
2017-03-28,2181.2355498011657,5433.404235642283,1264.4594469619904,19145.010635346345,8455.290731145653,5046.2,8042.114125350796,10389.0,20330.42,664.52,12149.42,2397.6472177582186,19031.208137669106,636.0237716812935,112.49459243324046,159.7709460021632,2884.069182017414,457.89059822166666,4109.8771533465115,1.787327737202155
2017-03-29,2192.932107365097,5477.43103928671,1273.9295997027957,19187.628865979383,8515.179860269069,5069.04,8079.785447761194,10367.6,20276.8,668.55,12203.0,2434.274878128692,19507.692536691375,643.4400808446876,113.74654554441219,160.73502843760457,2920.4691035787405,457.55514966064334,4184.01196751674,1.8018975395182146
2017-03-30,2218.2192871528264,5540.105849843098,1294.8714345932274,19416.870404196525,8608.246700151853,5089.64,8140.269335079024,10405.9,20367.75,670.42,12256.43,2445.2997466788506,19408.51386514014,644.6308842629971,115.20439443360068,159.5515567458989,2913.1360960932157,457.10964110164593,4220.483876740274,1.8055367881957474
2017-03-31,2218.0998873450994,5549.887345099512,1301.0889973713859,19398.441607209916,8629.921631017618,5122.51,8089.396487294469,10462.9,20492.94,666.06,12312.87,2433.436569756774,19531.158331329647,645.4564681001057,115.72125873849625,159.34322069604787,2900.8168912415786,459.96033720193265,4199.865372909879,1.8113465424572996
2017-04-03,2210.6180591349985,5524.277212876623,1283.6043296940163,19352.61702825547,8523.747659176028,5085.91,8079.599475949842,10325.3,20242.88,667.32,12257.2,2450.5055707146457,19624.86683318788,643.2519527829346,116.13629363073751,160.45330065083255,2930.8383667552544,459.29363729159576,4186.401482748788,1.814544754378328
2017-04-04,2211.233428584813,5526.4065208225975,1281.8381974047875,19383.754157492855,8534.087068010957,5101.13,8094.158944116821,10361.2,20257.1,666.44,12282.34,2456.1240118687742,19916.082730218335,645.1504666037538,115.93416982433706,159.1324394061165,2927.9733529646037,459.07807834361546,4150.932737968673,1.8187097099961287
2017-04-05,2206.649160648973,5499.840570196005,1268.0671480821534,19364.30648035262,8582.592917764121,5091.85,8070.717354754343,10402.7,20253.37,669.97,12217.54,2451.958024186918,19467.371932619055,643.2485254598122,117.0214399928299,159.7735705209657,2945.4802242837222,465.7939120263323,4171.508181592305,1.808439411818859
2017-04-06,2214.7494010991595,5522.9930950256,1281.8169007468648,19411.85588801729,8555.262695484096,5121.44,8072.488552471732,10518.9,20296.97,671.15,12230.89,2456.9661149919666,19198.469448762404,647.8901845431943,117.66930514093858,157.66232885422406,2931.3608752883215,467.9555452651077,4151.624131575216,1.7944817238361188
2017-04-07,2224.305949008499,5550.339943342777,1288.536355051936,19505.288007554296,8587.217386224222,5135.28,8082.415115517726,10529.0,20300.06,681.08,12225.06,2495.8531126313524,19381.903290174487,650.22187786152,118.20633431648325,158.67910733262488,2941.6870215590134,470.9868560598286,4151.596204234828,1.7871363194657852
2017-04-10,2224.5753114382783,5550.141562853907,1290.1849754624386,19496.055115137788,8610.35735207967,5107.45,8064.277023865232,10437.7,20202.05,681.46,12200.52,2502.932113501364,19478.70141608918,656.0897889817306,117.62539080521526,159.90710731147124,2946.1734151776222,468.0497074424455,4185.519218517732,1.7775889077758893
2017-04-11,2220.0235793444945,5533.383635934922,1298.7031360528179,19477.764678141946,8677.544769085769,5101.86,8080.746212829624,10416.3,20109.06,680.06,12139.35,2492.7599478527422,19345.854875556088,654.8626840317102,118.44791781339646,161.31362932369643,2916.3314103767016,471.3289679851661,4193.707253244686,1.7556106633601984
2017-04-12,2198.509281830114,5471.741983873992,1274.3296456028502,19306.075379711234,8639.771925699506,5101.11,8117.464630375715,10360.5,20004.93,685.19,12154.7,2474.1593533078785,19163.383872467417,651.034629125252,117.08759384109766,159.53059030912766,2946.07317472146,466.416341856621,4184.294327116314,1.7516846998806928
2017-04-13,2194.224609006972,5469.332956472584,1267.4203881665726,19270.06783493499,8631.864766167982,5071.1,8081.876931722394,10326.1,19773.68,683.57,12109.0,2481.3085154263795,18824.353558052433,645.9162396183071,117.61220877278531,159.133295910877,2936.9625217896573,469.1079645291636,4199.9065887050765,1.7590362432151425
2017-04-14,2194.741553974461,5470.621495547282,1267.7189841210006,19274.607736889222,8648.164758645109,5071.1,8081.876931722394,10326.1,19773.68,683.57,12109.0,2493.2631330200193,18826.892015402827,646.2131390990736,117.5760437813323,159.05300138792506,2936.9625217896573,465.2478289730307,4205.754578885358,1.7769047658681938
2017-04-17,2206.9901818011,5502.6917837177625,1278.8838258091796,19389.223469723307,8650.20658717979,5071.1,8081.876931722394,10326.1,19773.68,683.57,12109.0,2489.369850378447,19507.847418053916,651.9190066318612,117.1890345124956,158.35103308458784,2926.5117064521187,460.637666122878,4200.2060899950075,1.7766590767956947
2017-04-18,2182.1307122560206,5449.732147016351,1268.821912703219,19120.771416592906,8550.663955018543,4990.25,7980.2395209580845,10264.5,19442.71,677.3,12000.44,2443.8389736007916,19238.032983508245,640.4054477689923,115.41266390570513,158.30330898152127,2876.7385514426055,453.28404390009416,4112.261246345159,1.7767908830777883
2017-04-19,2182.9614415087294,5473.839977593128,1276.3794230230606,19050.03267668752,8487.66404199475,5003.73,7978.558069945765,10370.3,19824.61,678.96,12016.45,2420.792513221184,18779.73847498038,633.8548878427029,115.80552566959143,158.07383902920114,2860.2153635610616,450.0328690996578,4062.7243455130892,1.750992835209826
2017-04-20,2198.2271157973314,5520.929364560977,1291.546141644117,19201.931510683957,8510.927785748445,5077.91,7988.303929804912,10372.5,19849.44,674.4,12027.32,2440.6455089255337,18895.394736842107,638.0770962490907,116.42918612892903,157.3037169803269,2873.607511019267,450.33724012174537,4088.4833374302066,1.759982638888889
2017-04-21,2189.308351976137,5509.433258762118,1286.2136465324384,19153.39299030574,8497.014212349217,5059.2,8013.856098931985,10377.0,19741.75,671.57,12048.57,2426.3072513977777,18878.331285437238,635.4289659934403,116.17799229773208,159.11770989104892,2892.7254788718838,449.8050682261209,4116.109685357707,1.7701685103877947
2017-04-24,2184.633080285254,5506.160570508396,1286.3492063492063,19106.409017713362,8552.719566753001,5268.85,8054.849745723533,10766.8,20684.41,683.3,12454.98,2427.2051061764632,18941.565299248385,632.7017448200654,116.10770414275184,158.2352250817336,2856.9798681547586,437.99919807538095,4090.408220132358,1.7586893203883494
2017-04-25,2186.170602233205,5514.8178656415885,1291.4881933003842,19216.657514186343,8551.025445143092,5277.88,8084.053431598342,10783.1,20805.52,697.32,12467.04,2417.691632983828,18946.73549512869,627.534814714907,116.90221786627376,157.18676882517713,2877.0170990947536,436.3590438967323,4049.643780820028,1.7863183230066189
2017-04-26,2189.6180125647725,5525.959554271564,1301.8113449809696,19237.024808547714,8586.581846026978,5287.88,8161.835659487938,10763.4,20836.51,706.4,12472.8,2369.70195350972,18752.18132932435,622.963960929606,117.71114576528474,159.29829052770665,2904.753913336367,437.6254091598584,4052.8089117395025,1.7876233735739675
2017-04-27,2196.9741561666515,5563.257610595053,1303.3477421134924,19296.716637542537,8589.093282696414,5271.7,8182.792117679712,10683.9,20597.34,706.51,12443.79,2389.9889252461367,18685.08407002947,616.8178905116876,117.94487368914052,159.1326665564556,2921.151264628831,440.10213197157367,4065.2752986406704,1.8002313984942804
2017-04-28,2187.941635312471,5549.793521152611,1285.151876663302,19216.766082408,8561.340543110107,5267.33,8130.519420610757,10715.8,20609.16,712.17,12438.01,2402.0367512427983,18893.933441183268,617.6856115349713,117.25199771355598,157.93286713286713,2906.37770312952,439.763839799783,4071.101261038381,1.795756184148387
2017-05-01,2191.329479768786,5589.136618038352,1291.274428846683,19188.42095605101,8517.309056514541,5267.33,8130.519420610757,10715.8,20609.16,712.17,12438.01,2412.0291688027187,18891.204760116692,615.3717179169042,117.2943376149263,158.4192952951311,2898.745237969064,439.684821381036,4113.050683607237,1.795756184148387
2017-05-02,2187.7127172918576,5576.733760292773,1280.2927721866422,19167.32845379689,8582.480023675644,5304.15,8185.859331733432,10820.3,20733.25,733.93,12507.9,2417.3228461607832,19371.90680119039,614.408702616124,117.36883007179232,158.8700980392157,2911.335357048127,436.7640717768416,4102.708311786811,1.7949781659388648
2017-05-03,2193.9641708773543,5578.824069820854,1277.8318787322003,19253.927423059256,8551.453900709219,5301.0,8222.572591085629,10837.0,20759.31,748.61,12527.84,2390.8594144875433,19176.50728253931,613.4292405486785,117.80178839246538,158.43001466514585,2909.637475405587,437.1874084529548,4018.098128132565,1.7949781659388648
2017-05-04,2175.3561837134143,5530.829805635214,1264.3725249214804,19073.658336747234,8527.176470588236,5372.42,8280.331950207468,11012.9,21169.92,748.92,12647.78,2341.187763811868,18519.472361809043,602.0660199317949,117.18394454493605,157.41045047962118,2897.866270640236,432.30695101747165,3963.5552407932014,1.8203408001819332
2017-05-05,2181.6685610365994,5547.406228688338,1270.2796090020458,19101.559445328483,8613.58593012276,5432.4,8306.457853523721,11135.4,21483.86,753.99,12716.89,2368.33145566779,18801.59375089416,613.1814700103241,115.83772765845659,156.86443754285483,2862.061506080449,428.02289357386076,3938.694874649931,1.8203408001819332
2017-05-08,2196.4298791651413,5586.470157451483,1273.9289637495424,19234.968875869643,8648.25870646766,5382.95,8292.459407393817,11096.3,21428.1,763.42,12694.55,2358.9833270593394,18747.972876312553,618.4152457372115,117.0028189301516,160.81231813773036,2888.4265080913374,427.43140491484866,3970.0371923180955,1.8424622307939569
2017-05-09,2204.368418632455,5628.905136340644,1280.0478226881867,19290.73435416379,8733.967763040504,5398.01,8322.372386083463,11049.2,21486.95,778.37,12749.12,2395.5127550176067,19105.412144535247,616.3873994638069,117.20069598922733,160.0887454618798,2935.9446053306756,429.48170041671665,3944.6803336823264,1.8424622307939569
2017-05-10,2207.9775487670227,5639.620905410379,1287.8082443871917,19270.436142804563,8791.95238095238,5400.46,8292.099981755153,11034.8,21552.81,791.97,12757.46,2416.2542028721805,19562.75942197371,621.7924528301886,118.48158482798362,160.21971740268106,2955.8921882569807,426.1063126466198,3983.482829926438,1.8420467546799306
2017-05-11,2204.5205542512545,5630.86129908392,1279.9337108134237,19260.157436818117,8764.392501186521,5383.42,8282.21105527638,10861.4,21482.52,797.16,12711.06,2421.5157167057373,19801.090653219188,616.52887006789,119.09341350488647,161.40327471194664,2968.046211910907,427.5552117785128,3993.8417637666885,1.8624702953032106
2017-05-12,2187.265574970268,5599.881072180038,1264.9986277559235,19116.832860671486,8768.14858490566,5405.42,8331.120445621404,10897.0,21575.45,789.13,12770.41,2403.1342896067263,19982.115607105723,611.8973743035398,118.18177896964785,160.48345439870863,2955.3450068431594,428.17004123738684,3943.85,1.8613979089991208
2017-05-15,2188.9020501138957,5603.3439635535315,1270.086560364465,19117.940774487473,8757.48355263158,5417.4,8324.118077133979,10957.8,21704.46,782.32,12807.04,2420.6846178546766,20053.33860481462,616.6432725085222,118.77602674770473,159.11154708520178,2967.3506622613377,427.7802011870299,3943.531239446133,1.8605019493177388
2017-05-16,2166.1809158583355,5567.218587863749,1258.4525152267088,18930.521091811413,8767.44565534122,5406.1,8342.573804953843,10982.4,21787.9,788.78,12804.53,2393.9170999402727,20015.573137503463,607.3877578088733,118.33195124177526,158.89458780361346,2934.744182275196,427.1380091979927,3920.4690745828584,1.8576191902106616
2017-05-17,2112.2233175015685,5386.898467604624,1215.0640738417424,18466.645756788243,8720.908879590888,5317.89,8249.266862170089,10786.1,21283.72,789.08,12631.61,2326.0006756421462,19278.761756604392,592.1931616048488,117.32376197236837,160.23677826297916,2913.895177037792,423.34472767522874,3853.1129091332873,1.8492878917401894
2017-05-18,2130.703413491849,5453.598126632442,1225.8668828244618,18610.303521570746,8662.612848739005,5289.73,8208.623381394069,10684.9,21299.26,782.83,12590.06,2311.4230282064723,16457.258506218524,596.0471429517314,114.9303255936677,157.9663125580644,2902.6004618937645,423.0496198924064,3834.102161494003,1.831786031832491
2017-05-19,2125.2163826180067,5428.4821986258585,1220.067814758633,18564.14740787008,8689.398080837453,5324.4,8270.70308919241,10835.4,21567.52,784.17,12638.69,2340.682510856089,17182.400460835812,601.2413337735227,114.12976854855407,157.09053002966883,2889.21316592834,419.4504924831519,3813.186418109188,1.8304764799513682
2017-05-22,2130.290087204129,5457.928457020823,1225.4315714539957,18593.014771311624,8671.802880444213,5322.88,8303.427474636688,10793.4,21318.58,788.53,12619.46,2333.491145136798,16798.8151336039,600.0922630815869,113.592651763379,157.3444209011314,2899.564346033722,416.21492398446736,3839.6613552443364,1.822996035984714
2017-05-23,2144.605892609648,5489.0776590512805,1234.8370367058612,18722.144230339338,8676.08229498696,5348.16,8306.682555687965,10916.3,21415.74,783.03,12659.15,2353.3624385417197,17132.364560976614,603.7117903930131,112.4232162105463,156.88741351037874,2904.7276012097723,416.15609730774975,3851.937943025277,1.8411143498829263
2017-05-24,2143.141099919779,5493.377306355291,1232.2934307870578,18729.316338354576,8690.257299797628,5341.34,8273.891941391941,10907.4,21369.73,766.03,12642.87,2392.05188295115,17198.613395685214,603.8424464018614,111.56058073418117,157.82389384068108,2919.3765965385605,415.1336386452431,3858.973878725041,1.8486071667889852
2017-05-25,2154.2928504527003,5535.221444181793,1234.012755898488,18806.43147049641,8677.952210550617,5337.16,8288.312998807449,10937.7,21291.72,771.82,12621.72,2381.795534782919,17228.94708158483,601.204062055506,113.77603293826927,158.03724974076732,2933.624054298435,422.69220779220774,3849.740674246958,1.8529388504001771
2017-05-26,2160.2611106143254,5553.2415273182505,1236.0189573459716,18850.299561834927,8641.170072700212,5336.64,8300.771137427708,10904.2,21210.57,778.35,12602.18,2399.3968703899095,17578.11424261126,604.6884351931901,115.49312781528565,158.10183103115963,2941.6832552189403,424.83760728354156,3830.2267505743685,1.879563645649624
2017-05-29,2163.646948188617,5561.945277864852,1237.9562043795622,18879.844162822985,8681.423970554406,5332.47,8291.526668502709,10884.0,20783.82,777.19,12628.95,2397.257312169805,17536.976731393366,605.5792276964048,115.17145662703425,158.45566155456262,2950.0565295991278,425.56199410730966,3803.5722616548364,1.8792189122274578
2017-05-30,2157.1767019802423,5545.742255598766,1225.8638415806179,18800.65263063788,8651.658141272488,5305.94,8269.108601854403,10876.9,20814.48,776.02,12598.68,2354.744496248642,17552.038198208087,602.769659936238,115.20389611112452,158.70513751108962,2950.462917788326,424.7268080223248,3816.119731704875,1.8784303667607076
2017-05-31,2145.0615911415484,5512.980833370392,1218.6685640592343,18685.15142082092,8621.324161650902,5283.63,8285.829810696563,10880.0,20731.68,775.24,12615.06,2330.2787348937804,17286.363636363636,597.107941631806,115.1350051222062,157.77254114813329,2928.4287768470545,426.35270148493515,3783.2138254634374,1.8695880722546117
2017-06-01,2167.1809506822437,5571.060376348881,1245.0370106126816,18856.844733791135,8666.019529006318,5318.67,8294.200900652513,10881.0,20936.07,781.85,12664.92,2348.7763809961157,17088.99161854072,602.4811930843341,115.72864660953954,159.05838539163864,2950.7211249892816,425.6815353376564,3773.5926607917927,1.8590605623305159
2017-06-02,2161.9127814217336,5589.257223896472,1245.6922531466053,18796.569757135258,8620.936607652771,5343.41,8321.641516378357,10905.9,20928.24,786.57,12822.94,2339.4853238357455,17057.286308752304,599.0861275476661,115.67639918583156,161.97543549811348,2950.9615877153537,423.22071060969813,3820.032338965153,1.887440513138837
2017-06-05,2164.556399662357,5593.922431027589,1240.7925718601448,18822.728686303257,8628.479706489337,5307.89,8331.607554122524,10884.7,20721.04,786.57,12822.94,2402.2608891939535,16830.510301707294,599.4988129781061,116.47936955294117,162.2557213530145,2949.601405061415,422.825838551495,3828.4080627993612,1.8734339407744875
2017-06-06,2154.138771890933,5564.229660829084,1236.8876080691643,18741.946353358457,8615.204075791402,5269.22,8205.849299926309,10879.7,20760.01,777.53,12690.12,2393.245238173964,17031.121751951196,600.3888357992553,115.56693555104204,161.93791538336848,2960.680120262391,423.9425316604357,3773.4099004627324,1.8734339407744875
2017-06-07,2161.4462112463357,5594.1902816025595,1240.7124455894111,18809.363062983037,8609.474471881655,5265.53,8177.549516351912,10871.7,20739.91,774.29,12672.49,2401.572976426798,17164.093576785133,595.2653383310318,116.24126978122176,161.66170522569163,2958.9223364565833,429.9060778175021,3801.1751291166406,1.8712260560700242
2017-06-08,2170.313893347601,5637.381844123418,1262.3595505617977,18889.36151239522,8605.232457406873,5264.24,8119.063853312449,10953.1,21042.41,779.05,12713.58,2404.9983831930467,17157.346930406136,599.8019540533404,116.99036571156539,161.39153696498053,2978.6694705082346,432.6483778751082,3819.9212677904507,1.8706825592807168
2017-06-09,2172.0959314010092,5545.013621544371,1269.894153901121,19000.464472332635,8569.364754098362,5299.71,8151.35458901585,10978.3,21122.42,782.1,12815.72,2412.537774448449,16853.518455807654,605.1193633952255,117.52092379739408,162.0047759744202,2984.799821120406,434.6144244287648,3819.1914707563988,1.8906503032419903
2017-06-12,2168.5173614210476,5512.327055253057,1266.8124609479603,18955.34231902169,8486.550302208665,5240.59,8111.853011604347,10842.4,20910.23,784.6,12690.44,2417.99311841378,16598.353621628892,606.9270449521003,116.40442596796454,161.64810003247808,2942.3491373143725,431.76974941078373,3822.148098283407,1.876493199525678
2017-06-13,2175.8726762070346,5546.226204805848,1271.4368507868573,19016.949757032675,8533.409181409635,5261.74,8170.9085882786585,10882.1,21088.78,797.13,12764.98,2422.209585317388,16634.11084207694,609.5385651734591,116.50895999672811,161.2736556307493,2958.10925235142,433.3293974101625,3881.3729577085987,1.8827549572263316
2017-06-14,2173.2216081297915,5522.276698163666,1263.656623284008,19053.79746835443,8496.53290894623,5243.29,8117.9708283643695,10775.8,20960.55,800.97,12805.95,2451.8948189446082,16859.181312024393,600.9690444145356,116.86010068380675,161.75984380084608,2941.897415199559,430.34053695767733,3945.9582671040616,1.875115582496266
2017-06-15,2182.557200538358,5532.077164647823,1265.213100044863,19165.4553611485,8490.913252460516,5216.88,8144.44342226311,10699.6,20847.51,799.73,12691.81,2443.0000462353255,16965.186301369864,604.4222056934208,116.73805828397931,160.4256592784339,2938.6123818938368,432.3709859173493,3918.6700210783983,1.8709843533372945
2017-06-16,2172.940388479571,5493.869167224827,1256.2893503014066,19097.36994864925,8515.64835415597,5263.31,8224.71095613874,10759.4,20940.73,806.12,12752.73,2454.1308510001795,16712.926627523833,605.7455725294038,116.5267971406746,160.65136136619944,2933.653488412027,428.9000059009042,3929.516129032258,1.886822448571999
2017-06-19,2200.708615508813,5596.2775261245915,1271.9917477687582,19311.100148001977,8595.692905289616,5310.72,8302.197297048819,10848.9,21014.25,821.22,12888.95,2455.919431951906,16943.955518518014,610.849504681775,117.5637745943579,161.39416117098278,2976.0704855929284,433.11697279381303,3956.498210938831,1.8679682329583058
2017-06-20,2188.719744936908,5557.52840271229,1260.0206565180295,19279.841932731597,8476.785207872497,5293.65,8309.743070264296,10746.1,20810.02,827.01,12814.79,2421.0145607339127,16403.5551836305,604.434214534746,117.64206254259003,163.01700241740534,2977.4288133738114,432.46186217780115,3919.6963507625273,1.8783436662596922
2017-06-21,2180.8828796561606,5581.975286532951,1252.910100286533,19170.872134670484,8449.954617653733,5274.26,8272.518873135703,10740.7,21071.91,823.32,12774.26,2405.3943233156547,16307.717494867082,599.5567941443105,117.16302628172765,161.91341051616018,2956.288327676466,433.37659953849374,3831.942781779446,1.8620262062538013
2017-06-22,2182.918628110289,5592.190091907643,1259.3947545393407,19186.092804303968,8459.506481692062,5281.93,8344.491564487877,10709.9,20930.26,814.81,12794.0,2426.7448031669146,16436.780900006706,607.317321047461,116.91554601089116,161.97253543814435,2950.196779141985,432.4366517766364,3858.7603976465816,1.858224692500059
2017-06-23,2178.220475254601,5596.971591924245,1263.8735036626765,19112.70323387529,8434.594410361282,5266.12,8326.011613973638,10630.8,20833.88,820.52,12733.41,2430.9599508455617,16324.073059604772,607.0028954279173,115.71057118358283,161.61083684527392,2938.5055662078244,432.1496939088848,3864.81963555225,1.8703214442976661
2017-06-26,2181.2466463959936,5586.7912716866385,1266.893221248435,19146.440708281163,8472.381819216109,5295.75,8388.871516600755,10696.6,21001.95,819.09,12770.83,2460.308333758683,16872.345216777903,609.0491626148029,115.9605673280994,161.14944826483284,2961.4241727046915,436.1272526423814,3880.3106875148387,1.8710667930410532
2017-06-27,2133.6802187141725,5420.777846370933,1237.7811094452775,18794.126466178677,8402.7804464538,5258.58,8329.128798310843,10647.9,20790.86,822.77,12671.02,2406.2629442465413,16415.272011072073,601.6103167178939,113.33203391332091,158.7526687598116,2935.011727557204,432.6455053852527,3821.3067174908883,1.8846866012685652
2017-06-28,2145.0957989101776,5479.354895412199,1252.6542450342768,18856.22253471612,8392.842942345926,5252.9,8318.8800293282,10702.7,21047.8,822.62,12647.27,2429.0408067115027,16615.44252588713,609.5443515772446,112.77704886789842,157.54576403834866,2896.2488088995638,429.53398346872433,3865.347033343407,1.8485937075687628
2017-06-29,2114.9375054628094,5370.465868368151,1237.8288611135392,18605.92605541474,8356.909783411971,5154.35,8179.277549154094,10531.1,20704.65,819.72,12416.19,2383.3250010657553,16464.89510859501,602.1711366538952,112.2111535337216,157.54645681561416,2911.46007949901,430.00135228245966,3907.517378018066,1.844191435147764
2017-06-30,2120.9609662173984,5374.07666725013,1238.7187117101346,18685.130404340976,8337.384562763653,5120.68,8154.252494735877,10444.5,20584.23,823.74,12325.12,2407.0813080195667,16645.26774018551,602.6125700398298,112.84108097952493,156.01752268213855,2893.709883025501,431.52487464264277,3850.911660777386,1.8342088512948718
2017-07-03,2137.46040126716,5376.680746216121,1255.4382259767688,18901.152763111582,8397.848483123684,5195.72,8228.88848296648,10604.2,21013.14,827.65,12475.31,2419.949098600936,16865.559701492537,603.8354867077048,114.21383520546374,155.6583491792464,2904.767644905086,433.06916473122726,3832.0641768909263,1.832169009342648
2017-07-04,2140.9457494160683,5385.4479749680495,1257.485346613195,18931.973028954213,8378.101691055059,5174.9,8188.572471705002,10566.7,21031.05,825.89,12437.13,2423.1978519252048,16841.323194523975,606.4316130131152,114.41964326709657,155.86951447245562,2864.8815468029766,432.0083465097592,3876.422371904426,1.8286232245873055
2017-07-05,2142.6407117061567,5417.82788690214,1250.902845062979,18918.49731348542,8394.690366319148,5180.1,8180.995888533577,10523.6,20939.39,841.34,12453.68,2420.9863892700528,16915.087315191773,606.7237745597932,114.88100312100067,156.18004355265202,2885.4686263425665,435.0146676941608,3860.05157228492,1.830517957600748
2017-07-06,2109.559660334413,5330.876302197321,1226.3065744550465,18664.13376521054,8331.664111735648,5152.4,8850.662284633006,10498.4,21084.19,843.25,12381.25,2397.799222301751,16591.283447314258,599.689713322091,114.71845744770172,154.58527910932426,2857.9691927835925,433.02464170104327,3824.387036791074,1.830342564983098
2017-07-07,2127.1642838347516,5396.965178493116,1241.8559775458293,18782.861152530484,8312.229320970204,5145.16,8086.7273554847525,10488.8,21015.1,837.43,12388.68,2427.5112333996394,16659.288960171078,603.808031608706,115.08644682666373,153.47778205621873,2847.8944943302504,434.3220202462803,3805.0408619366885,1.8063940734893391
2017-07-10,2129.3245614035086,5417.885964912281,1235.5,18779.40350877193,8328.188033222215,5165.64,8121.16589485154,10509.5,21190.67,843.83,12445.92,2472.913732278248,16982.044027699187,605.9269844510225,116.41873059969565,154.46907692307693,2865.851493048922,433.8110434193985,3819.9819825831637,1.8076476525091252
2017-07-11,2115.1340745585353,5400.7412252016575,1232.2214955308482,18669.343797689122,8212.156181726514,5140.6,8023.5714285714275,10449.1,21111.7,844.33,12437.02,2459.625511425447,17101.256496811875,602.9439567859554,115.40939056614158,154.55921631653467,2900.7555206815377,430.0060247913756,3815.0874038557595,1.8282540021670457
2017-07-12,2140.9481247809326,5486.479144759902,1248.0897301086575,18867.981072555205,8374.5610568509,5222.13,8188.555858310627,10560.4,21432.55,843.22,12626.58,2504.0730181337894,17710.75994318182,613.2032028592048,116.68433249384779,155.6445442577248,2919.592390390458,432.3087449329994,3817.28933292966,1.8131694854864264
2017-07-13,2147.5018642803875,5504.619028819581,1250.7435188840636,18908.707286046407,8415.75661255534,5235.4,8159.102854553693,10658.3,21521.91,853.54,12641.33,2529.436870230826,17792.73312950426,615.3437693952142,117.67720988789567,155.66767348203223,2958.648144820771,435.8878190412757,3890.387901803879,1.8426107903490991
2017-07-14,2144.2758740953877,5503.941058505537,1245.8104455488708,18866.2830238033,8425.224093634028,5235.31,8187.195287720888,10655.1,21492.29,856.47,12631.72,2539.945807584158,17942.467781738414,617.1391130422788,116.94431817593713,155.87557139536688,2952.542012575802,434.27269919703525,3937.5180138646997,1.862637405021792
2017-07-17,2142.3879426754365,5501.093348434029,1247.2012893670776,18843.681665722874,8421.439945404914,5230.17,8181.995111795057,10651.2,21484.84,858.08,12587.16,2542.8087247191793,17847.072346364894,613.433962264151,117.24462455894347,155.61033335911517,2956.549613545995,428.10724557486543,3911.2939177709823,1.860852350332254
2017-07-18,2129.5685663594268,5490.769829936388,1235.544593015708,18672.14505171145,8340.164766956326,5173.27,8136.650353452964,10524.5,21358.2,848.07,12430.39,2530.1157274569614,17925.77848500645,612.0485230621616,115.5879598796855,154.44542260318931,2934.337076165717,428.26922213455975,3896.5408331049603,1.8734622958415381
2017-07-19,2148.261039468542,5544.735356693152,1252.0255308063045,18792.714167860708,8400.305222699524,5216.07,8209.898107714702,10588.1,21478.95,853.54,12452.05,2528.19860591829,17974.96518345904,618.9990700237661,117.04009564280348,155.26666408158516,2965.550366911274,435.21498115779866,3958.5131728876763,1.8680063344659525
2017-07-20,2126.6013240478032,5493.938612329121,1240.0911357578882,18581.188203937752,8351.871061290502,5199.22,8154.0691897750885,10564.8,21438.63,854.54,12447.25,2514.8197137251623,17890.74028156597,615.20180290924,115.41436385688398,154.77979254706108,2942.7208398903917,432.2782113169627,3942.4175448200353,1.8879524965594026
2017-07-21,2119.986281402727,5476.935608334048,1231.1069193175,18503.018091400158,8304.07799442897,5117.66,8095.163919579786,10426.6,21202.16,845.97,12240.06,2503.551316018817,17652.29303969326,612.6230853391685,115.45471303881278,155.08468037498554,2933.703532823623,429.6848173841426,3884.1047916383877,1.8730056800373063
2017-07-24,2121.551279848823,5506.62257344099,1235.2259062016835,18478.921147569148,8256.650439259134,5127.7,8078.284157966409,10446.5,21326.58,849.07,12208.95,2503.0288877993767,17768.799301252835,612.55922543432,116.08652825815335,154.43115577889446,2953.7228453705793,433.1463032940189,3871.542335965151,1.872912432961022
2017-07-25,2125.83565758421,5502.827719373526,1244.7028534649219,18548.320102982194,8310.775765705343,5161.08,8078.362255965292,10523.4,21457.45,843.05,12264.31,2496.4640966658862,17771.764928756038,614.8598098767975,116.10323661437967,153.12461632903623,2949.089531256864,432.0490401185306,3900.2853737442533,1.8781753240754997
2017-07-26,2111.666950741435,5473.623657746719,1229.1460712459518,18502.65041758991,8333.132058593312,5190.17,8061.639167862268,10575.4,21577.56,830.21,12305.11,2500.00169572904,17653.203535497534,611.0723089564503,115.85622740754798,153.6999616711384,2965.4070951337903,429.19242902208197,3941.340019786443,1.8728872887288732
2017-07-27,2119.9109360280895,5465.607604692987,1227.729725100625,18666.2242014216,8327.377489371223,5186.95,8026.5153538050745,10603.4,21634.72,818.63,12212.04,2476.596982416029,17730.950279094403,609.9877200163734,116.68328519718793,154.577675134719,2978.125497384785,432.27809918142617,3946.925018762366,1.8594760795774536
2017-07-28,2103.5568413886995,5424.33628318584,1216.1844792375766,18575.825391422735,8236.036438830828,5131.39,7926.276474206873,10536.1,21430.36,820.02,12162.7,2450.9216033002085,17795.231755692006,608.6775021385799,116.09408877780892,153.4782006920415,2940.372731731241,430.3038722877567,3875.7754519505233,1.847370121876154
2017-07-31,2086.0496537747003,5360.6823171761525,1203.4622529978046,18486.007431177168,8226.760406204665,5093.77,7961.139440829963,10502.2,21486.91,812.21,12118.25,2419.8789013839437,17805.23188288361,603.1130511284811,115.66229498363973,152.61320465686273,2967.370210085631,430.3268449761787,3866.047171723998,1.8262254212682512
2017-08-01,2098.334957420667,5391.636656357242,1210.2953014447314,18611.125704359612,8305.263746713654,5127.03,7942.285764406633,10586.7,21612.81,817.74,12251.29,2424.821317772547,18027.289111728434,604.5076704737446,116.5045168833949,153.4535472972973,2984.743687005527,434.94399878916306,3897.4855676715842,1.8263058717117662
2017-08-02,2089.718286099865,5366.607624831308,1191.717273954116,18569.70310391363,8265.688953326271,5107.25,7956.288156288156,10513.9,21573.61,826.02,12181.48,2423.6920025467634,18190.078031863013,604.0340985367163,116.465968309965,152.9441693959936,2978.5279647850853,431.7071334462638,3860.219078659991,1.8388489535597148
2017-08-03,2082.695871946082,5341.482729570345,1183.8500421229992,18556.116259477672,8274.042506088113,5130.49,7944.8782608695665,10549.1,21793.72,825.8,12154.72,2421.5416020874336,18074.25161045851,600.0669366444661,115.43971564736577,153.33991731740926,2963.92498412049,429.91703300493543,3840.6971371170266,1.792750433757201
2017-08-04,2104.001019367992,5395.4808019028205,1199.7281685355078,18767.252803261978,8318.615725359912,5203.44,8026.755882095688,10658.4,21935.79,829.5,12297.72,2437.5717690056676,18147.96609020007,604.6931650328992,117.08107218001292,153.12609363008443,2999.954286709405,431.28380894670727,3851.8546948119724,1.7884233474190319
2017-08-07,2103.268195498283,5412.038489254376,1198.9063625959052,18751.5747530838,8323.505359708255,5207.89,7979.022137005403,10676.5,22031.17,827.86,12257.17,2430.2249751606573,18422.807635988935,602.1260237339128,116.94768798559494,153.53203705121334,3000.8355413950612,433.21455825129453,3872.91967130639,1.8080167027202219
2017-08-08,2106.3148936170214,5421.668085106383,1200.1276595744682,18796.03404255319,8337.272023875317,5218.89,7996.447896666085,10734.7,22048.3,830.44,12292.05,2446.3013632037455,18475.399308862347,605.0713685978169,116.60973982723297,154.2306980331662,3033.6925565109423,436.0665304931427,3867.1967682208383,1.8010228255555973
2017-08-09,2103.9374096436773,5402.100518751595,1187.9836720809594,18750.488987158773,8292.479539924796,5145.7,7958.344353345675,10596.0,21848.37,833.61,12154.0,2427.668623173711,18235.01704369383,601.5200214276148,115.0194338089942,152.48134414831983,3024.1587631898633,437.11972068783166,3867.8804548351386,1.7892196116944925
2017-08-10,2071.1943594971117,5281.065239551478,1165.9361196058444,18555.903839619434,8144.979609831366,5115.23,7902.746136865342,10450.0,21681.61,833.78,12014.3,2406.096389733351,17919.981810400168,592.9276096520464,112.62365374554919,153.4552383915377,2988.0289395894238,436.5248838710089,3853.8515570124096,1.7681746989306133
2017-08-11,2065.327185821243,5292.974070470793,1162.5819550780423,18491.874286197708,8047.071774548657,5060.92,7825.279661763411,10282.9,21354.02,823.55,12014.06,2403.3170407630614,17841.200386708868,591.6299559471366,111.15890621809946,152.86669507612444,2915.560640732265,426.5270373191165,3802.903710630907,1.727903165735568
2017-08-14,2093.2427843803057,5382.198641765704,1183.6247877758913,18670.382003395585,8093.649570768215,5121.67,7899.300271144933,10461.2,21722.11,827.77,12165.12,2444.059929000776,18177.00078527412,595.9092425759093,113.13541732617624,151.27448703058457,2956.742944565606,431.4190822792864,3819.12492918791,1.7225444616633458
2017-08-15,2100.22155943758,5396.685129953132,1178.7302939923306,18746.467831273967,8098.102654090809,5140.25,7904.332573232766,10481.5,21722.11,827.77,12177.04,2456.9085116738265,18376.498104685863,595.3974615898462,113.51611978073706,152.08892824145366,2963.9483012488413,434.0084635582635,3837.4246009264502,1.7225444616633458
2017-08-16,2096.9498725573494,5390.917587085811,1175.4715378079864,18712.71877655055,8143.555190358806,5176.61,7918.275801647101,10544.3,21984.85,842.41,12263.86,2461.11772615637,18491.757538179514,598.7608593171258,114.33759280818568,152.14405243878926,2993.923472675835,431.79217546466515,3895.953936292006,1.7573507951356409
2017-08-17,2072.6799727055613,5306.985670419652,1159.109518935517,18552.311497782324,8109.181713407607,5146.85,7904.391623221702,10443.8,21788.86,832.06,12203.46,2437.0688942425563,18261.292965654342,596.2191799253254,114.88722461718478,153.37560330063832,2976.6628203174328,437.35676684043756,3887.2691195264683,1.7599710853429515
2017-08-18,2062.191804114947,5285.2661112055775,1154.387009012073,18427.571841523553,8017.493158182813,5114.15,7854.102132932119,10385.7,21814.96,824.85,12165.19,2451.8566736465345,18566.754481957334,595.1702242637126,113.99944149151679,151.597383890684,2942.6240120109014,436.2623778148776,3875.0650664149416,1.7701493657584628
2017-08-21,2055.154028436019,5258.234597156398,1148.3581584292485,18368.102572782667,7991.352295681607,5087.59,7825.050647405972,10360.2,21752.8,826.46,12065.99,2456.4773324883186,18357.14992577932,593.7992855698591,112.33180761633983,150.6204030911421,2936.5299766415783,437.09144932320896,3847.501679881736,1.7548173648678858
2017-08-22,2085.113076007482,5354.089440571332,1166.077197755484,18619.188913450096,8048.124727431313,5131.86,7870.603213627183,10409.8,21729.48,832.78,12229.34,2471.2703219252935,18829.845889029344,597.5158222492977,112.77955633391092,150.40806983511155,2975.919329264319,439.7187466103479,3867.447538337369,1.7595515815157556
2017-08-23,2069.9047215752703,5317.306796527631,1160.0592843531654,18473.080669066272,8003.306412271668,5115.39,7859.013948591982,10338.1,21620.28,829.16,12174.3,2455.4881990432823,19001.019101411373,598.5699831365936,113.52646508027262,150.95452250572836,2963.4159398268557,437.9258373662153,3840.645334047396,1.7710586386259026
2017-08-24,2067.0989066870075,5315.1368760064415,1164.4037630307655,18462.073057038735,8035.430679106097,5113.13,7855.107597716294,10357.4,21729.87,835.55,12180.83,2460.6525526312266,19150.53575274607,601.0494245091402,113.8828414165603,149.72744855330342,2978.9610994138116,435.873036066408,3847.887352241905,1.7780438703497206
2017-08-25,2048.507462686567,5253.764883447929,1154.9974844876738,18290.851920174406,7999.84868136619,5104.33,7825.481064932784,10345.3,21746.5,835.3,12167.94,2450.337986288216,18865.682774363944,595.6385874130573,112.74053371757407,149.18217723072203,2998.908045358116,440.03960071382176,3819.9441359358893,1.7879097667496038
2017-08-28,2040.4374321729692,5245.028800400702,1153.8776191668755,18205.526337757747,7990.780026990553,5079.75,7788.621386521396,10285.9,21726.21,838.47,12123.47,2394.2482060670313,18720.590483722153,590.9230461189348,113.25142004009977,148.6086491442543,2979.0433118431324,444.8619970946757,3795.5867982849736,1.7563502178487804
2017-08-29,2043.2658174984342,5263.637502610149,1155.7151806222596,18263.00271455419,7917.8051149239245,5031.92,7739.520590043025,10192.6,21408.62,822.67,11945.88,2402.4430039866193,18823.26195094275,591.9556727527622,111.8421311224643,147.35017693390662,2950.7580145492034,446.25504086503463,3763.1597464237107,1.7644416588321319
2017-08-30,2068.1561895144328,5359.1769755112355,1170.8491121770596,18423.31902718169,8010.506280928817,5056.34,7742.5297410776775,10245.8,21503.46,823.65,12002.47,2431.7085532400206,18875.818820897908,592.692846189746,113.92989437068371,148.88215539612273,3012.7298853656184,449.5128720451718,3770.8882311861926,1.7591934802114926
2017-08-31,2075.2728799328297,5397.699412258607,1179.9160369437448,18428.295549958017,8067.5533358666735,5085.59,7811.526343427271,10299.5,21670.02,825.48,12055.84,2403.859658346258,18893.363917635765,600.4036055428494,114.18699866842356,149.99419758741794,3005.991499056943,448.45430047588405,3813.1118006205584,1.7693448035758406
2017-09-01,2088.3295387469434,5426.536807487983,1191.9807740956235,18540.812884728897,8122.850122850124,5123.26,7819.519020550942,10325.5,21858.56,818.66,12142.64,2417.6862067806733,19304.83539785004,606.2650930240468,115.31105967556452,150.59245946772717,3007.4300407759256,453.3486748645296,3846.265999260926,1.7580138840214452
2017-09-04,2081.834229993275,5409.658708809684,1188.273369199731,18483.145595158036,8056.821393629742,5103.97,7781.985778245982,10243.2,21790.62,808.88,12102.21,2390.4791468246967,19299.194627280995,603.3102047723811,114.2048408529343,149.43697575548663,2975.879936063164,455.5758636667868,3807.9337518365164,1.7461548839719374
2017-09-05,2062.993117340943,5351.326170891388,1174.8027530636227,18258.61171730737,8065.769609451921,5086.56,7782.363779942089,10179.8,21737.69,812.85,12123.71,2358.5513174700523,19429.87019981688,599.7761194029852,114.53007793929447,149.5357142857143,2973.4609551269336,454.97512916787,3829.6845637583892,1.7283512238606393
2017-09-06,2068.9267433078794,5364.865318452631,1176.6384157086516,18299.60560543761,8048.735908941666,5101.41,7785.1230228471,10131.0,21814.56,811.7,12214.54,2382.5764346816754,19875.294085795893,605.9031472011532,114.38781051717608,148.70156706099246,2955.8882246211974,456.0269594129639,3819.5059242103853,1.7201435541516517
2017-09-07,2050.32021957914,5321.359061798221,1163.3286201447227,18119.25476170673,8060.346518470087,5114.62,7788.265127667017,10124.9,21722.51,811.04,12296.63,2364.928229642553,19701.410265011742,604.1666666666666,113.78059271683243,148.7463190184049,2933.0562571267196,451.94037506010585,3808.486613119143,1.7353604686425197
2017-09-08,2045.2264229331115,5284.744495222268,1162.8001661819692,18111.998338180307,8090.804408619839,5113.49,7822.390941806371,10129.6,21776.66,802.72,12303.98,2349.8076381720934,19671.810815903522,601.1348487438044,113.98323664348575,148.5077432776023,2946.4947871739987,451.763635081692,3798.5823818930594,1.7254930832149245
2017-09-11,2081.577846565716,5381.293399146658,1183.6610056052873,18453.42591817954,8164.297120202633,5176.71,7872.933648873695,10322.6,22134.11,806.06,12475.24,2384.663320390189,20037.797759473706,610.1968911917098,115.29411704667346,149.46677372486042,2986.2922824652956,453.00226138540285,3837.546935348447,1.7421370178638682
2017-09-12,2086.1368764101276,5393.39851257625,1189.4877580011698,18483.21216679201,8215.230060498418,5209.01,7892.616162496732,10336.2,22233.4,810.75,12524.77,2379.309824741335,19931.412527575372,609.9245541838135,116.02671753745376,149.99901399370472,2995.9450341126953,452.5151522901056,3849.5648970021775,1.7504754575122285
2017-09-13,2101.8550456400117,5434.896731586253,1200.429058175241,18641.467210701216,8203.312583370387,5217.59,7885.237763455843,10371.0,22233.3,809.98,12553.57,2377.7427765788575,20067.769504259744,613.649400463043,116.53801261071108,151.27218732153057,2996.721170580779,455.65391810835314,3859.2186502737745,1.7453596201913832
2017-09-14,2093.8165953519588,5393.97600469838,1195.5868780937997,18628.643342562296,8199.831403843993,5225.2,7901.942508710802,10361.1,22281.14,790.97,12540.45,2379.715466768996,20082.212747642938,614.1255991999172,116.25314806481039,150.75302534439456,2994.87865098276,451.8063500595078,3854.694206549119,1.7732086391026785
2017-09-15,2093.468977643808,5399.372017081136,1198.7858996901953,18645.516201959308,8212.463009333029,5213.91,7860.047013755876,10317.4,22229.49,776.2,12518.81,2366.6717392736878,20406.066074963972,611.776015380918,116.07678178707316,150.39658558694668,2973.4059729900237,448.75571031530524,3815.7587939698496,1.7677604332589998
2017-09-18,2094.587585745357,5399.56499916346,1205.5211644637777,18681.069098209802,8187.470369116152,5229.32,7881.628919860628,10338.4,22364.74,760.79,12559.39,2366.695878495118,20265.722591140628,609.3449038625149,116.65640327405814,149.27460168697283,3013.5772610040344,448.101797359631,3809.795211614665,1.786093610358148
2017-09-19,2089.91995997999,5387.126896781724,1200.93380023345,18651.65916291479,8194.233260122768,5237.44,7884.505332524062,10378.4,22425.42,762.86,12561.79,2354.4930520489734,20205.07958459104,609.8775482514161,116.07347728018087,151.65767650354877,3000.6321869818685,445.1551626976338,3815.7905633285473,1.7914049929932008
2017-09-20,2109.0052972336666,5428.436895652905,1215.3535693264946,18845.194652316488,8250.921881204971,5241.66,7883.211995146473,10292.1,22355.58,757.98,12569.17,2383.467246932639,20401.05489196081,617.5248234210258,116.89735264049575,152.17247321495466,3006.086384986561,450.7586753713449,3855.6696157222937,1.779577864831168
2017-09-21,2094.129469893644,5378.686877145968,1209.4296960053598,18724.755045641068,8261.00307062436,5267.29,7870.857389056439,10297.0,22491.73,765.99,12600.03,2366.9680219380894,20177.021923913475,617.68222267509,115.14722368261761,151.48511018463373,3020.148051055052,446.7946681576172,3757.6279857812033,1.7930053048816832
2017-09-22,2093.207294629413,5376.376108415593,1213.6356031453906,18696.327589091517,8255.945793337098,5281.29,7879.879258300991,10305.0,22530.83,773.94,12592.35,2372.686721096481,20189.807313774592,616.2737848929892,112.81251846614273,151.6924514200299,2982.9436215114506,445.79301587301586,3786.9552467593053,1.7659874909435025
2017-09-25,2107.241728561782,5376.932815665091,1225.489534098582,18818.441931127614,8298.806546942486,5267.13,7945.471140472878,10216.5,22389.57,742.49,12594.81,2371.0657332070477,19883.928523731935,622.4807259330013,111.94865914428996,154.08354736365013,2965.4278520323714,446.0562796774913,3807.29946076297,1.757219630307683
2017-09-26,2117.222080895446,5410.124650216229,1235.3599592978885,18896.226575086916,8314.681883024252,5268.76,7980.429071803853,10189.6,22430.65,740.37,12605.2,2378.128823593024,19901.372394124814,624.9433418034477,112.11062332155775,153.59768812330006,2993.1798648810363,447.13048808520426,3792.663434208326,1.7715897389980753
2017-09-27,2134.650261824684,5494.708161266976,1264.2598663204053,19022.27425603474,8335.434237519947,5281.96,7956.781810231745,10368.9,22622.19,736.64,12657.41,2345.838297538066,19674.920017063025,627.6918876488857,110.40505856375853,152.93001320505564,3017.4031219299204,449.0053322395406,3785.2719860999737,1.7711958672071548
2017-09-28,2129.696249787884,5475.5218055319865,1263.1851349058204,18989.64873578822,8351.756386861314,5293.77,7959.608665269042,10328.5,22587.67,754.76,12704.65,2342.156576042425,19612.948719657685,628.1256401502219,110.89651437896599,153.78830904010272,2979.216235889747,445.2417480981633,3780.1293290223653,1.7733424000358682
2017-09-29,2132.5207381073305,5498.527171152869,1261.943456915524,18964.863721008973,8360.56018597267,5329.81,8006.1724077635945,10381.5,22696.32,755.61,12828.86,2334.4631751925676,19888.76842147532,625.7271832467841,111.46070892069562,153.17566499868315,2984.069397214581,446.12898916714903,3767.5203076821062,1.7725391784553657
2017-10-02,2155.7449710194337,5554.653937947494,1286.6263211728606,19227.41220593249,8417.834106597262,5350.44,8088.701207771747,10255.7,22811.19,746.48,12902.65,2360.8712115899757,20091.8157254796,630.6397765210875,112.23975581223134,154.18925251303756,3006.4702673213314,449.2093076878735,3821.9725826356694,1.7725391784553657
2017-10-03,2158.191416893733,5561.742166212534,1287.4403950953679,19279.351158038146,8419.04064032467,5367.41,8110.194810867476,10257.5,22784.82,752.44,12902.65,2365.859370179732,20798.157605971526,632.3979678816189,112.63683171311658,155.53093405764298,3068.525870378539,448.7896336586146,3803.6232029087023,1.7725391784553657
2017-10-04,2158.0339300140313,5556.894425783409,1282.163357285599,19270.92138271185,8411.805125316812,5363.23,8101.902434767432,9964.9,22456.38,750.72,12970.52,2353.6156290538725,20772.81332212308,632.0428055347284,113.85666328963667,155.54963990799746,3090.9762234106283,448.16159085971344,3778.8694256869694,1.7725391784553657
2017-10-05,2179.207582614636,5623.226026812398,1291.1706942191101,19447.860985398343,8410.42903551025,5379.21,8084.011171234073,10214.7,22566.03,744.8,12968.05,2330.7251664328137,20740.22440886266,632.2199191273913,114.12114162849294,156.1291201513718,3102.1091235031454,450.0539028209143,3762.0754842574715,1.7725391784553657
2017-10-06,2172.600988580194,5616.311573206068,1287.0461905573547,19408.275098005794,8376.894382272701,5359.9,8062.147089578251,10185.5,22392.31,745.55,12955.94,2310.6072681088353,20537.004833526855,630.1845745946498,114.50821111132849,156.53434710243604,3107.655011247734,449.1719076225487,3781.6515462552147,1.7725391784553657
2017-10-09,2167.4800902857633,5604.301350027682,1280.6609599250457,19386.7978365487,8404.197682879052,5365.83,8053.700965469254,10236.0,22476.75,750.17,12976.4,2283.986032965304,20227.242374058445,629.1793931989412,114.66565452067692,156.41601149077712,3091.578717598909,454.24334556767565,3790.0402826388427,1.7725391784553657
2017-10-10,2160.3692881040106,5579.341887943083,1277.270994791005,19337.381950620424,8430.654811832468,5363.65,8046.5138490926465,10142.3,22335.91,755.03,12949.25,2248.3391472737453,20485.15903884064,629.426096372496,114.70271019292086,156.83896964675753,3089.6760760413395,456.5823731085505,3780.169966072664,1.809228230326638
2017-10-11,2154.6842060882027,5568.386879163504,1270.6973606543554,19287.368243528123,8400.301053687906,5362.41,8044.226428199341,10278.4,22552.21,748.61,12970.68,2259.8073968376016,20376.3090744777,630.4344883595019,113.78325658691952,156.5195262723934,3071.051734862212,453.9780433503083,3790.5749466425873,1.8283079211602824
2017-10-12,2156.2317738049956,5571.624191707874,1272.2708254089007,19306.88474705211,8470.646264222856,5360.81,8040.595001297241,10275.9,22398.51,751.35,12982.89,2233.6227283903704,20437.967394057345,628.8744324727248,115.50134584295519,157.74405299608551,3076.7849420515486,454.9490309791569,3830.9477372648835,1.8378249923880676
2017-10-13,2159.4942062082387,5587.245200033833,1270.9633764695934,19345.098536750404,8468.213743889419,5351.74,8073.953004422094,10258.0,22413.54,761.35,12991.87,2235.0094060820484,20703.682788108592,632.4944033647649,116.83407018070899,159.9635538752363,3081.731310332886,456.41305814977403,3879.494895576166,1.844691037630319
2017-10-16,2168.13461619972,5615.224854829822,1273.835459670241,19460.823125503324,8454.419858474672,5362.88,8062.056675938804,10181.4,22428.31,765.72,13003.7,2214.286668590545,20554.361249966583,631.3266066228754,117.72608790585791,160.60720087649705,3115.3963083604776,455.1127519713907,3891.2495424445106,1.8573675341696314
2017-10-17,2175.1242935452347,5629.252538987805,1272.6809161602857,19544.851910083715,8426.199551569505,5361.37,8048.849526786491,10216.8,22337.78,761.82,12995.06,2270.239971022367,20507.91237182765,633.915905928666,117.65078807182658,161.612785941524,3127.382794620867,453.1283683211004,3927.1841034873637,1.8694654305752039
2017-10-18,2172.861081654295,5619.698833510075,1276.895015906681,19645.896076352066,8449.974794152242,5383.81,8052.599256119714,10273.4,22354.69,757.49,13043.03,2246.1101560974994,20490.124265974664,634.1884994896224,117.16525538621016,160.47361502347417,3122.6933346384544,453.3531316803421,3920.857323526475,1.8644524708833004
2017-10-19,2161.744853189335,5572.958150523118,1267.3304083698954,19543.570705366183,8352.436993449539,5368.29,7993.697515366635,10197.5,22133.21,746.45,12990.1,2243.044801455639,20322.658248081843,631.7734905564753,116.02504691746971,160.79556188619839,3045.493529739405,450.17856687329396,3920.1476014760146,1.8545909949905508
2017-10-20,2185.1591005515484,5624.989393296563,1280.6533729316927,19795.18879932117,8419.012981199641,5372.38,7967.851289571292,10222.7,22346.85,749.23,12991.28,2233.6291624143655,20302.85311823099,629.7244623655913,116.60395762038333,160.38898232238293,3097.482847481217,453.465511496168,3919.0578868800794,1.8558021304668688
2017-10-23,2183.1475019150566,5606.289897012512,1274.5680483445399,19809.311430760063,8452.064026958718,5386.81,7988.675822752009,10161.4,22379.16,734.52,13003.14,2210.40208530645,19824.171288872534,630.3252497393294,117.45413947410452,162.7960982930032,3088.3409343836606,453.81889032026504,3916.1489651506595,1.8700948547138214
2017-10-24,2184.448601309413,5610.432786327694,1275.7588640421734,19931.774508970328,8406.724003127443,5394.8,7898.668499269823,10205.7,22629.57,737.19,13013.19,2217.448431298172,20014.99220111937,630.9519017911049,117.48561758699266,162.77981411668094,3067.40787144219,454.6601916867408,3899.3672518099775,1.872647432571639
2017-10-25,2164.6914416321,5556.4970794886995,1264.268179124693,19748.971472107,8362.014372333259,5374.89,7768.7847430086385,10153.3,22446.39,737.25,12953.41,2173.0075838478,20074.65504149975,620.5609949722149,118.19603265310992,161.55109027312645,3071.2100742766297,453.5832456727552,3851.4350930968144,1.8775894538606404
2017-10-26,2197.6739195742675,5627.887215140982,1285.3182266855501,20085.713059525344,8456.455438834295,5455.4,7887.58573388203,10347.8,22807.42,739.8,13133.28,2189.263025703937,19797.401953751647,628.3690786396741,120.55239532019884,163.7031626506024,3088.3872204122977,461.10479390102086,3890.3810619759984,1.860421338413194
2017-10-27,2223.1438415159346,5771.972437553833,1299.1559000861325,20184.48751076658,8486.972746805382,5494.13,7936.582836401348,10197.5,22665.03,739.22,13217.54,2215.0772380303333,20221.089892873777,634.7086317630049,120.57049103848901,166.7433138874157,3146.412568457155,463.37101640702895,3904.1030389206703,1.9078050495170558
2017-10-30,2208.2482190369924,5749.68672216977,1279.6326495579779,20040.11672817784,8488.618070513548,5493.63,7915.372670807454,10446.0,22752.89,743.57,13229.57,2179.3712311204727,19519.404504057828,632.6665774685576,121.28221731583781,166.9321249810405,3124.338717680137,458.5083647023121,3905.8352304595996,1.9078022296442023
2017-10-31,2211.2828438948995,5776.807487549373,1290.3743774686586,20073.201099089816,8546.427145708583,5503.29,7959.162934894937,10523.5,22793.69,759.3,13229.57,2180.4241523343176,19496.107780503484,631.1521290064636,121.38789263982463,166.32620522895573,3107.764586794591,459.90940856736114,3885.0718301061834,1.9261942201120559
2017-11-01,2219.9500817626304,5780.643773130218,1284.7749376022034,20169.558481797056,8536.206110351117,5514.29,7966.15093690906,10506.7,22991.99,767.07,13465.51,2181.6408780104252,19444.428641038812,633.215169553876,123.10168735962682,169.0040705563094,3155.2414371468926,463.5644364499016,3922.8335480461133,1.9575258237172368
2017-11-02,2212.9439011837367,5759.941670955567,1283.7107565620177,20171.77903585521,8463.447966842165,5510.5,7966.732486263735,10457.8,23046.05,762.49,13440.93,2183.8577482988894,19377.05946428337,633.6034286479609,122.70937355355467,169.4670676691729,3130.9403698682017,459.88721096999865,3924.768584378205,1.9619228131813944
2017-11-03,2229.167025583599,5826.892927900766,1287.7164269101559,20276.673270738218,8515.825636404596,5517.97,8022.418244406195,10357.8,23014.13,763.56,13478.86,2177.2127368374304,19210.276268939888,639.0240610130597,123.56149028928223,170.19648115985802,3155.4943903273133,458.1702823334025,3927.833393745675,1.9712933778253867
2017-11-06,2231.808785529716,5845.340223944874,1290.2325581395348,20282.876830318688,8579.850238257317,5507.25,8012.404036918831,10316.5,23002.85,761.91,13468.79,2217.0772003808697,19697.228738419944,644.1913285196108,123.59251429018872,170.8143630923071,3163.2053714140334,460.7273624347555,3944.3486037960847,1.9731206513578985
2017-11-07,2235.9124843567947,5841.090924783153,1276.563241703707,20331.61869416994,8538.110119893176,5480.64,7972.468655425853,10230.7,22962.59,748.44,13379.27,2207.9787188506593,19104.812157028286,644.1336441336441,121.64148071399065,173.63158093940427,3209.4331477402284,464.6879143161671,3968.5232596502797,1.9634226298373225
2017-11-08,2237.595411617577,5855.465953684937,1277.9593772909568,20322.877226271077,8516.819364325303,5471.43,7997.436561367166,10228.7,22831.3,741.98,13382.42,2206.186903652411,19703.539916801357,644.9789944436916,121.1288565628842,173.53695849742502,3200.3099831169907,465.4162681916064,3983.51122293584,1.9802010923535254
2017-11-09,2220.082460058409,5798.015804844529,1266.9816182786462,20152.83456450782,8451.357913161313,5407.75,7910.549905188762,10141.1,22641.31,741.13,13182.56,2197.7830654315576,19263.511139872422,644.1328863151477,120.92583820305138,173.12976001211294,3213.527299999448,464.3881867456632,3990.7629382854507,1.9741559466864813
2017-11-10,2213.7162451778827,5787.346763823402,1264.6978139734247,20079.048435490782,8405.031944365917,5380.72,7872.918462334082,10092.7,22560.79,734.12,13127.47,2154.2435570004404,18873.49260523322,641.6466691452327,120.38997359032413,171.25807913017215,3200.065933341392,464.03175320274926,3960.3257906663603,1.9600656708134852
2017-11-13,2215.513842461644,5792.0630839118885,1264.3095911545383,20090.597411502527,8336.814885603464,5341.63,7891.430540005167,10049.9,22437.64,717.47,13074.42,2150.893202804623,18943.289160720353,639.0306294177045,118.95990084755653,168.8303096594124,3206.88582778837,466.0888197595245,3934.0151564643625,1.9427020552940906
2017-11-14,2185.8535344973725,5711.027292761485,1247.0418715036446,19841.89693168334,8273.175630439635,5315.58,7830.600343053174,9990.4,22297.08,720.18,13033.48,2117.0057287901,18120.00255836265,628.0159786950733,117.29191613598861,167.20216660440792,3178.10483167626,458.74103544948883,3860.8616061321513,1.932804993727242
2017-11-15,2174.881275440977,5687.08446404342,1241.5959972862959,19734.803256445048,8235.712689901697,5301.25,7781.482749764575,10013.9,22158.88,718.8,12976.37,2100.9857153870726,18128.5827638281,625.7209302325582,116.59312687557403,165.50824598970658,3131.4411925913464,456.2540812537611,3819.3982107227903,1.9085748499363364
2017-11-16,2196.805437553101,5771.699235344095,1263.2795242141037,19930.637213254035,8281.322869955156,5336.39,7821.137238135955,10088.7,22206.6,701.36,13047.22,2128.5098150224344,18817.11431166472,629.2174492174491,117.95365950090053,167.95250976856025,3156.1856595154577,456.1478140536108,3831.426269137792,1.931209715513432
2017-11-17,2186.39253921153,5750.563798219584,1265.6379821958456,19803.50996184824,8268.279840923093,5319.17,7865.373415553272,10010.4,22092.95,712.46,12993.73,2145.190469872303,19113.830977850655,629.6399628005845,119.1507734690762,169.41603630862332,3172.205352729327,453.29026067487604,3821.352192180634,1.9498530294402807
2017-11-20,2200.8438099296823,5787.948007671,1281.3978265501812,19970.449605795868,8336.014439618704,5340.45,7987.297088379285,10025.5,22189.25,710.27,13058.66,2147.5672388918683,19216.1108421755,630.8357157103916,119.95381436951563,168.48376598804208,3188.1269135641055,456.4172393859592,3826.1842401621675,1.9622634185725152
2017-11-21,2214.2017379451354,5846.379280967796,1293.9938660759926,20097.82756858068,8359.754102983476,5366.15,8012.829767122111,9993.4,22326.44,721.67,13167.54,2186.5334936056693,19501.081003359344,635.3835383538354,120.61274288982351,169.8346844457913,3255.8520686153543,459.01424468474715,3850.276011234141,1.9625436215587435
2017-11-22,2196.819489088141,5808.966333953646,1282.9978007105399,19900.33835222467,8363.22849735092,5352.76,8016.4265378310765,10013.9,22315.24,720.13,13015.04,2186.9366119534234,19549.74749130977,634.5061975209916,119.89002897349425,171.3047611804077,3258.8402050658215,459.7701737772887,3857.836636056066,1.9725069101524892
2017-11-23,2191.351305741889,5794.507024427287,1279.8042441884993,19850.803695734718,8329.298147108366,5379.54,8012.006536509846,10032.8,22397.78,720.56,13008.55,2181.141305406744,19507.270060758434,631.7836402853825,120.31865563905532,170.87588195129354,3211.6518289090327,449.92662561118624,3851.1316263510034,1.9668286859384327
2017-11-24,2181.3167930933323,5774.410125309082,1273.3414358157663,19746.020703239596,8283.555058692007,5390.46,7982.196353676283,10053.5,22416.31,723.18,13059.84,2163.3553526054234,19226.18288351352,628.9650626235992,119.81954014779816,169.45333633904417,3204.0766627151647,445.9301107690355,3818.354608118458,1.973343157404894
2017-11-27,2186.434694906707,5781.24054462935,1271.902840813582,19819.112455874936,8264.942914707857,5360.09,7922.344792201128,10063.1,22176.7,724.39,13000.2,2137.974511807961,19283.906833834575,625.7232186934343,120.80377543478218,170.1920865486458,3192.870241405086,443.29313738605305,3826.707348242811,1.9374155020434016
2017-11-28,2218.5964023308843,5837.648847225741,1297.5508825268137,20130.65619457816,8404.472231609778,5390.48,7978.462592021915,10144.4,22291.77,726.17,13059.53,2150.9215015821374,19486.087127932195,626.168039538715,121.33943300168818,170.33094724084387,3205.3099925485153,446.2089987155647,3838.548428479795,1.9422693632866215
2017-11-29,2216.5604557923616,5760.1941337835,1301.7936273475418,20207.368643173668,8368.015392450909,5398.05,7977.724427677271,10267.7,22325.94,738.31,13061.87,2164.944334077364,18903.853554527017,621.4013908935834,121.24117512662961,170.40343865470174,3201.312995412621,446.4277276529446,3841.5708579645307,1.9488607280792913
2017-11-30,2224.1095430107525,5774.50436827957,1297.16061827957,20390.078965053763,8325.288335890007,5372.79,7959.318414759139,10211.0,22368.29,740.2,13023.98,2123.3566143482594,18473.982237281176,620.1472120896301,119.24753248402355,169.63989250522542,3133.138255033557,441.3234584211998,3794.8688936210788,1.9305917205893817
2017-12-01,2222.03347069212,5758.632579261626,1292.5910352367337,20378.092675132455,8271.572626331294,5316.89,7943.259677971908,10085.0,22106.1,748.66,12861.49,2134.0580609885546,18652.73862991069,631.0987335057357,118.09586754565845,171.1726802190383,3136.616572988252,441.5507008781629,3833.1021021981887,1.917436096049574
2017-12-04,2224.3721557390863,5709.902241698971,1291.4292937805494,20470.293274903084,8336.89651255254,5389.29,7993.684661525277,10208.6,22362.11,741.84,13058.55,2135.503794533698,18986.668571651233,630.5773579885592,118.58828533997497,170.23135167553792,3145.6973518012715,441.25652450668366,3832.867800083245,1.9382873878480777
2017-12-05,2223.5498055132757,5718.087265347539,1282.5638423811938,20447.01505158126,8329.544162782766,5375.53,7950.800308140034,10211.3,22416.31,730.43,13048.54,2139.635706283965,18923.267339645772,630.0033322225926,118.99024101988927,169.89508467575382,3119.6750834194117,442.02484749768445,3841.124975879591,1.9432685608113338
2017-12-06,2228.950491692099,5744.642251610716,1279.1454730417092,20465.335707019327,8342.45004541326,5374.35,7979.079533767569,10184.0,22307.28,727.53,12998.85,2110.7525784916074,19196.01503857893,627.3944455491483,118.08458553401525,167.42443001660877,3064.232633630259,442.12151892245186,3812.3230315465503,1.9293935093492194
2017-12-07,2239.853902998386,5786.8342818313085,1291.4890002548202,20565.259492058096,8378.540772532187,5383.86,7918.826343213461,10262.6,22459.51,728.76,13045.15,2103.6692762362027,18710.54037659874,630.7148286460226,119.74821957313371,168.98659255642767,3074.7960325478816,439.74258620025915,3814.1323975115647,1.9102589966015426
2017-12-08,2253.8144417527305,5814.169747970589,1293.4846359811297,20680.147902588295,8416.573705179282,5399.09,7976.001369394042,10321.1,22773.8,740.72,13153.7,2135.831047378747,18780.40410560971,634.2454422128843,121.15546234217908,170.85671485282003,3122.3603161624424,442.3400581548356,3824.2993396918564,1.9149614132166533
2017-12-11,2260.2625653226833,5841.933976292646,1291.4475081786125,20721.442834685815,8447.784200385357,5386.83,7971.55327342747,10306.9,22690.98,738.47,13123.65,2126.6302263992793,18717.539980459707,633.4214701216288,121.89550339986607,171.6392682105578,3145.6315635147316,446.6756531227935,3835.8414068745005,1.9203645715972928
2017-12-12,2268.8724237778915,5844.25140521206,1291.194004428547,20869.357860671094,8506.759668821594,5427.19,8040.37619170317,10288.3,22727.32,738.44,13183.53,2118.7435287073317,19011.84803605924,635.1266346631353,121.06934476003849,171.51342634263426,3144.500868197753,441.9215434083601,3870.7428387512064,1.9133138969873664
2017-12-13,2251.595992051748,5813.89252948886,1289.0119646556464,20788.42430135712,8506.678014184397,5399.45,8077.85898538263,10260.5,22400.19,749.76,13125.64,2147.021361378741,18626.24789250498,633.2552538682327,119.39353701688574,170.97832538221706,3184.2238603488013,442.0227446971633,3888.5425545654134,1.938762749618977
2017-12-14,2251.6641195449142,5821.472236372899,1279.4617082696554,20808.847002886738,8494.17802360723,5357.14,8049.948524365135,10176.5,22191.74,767.57,13068.08,2137.5556913933274,18401.412583681613,631.311790856612,120.52905706138634,171.4406043437205,3172.482882020547,442.9406399732809,3912.713248934162,1.9125020329453313
2017-12-15,2276.5101242130336,5901.463331631785,1302.0418580908627,20973.064488684704,8489.822055990027,5349.3,8052.378503471328,10150.4,22094.04,767.76,13103.56,2138.174161300651,18749.080720962666,630.8307977245668,122.36851393962615,170.43164815234638,3138.13711892524,440.2991510751546,3900.6146541350936,1.9407243498522215
2017-12-18,2283.376480074693,5937.070831388193,1314.7052582438569,21043.330645503545,8561.378996989833,5420.58,8119.852246370588,10244.1,22390.53,783.76,13312.3,2163.318647151318,18850.015468701662,632.542641285342,122.55086034842583,172.7197103963196,3146.827490210309,439.04375825839304,3928.1217679773636,1.9398174201213032
2017-12-19,2264.7550675675675,5881.630067567568,1297.9307432432433,20907.72804054054,8528.732123678708,5382.91,8061.037735849058,10234.3,22274.97,783.99,13215.79,2128.219389854833,18658.223266202007,628.4308903098869,123.41219907856656,171.08442748662702,3168.089150246105,441.4915791762043,3929.9656957928805,1.9314775994950244
2017-12-20,2256.970769101171,5863.836239575436,1297.346474601971,20829.458343863196,8478.16584046868,5352.77,7959.352302828335,10207.7,22109.65,789.74,13069.17,2122.293374103493,18739.49579831933,629.3862815884476,123.02376440855377,170.05957952603816,3145.124555543004,440.87070648868405,3923.791010074916,1.9209737071108899
2017-12-21,2260.9761232997857,5866.307323030278,1302.9940624078831,20871.9332968375,8572.211262048362,5385.97,8033.3020797817935,10304.6,22240.25,793.12,13109.74,2098.5339387659296,19126.66870322285,635.0611570247934,123.50005672467681,169.93237217598096,3166.6353961116683,442.04925528717325,3931.2389724961076,1.8896830087724756
2017-12-22,2262.7988362777755,5869.174010203651,1301.117341990977,20874.528818990595,8555.591864330385,5364.72,8011.674910455397,10182.0,22209.05,804.05,13072.79,2067.9318386662103,18999.92418882038,634.9812907712176,124.23255272798357,170.50893388921978,3198.919561984588,442.70521491073424,3949.569885476314,1.9031035558328133
2017-12-25,2260.7970342910103,5863.981801331199,1299.9662987614795,20856.062010278878,8552.21896823609,5364.72,8011.674910455397,10182.0,22209.05,804.05,13072.79,2065.2575024040216,18983.373941146023,634.6240402435795,124.12264946708173,170.61494979546302,3198.919561984588,442.61503082304284,3946.3600013003474,1.9031035558328133
2017-12-26,2260.4039296707,5849.179913142471,1302.2136020575956,20867.909094742165,8562.828465095297,5364.72,8011.674910455397,10182.0,22209.05,804.05,13072.79,2056.5735326888594,19281.214822360882,637.1544391281233,124.68586011914131,170.48473339291033,3191.619008567667,446.1007253565585,3955.6186255661637,1.8949381713714715
2017-12-27,2256.5780619111706,5837.264468371466,1298.7382234185732,20839.754374158812,8588.133205612217,5368.84,8024.540503744043,10165.2,22201.27,809.23,13070.02,2078.508371697204,19303.331726255423,638.074980058495,123.81953441100089,170.01491540516474,3185.5583778198725,440.1221342707224,3966.346260659326,1.908105653048919
2017-12-28,2250.3056183538474,5819.442351168049,1296.9354433559408,20796.709369505148,8580.94219620645,5339.42,8048.776313537565,10093.1,22120.95,799.05,12979.94,2075.063701841408,19312.713438910025,639.9373792552128,123.29491364295575,168.99554962171786,3200.7406018059537,442.42964064182087,3974.8904775895276,1.92866075755444
2017-12-29,2228.3797299549924,5753.783963993999,1279.8049674945823,20602.78379729955,8659.348952466773,5312.56,8028.298819099778,10043.9,21853.34,802.37,12917.64,2093.094720699722,19224.029388823186,635.8998144712431,123.90653768109222,168.37973372781065,3187.2792836940253,443.6548093304469,3943.9015508664697,1.9288567520031266
2018-01-01,2226.1532056619485,5748.034970857619,1278.526228143214,20582.198168193172,8643.771081628065,5312.56,8028.298819099778,10043.9,21853.34,802.37,12917.64,2090.25714001351,19204.941871425875,637.0183531910657,123.35958363775319,168.2552845528455,3187.2792836940253,443.21197773370017,3941.5948009748167,1.9288567520031266
2018-01-02,2235.517041214031,5810.514968073638,1285.3553362633718,20585.46313956381,8617.577464788734,5288.6,8011.160447442577,10079.1,21845.16,818.51,12871.39,2123.2504087666384,19818.58429596458,639.703104807979,123.06667713530992,168.1061881553685,3241.3441111488783,447.8241713333375,3935.5108268675135,1.9268247196773667
2018-01-03,2258.248709838522,5881.080406192775,1292.3089728649907,20744.69785250541,8629.40547837336,5331.28,8070.600255427841,10116.0,21904.56,817.34,12978.21,2141.149080611641,20054.02841164749,644.2459658675874,123.72190828406156,168.41087479193635,3251.7529766021516,451.5870171756213,3958.395878843207,1.936771670717268
2018-01-04,2257.200861783228,5865.023201856148,1289.1282731189924,20778.198541597612,8643.171608265948,5413.69,8079.252336448598,10314.4,22512.13,825.78,13167.89,2136.929490883238,20147.397274310897,646.5857057535338,124.24013005338162,172.75809355822585,3256.0520350007414,452.4897271636763,3960.037794865111,1.9272079449293256
2018-01-05,2280.257689110557,5932.294264339152,1296.766417290108,21027.323358270987,8713.164128595601,5470.75,8141.2215691285455,10411.4,22762.29,829.72,13319.64,2162.0065924903165,20354.842778628703,650.2210610932476,125.63909140946181,174.32668063366046,3274.182374567014,455.05636689725856,4002.1552541264914,1.941827285662082
2018-01-08,2296.072532798529,5980.939249603074,1305.097351048717,21127.26664995404,8726.201814058957,5487.42,8159.509149991448,10398.4,22845.69,837.13,13367.78,2173.1015732476185,20468.135580109072,651.3455328310012,126.89815620487171,175.22188562139794,3298.623951149732,459.0685565519237,4016.6407862407864,1.9660497207315741
2018-01-09,2304.842087626707,6001.156069364161,1306.944793499204,21266.482365753538,8769.305807622506,5523.94,8197.535181236673,10426.5,23004.98,841.28,13385.59,2164.1998951458813,20338.749194068343,651.1560693641618,126.84716851318224,177.34971743010115,3324.1231831239547,458.71651442060966,4021.495657873177,1.96914761762814
2018-01-10,2300.351552691052,5987.75424792835,1305.5997321503305,21234.72838369465,8760.32786885246,5504.68,8133.344718640594,10428.3,23157.42,836.28,13281.34,2116.7777587827277,20276.28443637778,642.895263509006,126.68716757343086,178.68399308946144,3315.785710855844,460.9211220145847,4002.4132611193177,1.9626817625074588
2018-01-11,2300.166223404255,5993.833111702127,1318.8081781914893,21255.59341755319,8734.180918091808,5488.55,8092.5153269754765,10435.2,23305.26,846.98,13202.9,2104.66936222977,20513.961513111128,641.7446723760207,125.93075600146162,177.1285671597191,3302.4587728420734,459.0044588880288,3979.2897429171044,1.9440593865989448
2018-01-12,2286.239435464019,5958.037252810373,1306.2853860671207,21172.716829408386,8763.183687264125,5517.06,8088.976444670396,10462.4,23429.83,851.12,13245.03,2117.5592698512846,20306.081660332937,637.2241617811738,124.67767840796576,174.7926842785886,3305.9915594051595,456.0922021844044,3940.9517935400104,1.936830835117773
2018-01-15,2272.0704558427788,5921.112288999429,1298.189676261926,21041.49881758134,8737.71579598493,5509.69,8074.9132164931,10467.2,23543.55,847.73,13200.51,2135.0883338739327,20220.404903464627,636.3940557031789,124.53516131009654,174.9465530596437,3264.0066240684905,452.5054314434655,3947.192777344764,1.927443629281211
2018-01-16,2264.524285306472,5891.839647648953,1282.9574650299742,21037.363892174053,8725.312183597704,5513.82,8043.557708652046,10520.4,23495.28,852.81,13246.33,2150.546960377691,20194.465173342778,633.7531155712974,122.46643823110675,176.86402067565072,3334.6833828932167,455.57229106281727,3927.406012596585,1.937132717258544
2018-01-17,2299.9138320134584,5989.315169668868,1302.088547864265,21431.742644946862,8765.948031317372,5493.99,8025.172149961745,10474.6,23514.67,841.51,13183.96,2180.5802748301003,20666.436726018506,638.362580815411,124.43116896573382,176.0202064896755,3341.2111905060383,460.1299603997016,3934.207703878098,1.9284783342022143
2018-01-18,2286.252400212444,5961.555746210728,1288.335988887527,21258.985986844793,8742.15007378817,5494.83,8050.034065746892,10432.7,23630.81,837.56,13281.43,2191.79490422309,20631.101088092146,635.6835005757526,123.41222047718304,174.75636122959259,3357.103366829181,463.17443954463596,3931.6008628578898,1.9388028760567506
2018-01-19,2299.4722415415454,6002.847440985149,1307.2290635355725,21332.66783946324,8761.591205304017,5526.51,8092.732533401412,10479.5,23749.22,847.56,13434.45,2184.626679004829,20792.458143464235,635.2409342549219,124.63943277922,175.85448904974703,3374.8956295187973,466.7552528859729,3927.5394827191576,1.92493526927219
2018-01-22,2310.3653563855814,6041.453270265862,1309.060512151362,21378.73103898222,8801.551448779373,5541.99,8096.117247238742,10584.0,23890.18,858.12,13463.69,2181.440084089443,20801.329445173124,634.7991349367586,124.93056399257419,175.1071980001471,3381.887560682779,466.92937446683896,3917.8095985353734,1.9127234088094547
2018-01-23,2308.423449060899,6065.769574762176,1309.626798926742,21311.334254817466,8801.673402014912,5535.26,8113.8124362895005,10609.5,23836.6,872.0,13559.6,2186.013324785336,20264.822164171608,634.0798952193844,125.9551141849261,177.81491855236973,3426.337392896717,471.5888894531052,3926.8618076560315,1.9357152668610063
2018-01-24,2286.863313990974,5976.031592520955,1289.1763378465507,21157.41457124436,8773.953968891696,5495.16,8153.347566182749,10563.0,23622.62,883.98,13414.74,2210.6750481368217,21433.58733655213,628.3430137701494,124.74978326053503,176.64561351730245,3405.1751213968387,471.7101683978795,3933.7939771952047,1.9295097919961077
2018-01-25,2290.3642157060463,5978.429395393861,1292.034041866656,21290.51748477393,8688.426216416632,5481.21,8139.181186164276,10595.3,23719.81,877.47,13298.36,2201.6381593751908,21439.627983243874,624.1506237988208,124.59299344316037,174.50871825118887,3341.018846303383,474.0971770438688,3916.1240209722314,1.9301313004241087
2018-01-26,2312.9136140407372,6042.806537315836,1294.6300619917881,21428.79800338137,8745.624643468342,5529.15,8186.83644497978,10595.4,23856.99,878.06,13340.17,2224.160955145247,21853.369444408956,627.6493476768139,124.20057904816753,175.00559114303698,3410.84751342565,474.7479379637591,3950.904460262522,1.958200873096756
2018-01-29,2304.486169997981,6029.888956188169,1290.6198263678577,21352.29557843731,8720.125035521454,5521.59,8173.252095756633,10555.6,23801.55,886.54,13324.48,2197.1561595570656,21680.190442061074,623.1509359863857,124.68717318820717,175.14242300707855,3412.721532091097,470.2249804073987,3971.5025330936433,1.9645603502378017
2018-01-30,2275.7861635220124,5968.7792291565875,1276.2618932430255,21026.358651830353,8655.655050476244,5473.78,8129.386418476387,10428.2,23480.92,868.08,13197.71,2164.2317220215477,21413.167399596994,617.9839184153756,123.3479748587897,172.6610081541883,3359.6713203853487,465.80007650133876,3925.3084367973406,1.9472490804989948
2018-01-31,2273.415989050801,5966.89477497786,1267.99774575316,21052.56420578053,8607.803930530165,5481.93,8063.0506132319915,10451.5,23507.06,878.83,13189.48,2183.9623703200964,21457.770645911252,617.4026738142712,122.8586257724997,170.291138307284,3375.2688944537945,466.7311028183348,3915.4863813229576,1.930990376874403
2018-02-01,2255.7793764988014,5903.96482813749,1262.8856914468427,20932.62190247802,8540.923603192703,5454.55,8026.712742980561,10399.0,23541.46,886.44,13003.9,2203.96661408459,21579.885405623703,612.0560443141088,121.02915354493523,171.59428654928033,3346.5337297518968,458.14875676498764,3913.546894579571,1.9314363918006408
2018-02-02,2216.5309152188743,5810.656823014885,1241.6402519760863,20479.845925450387,8435.915453051512,5364.98,7953.670318295523,10211.2,23202.66,875.38,12785.16,2174.4609997135,20956.88743703556,597.2682359779134,117.74674188987373,169.63324951714586,3351.523780641381,461.7952130199744,3891.783965922818,1.8852243630418717
2018-02-05,2141.855670103093,5633.741661613099,1205.6519102486354,19685.263796240146,8278.291292816433,5285.83,7820.892059126848,10064.5,22821.63,853.67,12687.49,2169.9004734132905,20288.250018587816,584.6659788496261,117.79871313188269,168.0963426835143,3319.3901710897453,469.5829905388729,3838.7298149504727,1.8619743990196005
2018-02-06,2177.5389835986102,5749.276884543912,1217.7183485497294,20128.2782580593,8048.008114047444,5161.81,7627.058518902121,9810.0,22347.01,838.8,12392.66,2141.2594555579008,20953.85576022479,587.7498221331091,115.6080801614431,159.35579971978467,3169.2290162524987,453.99042016266435,3726.421361952217,1.819045288726755
2018-02-07,2186.611219830398,5750.146771037182,1229.5906718851925,20297.904435746903,8238.83198460755,5255.9,7728.416429863085,9976.9,22986.18,849.94,12590.43,2124.262764934025,20627.983600633048,588.3226831879075,116.78295807927728,161.4241927063912,3154.4607190412785,450.7614279211913,3747.957270408163,1.7688747831863307
2018-02-08,2107.4548869110804,5533.730709561526,1195.223319996734,19482.697803543728,8146.659850034082,5151.68,7608.84779022315,9756.3,22466.6,841.38,12260.29,2068.19739399549,20261.052160731593,576.695821185617,118.38493154143133,164.37047604745456,3176.80559177925,440.92170299534115,3742.1459200203285,1.813239945774966
2018-02-09,2141.0298324478954,5618.708622803432,1207.8790355537392,19771.883939517775,8021.296086858178,5079.21,7538.421463922897,9639.6,22166.75,828.78,12107.48,2088.0542240437467,20071.626349088205,577.8153226330496,117.45517594359649,160.63871985575835,3080.524497061188,425.4835025051271,3728.802733688883,1.774002776839656
2018-02-12,2160.754962577286,5680.084607875041,1212.9677839245037,20014.04978848031,8079.545198694135,5140.06,7651.500433651344,9771.1,22336.78,823.46,12282.77,2091.6965352449224,19971.53331522947,582.7003946432037,118.31537645158436,160.09748427672955,3068.216069280481,424.71778652060993,3722.9786689692664,1.7821958235272144
2018-02-13,2155.877590673575,5678.035945595855,1210.2898316062176,19948.550841968914,8061.643142326942,5109.24,7586.5823004247195,9650.7,22034.42,821.85,12196.5,2078.9630415573724,19872.67769630421,578.4164336001543,117.76813965328955,159.512557720464,3087.124707732417,425.8835095245391,3726.074064647493,1.7978397610076111
2018-02-14,2167.574297188755,5737.847389558232,1222.5702811244978,19994.771084337346,8111.052394872949,5165.26,7706.850264137872,9686.2,22433.75,825.64,12339.16,2091.5772538448346,20855.722399051363,582.0771704180064,116.86936770512473,158.77932897995947,3144.5603730324337,423.93764748306114,3718.5179998090207,1.811120251271313
2018-02-15,2183.911722373261,5802.358867743484,1229.1699984007678,20150.623700623702,8156.034045431486,5222.52,7736.444868569445,9714.9,22495.64,842.9,12346.17,2109.4745804466306,20880.797671394066,583.056712592118,116.67140253545354,161.7313140446052,3188.317689974588,422.0392996599068,3754.121982210928,1.811120251271313
2018-02-16,2202.3375785910043,5835.458649040787,1244.1963566016443,20328.373367725297,8256.59309564233,5281.58,7805.037345839847,9832.1,22797.88,846.07,12451.96,2127.6796335445656,21085.805518136007,586.0957760944922,115.93027107255422,164.68458563954812,3195.701807089708,425.44219414640344,3765.5685949359013,1.811120251271313
2018-02-19,2202.0713278259113,5834.75317348378,1244.0459399556719,20325.915776747934,8180.664823071279,5256.18,7732.53189827272,9806.2,22568.92,846.07,12385.6,2127.6906251290984,21127.395724323516,585.8325312800771,114.90414279677395,167.46085510150078,3208.9672455756777,425.3881800292008,3789.1559580370526,1.8213960840453929
2018-02-20,2201.5399578537854,5863.438158534609,1240.0632193224185,20234.03306856865,8220.48664284499,5289.86,7786.20719549198,9895.3,22673.56,841.83,12487.9,2109.3198342012192,21361.001780001745,584.3132229021819,114.35345351603726,165.55991844748166,3197.649946660315,427.78604122645186,3795.9502891281427,1.8227183191070255
2018-02-21,2199.0638228590037,5876.123412569195,1247.020514490394,20187.056333441877,8250.135961930659,5302.17,7786.045907319185,9823.3,22653.01,838.69,12470.49,2097.475799481417,21427.77708608282,588.7076617425578,115.16152312665459,165.95520809728833,3260.383484344773,429.66491837755353,3776.070010482513,1.8402675210373636
2018-02-22,2192.814856864812,5847.125131781688,1240.7671721677073,20243.67853377666,8211.957198663875,5309.23,7789.6369006254345,9876.5,22463.51,845.34,12461.91,2134.2229989605557,21629.972303316117,585.9376994765735,114.05921994057451,165.12660006837086,3212.190808138962,437.2175889858108,3786.269008080422,1.8287229207695805
2018-02-23,2234.758205555782,5968.511815186887,1260.170008541099,20588.10753650303,8230.881099812532,5317.37,7774.9500390998355,9822.4,22672.15,844.12,12483.79,2134.79086317763,21930.207260394425,596.6509950408964,116.2942476334084,166.6117199391172,3250.1748933228687,442.17207696355905,3828.4663242191236,1.8352310583091906
2018-02-26,2256.5351518103585,6024.89040428641,1265.895437571034,20871.302159441468,8266.235754379995,5344.26,7828.369470945359,9902.4,22706.21,837.04,12527.04,2106.447593121976,22059.85553933659,596.0370050257691,116.97443310517222,168.18729122380807,3276.5647592398027,448.2599055239564,3853.4285714285716,1.8534872846843042
2018-02-27,2243.43347639485,5992.519926425506,1256.0555896178214,20772.56488861639,8280.216031836271,5343.93,7812.788879235448,9900.2,22724.46,837.77,12490.73,2080.8933794711165,21855.980289869647,594.4654168532857,117.13704703954838,170.5244478293983,3264.548325633597,446.20252345519253,3856.520963993506,1.8580517289638319
2018-02-28,2225.454098159006,5964.172372791013,1240.2722538849482,20524.990774529502,8161.044969813237,5320.49,7727.878524945769,9840.3,22607.61,835.66,12435.85,2064.8717516787606,21562.369109120995,584.0736243369337,116.472113435579,169.65129151291512,3231.8102283085886,442.1885726868822,3829.502530316051,1.8523526808198898
2018-03-01,2182.7348685551256,5853.319747299776,1228.7670674546566,20060.305685755044,8057.989893318361,5262.56,7613.109360117758,9738.6,22448.38,831.0,12190.94,2059.4807795316265,21404.638044500156,578.3689406685503,115.28675273313743,166.68817616818842,3256.623289431585,439.59153322478494,3776.5315799456284,1.8523526808198898
2018-03-02,2184.899533184494,5892.323929368785,1244.7087477166635,19921.29896488736,7923.676099747829,5136.58,7472.512340867758,9531.1,21912.14,813.09,11913.71,2053.302494419587,21404.742116231766,573.3816577371573,114.83639566990924,162.6104713649624,3173.231859472191,436.10821461242716,3737.0929719508354,1.8097003118926003
2018-03-05,2205.6906614785994,5942.525940337225,1253.2830739299611,20164.364461738,7988.751052483861,5167.23,7610.489027129773,9590.8,21819.91,794.51,12090.87,2058.0890153965584,21502.74587244254,575.1258402376113,113.89540146204457,160.60825096363013,3095.864258596489,435.4994382596261,3710.950867142992,1.7804715319164885
2018-03-06,2199.3872944211544,5943.252176717188,1259.4324411480168,20061.3753627862,8001.28750559785,5170.23,7528.237718996907,9586.8,22202.5,799.2,12113.87,2060.129928797298,21500.32632160249,575.6315937764142,112.28426752557088,162.69948343968397,3141.1938516024748,440.2230853755142,3762.85633145057,1.808846915506481
2018-03-07,2196.6407540178034,5958.553188061384,1268.4013372537963,19979.34506786966,8017.293906810036,5187.83,7519.335787041001,9599.3,22473.47,798.41,12245.36,2052.107255938834,21223.10910287126,571.4134165366615,110.96332089630134,161.433497911128,3106.9986624138282,436.48430036303415,3721.184073642067,1.7981732424945722
2018-03-08,2224.6345029239765,6033.097790773229,1276.7787524366472,20220.281026640674,8080.81669284272,5254.1,7604.427728865715,9646.2,22731.1,812.53,12355.57,2099.692750184006,21128.87474516434,578.8638367552588,112.28799741148887,163.4144233710615,3171.0150924268914,441.0739441129012,3760.9707939119703,1.834473086985697
2018-03-09,2264.2154871211505,6143.5036970829615,1297.7492483952224,20586.446737628994,8129.758622629832,5274.4,7629.495173827624,9686.1,22745.6,821.57,12346.68,2120.2902949017175,21558.88974864588,584.48171988458,112.1207021829719,163.35083314311802,3210.196208398279,444.4514303678089,3804.1721157219863,1.8693375288824028
2018-03-12,2256.3807361764225,6152.3593319280035,1298.0865899140585,20413.985730501052,8134.348046676814,5276.71,7674.514500812729,9727.5,22764.91,831.74,12418.39,2122.959589813379,21595.521868787277,582.9619342213243,113.80495327625772,166.26565595002285,3271.1425169539784,446.2253699707354,3827.1051539811715,1.886826274533633
2018-03-13,2231.8886198547216,6062.1549636803875,1284.9475383373688,20183.23648103309,8044.602208699571,5242.79,7590.529914529915,9691.7,22690.98,829.33,12221.03,2106.306947206781,21381.866561057413,576.8488545816733,113.96752761126217,166.36198409693296,3251.2448815819257,442.6313437599745,3789.970503346126,1.9004190156940424
2018-03-14,2223.2392657879846,6061.947117328375,1281.078677124606,20019.503517425408,8051.803352712083,5233.36,7580.623931623933,9688.5,22452.34,823.82,12237.74,2095.2668530037276,21339.881956155146,578.9407983022812,114.12670792556676,165.61936268917788,3243.899695578143,441.1761694503104,3780.564349183095,1.8821106821106819
2018-03-15,2232.7847535454507,6080.490877321306,1281.3360965500426,20215.092039497744,8087.17222631251,5267.26,7583.038688188572,9684.2,22713.47,817.69,12345.56,2078.166389604181,21004.15244596132,578.4377821362972,114.22096152755792,166.62680065721602,3264.684876776417,443.0965220688901,3752.59982253771,1.890544169182457
2018-03-16,2239.4092277646673,6088.363577182846,1290.6257628773699,20299.86166490357,8126.293103448276,5282.75,7587.366532843597,9761.0,22857.69,813.91,12389.58,2067.051102040816,21056.840225237516,578.6586312944612,112.7441914768358,166.42873046949975,3270.485455036233,439.879774963393,3735.182069311904,1.9015149782321947
2018-03-19,2199.3676530198622,5953.984596676125,1273.2549655451965,19952.095662748277,8006.969076853115,5222.84,7514.352720450281,9664.1,22633.1,807.44,12217.02,2057.529694423065,20700.87329780935,572.1893307708998,110.55719444813823,164.13922212883014,3258.7855724685637,439.71680237619705,3728.8186710048803,1.8836561512995167
2018-03-20,2219.359581767685,6015.602025812776,1282.805097206339,20198.717529815392,8074.17529014922,5252.43,7549.526410103253,9681.6,22798.15,805.58,12307.33,2049.046261040338,20759.38829623235,577.0966129233846,111.74298139838537,163.93934979297654,3277.65940316339,444.47324641157576,3725.6169197941513,1.8808466201030656
2018-03-21,2198.030474955422,5953.387907278327,1280.0291781488086,20005.114281082835,8067.587392550143,5239.74,7504.2289619820585,9630.9,22820.12,800.1,12309.15,2089.1521720494397,21046.044109816354,581.9683975748436,111.2808170381886,163.40061138708447,3263.8801442092904,440.4686218211649,3744.309851178303,1.894768545699929
2018-03-22,2149.0793805633457,5825.858635125797,1255.025809860586,19475.584278340037,7966.301919220853,5167.21,7391.007101908103,9487.4,22397.84,787.5,12100.08,2065.998837901173,20780.006373642536,571.0085749285423,111.17643330063436,166.71420298807092,3216.6312956157153,438.57929246917223,3712.6056778389193,1.8868360975462257
2018-03-23,2095.2481178661055,5660.70590140047,1222.439893143366,19050.59499716668,7919.386762771009,5095.22,7324.000000000001,9393.1,22289.1,785.72,11886.31,2033.3819429326802,20622.052497800374,563.414327870911,109.62339303379335,159.35278432584923,3125.410148798169,423.21026896432386,3627.0731555334,1.8344782565791973
2018-03-26,2136.668675909182,5803.126381354229,1240.6831424552943,19451.557162949564,7877.289879931389,5066.28,7243.181818181819,9381.0,22011.76,790.05,11787.26,2053.758883588016,20648.371675402836,565.2323580034423,110.51965148437151,158.3325073386451,3129.2594982739724,420.4517211781135,3605.990783410138,1.8235338132080272
2018-03-27,2106.4419898411675,5650.898976054181,1220.3257276465372,19235.434975409175,7990.115283643419,5115.74,7351.221172666155,9473.6,22209.75,794.56,11970.83,2052.5354483782307,20315.120957967712,562.7698854746856,111.45820392068742,163.15107913669064,3165.8754761794603,425.5654148942313,3610.8822436849923,1.8213866563665264
2018-03-28,2116.4236097006133,5645.878864199536,1229.256205061543,19375.56160376975,8057.57749056388,5130.44,7436.826906743674,9555.0,22331.36,790.8,11940.71,2047.3954160387598,20522.677334899312,564.0450144599522,111.12042965669053,159.9156750180588,3097.3094262929303,421.8410748956647,3603.775287892935,1.8185638149932724
2018-03-29,2146.7869771979026,5741.933910498718,1243.287403975125,19593.634922570418,8042.179041540829,5167.3,7421.438274749533,9600.4,22411.15,780.5,12096.73,2061.9065713008495,20991.359087220597,573.4952681388012,111.26049858713004,161.61839291170185,3117.75803569116,427.80904866842013,3595.0176336568775,1.8506699684005832
2018-03-30,2143.128423615338,5732.148508825319,1241.1685940353013,19560.243457090688,8027.541095500825,5167.3,7421.438274749533,9600.4,22411.15,780.5,12096.73,2061.2026111779437,20960.434110049842,572.1056109764925,111.07088848606861,163.8295597724409,3117.75803569116,429.1759076654489,3589.0808250763384,1.8642859865086319
2018-04-02,2098.748171029101,5584.555356852544,1213.2417493090554,19219.793529507395,8056.4105491494465,5167.3,7421.438274749533,9600.4,22411.15,780.5,12096.73,2041.4494061632859,20785.18682181961,565.9626703597621,112.62196522223135,164.18653565671298,3114.8536680036223,428.75780618022975,3588.298183857201,1.864248285751333
2018-04-03,2130.6792714233325,5656.884397538813,1232.3458701764396,19586.292327126033,8055.06416131989,5152.12,7334.236913664175,9549.6,22510.33,779.45,12002.45,2088.3527201917827,20640.366838215567,570.8558701877188,113.77945228236577,162.77264735111993,3132.7468535097964,425.6089660533817,3602.1405310621244,1.876295391517442
2018-04-04,2154.00716729109,5735.551392734973,1247.4833034696205,19762.420589672587,8066.987785996904,5141.8,7247.047360840465,9513.3,22442.78,781.14,11957.9,2135.497503953087,20634.90778337655,571.7137572549269,112.388517573841,162.61431676900196,3057.7275269841925,423.5703674998385,3621.129442820779,1.8550936768149884
2018-04-05,2175.5228758169937,5781.495098039216,1260.563725490196,20020.6045751634,8236.471799565268,5276.67,7421.561969439729,9740.9,22969.5,801.14,12305.19,2151.862066861008,20812.78669304609,581.7494392822814,115.15402637142596,164.68535778141285,3075.376104350725,424.8848403962398,3634.5809003578825,1.87601111359106
2018-04-06,2120.3858992102905,5629.821704795246,1232.0280061874137,19484.45819425222,8241.899954107388,5258.24,7360.190136660726,9682.8,22929.87,801.14,12241.27,2133.4011435744605,20492.716927797443,572.1581863338215,115.00497442133054,164.20510868323882,3101.3852085086924,423.395354242256,3618.1630101881365,1.8726385645247066
2018-04-09,2120.985349620551,5641.280792175642,1229.219593360659,19462.765309849437,8252.279635258357,5263.39,7366.302043585177,9742.8,23053.99,801.14,12261.75,2125.5762422130174,19769.617219203115,575.5185528460481,115.02503537173239,164.80355785312452,3128.3683723048107,422.9584778426238,3629.283348953452,1.8678201326689694
2018-04-10,2150.2670767238587,5741.583036581418,1249.1340239559727,19753.9656846876,8336.775081741524,5307.56,7414.947493224932,9763.5,23173.68,810.54,12397.32,2141.395474543755,20064.6525321114,578.5319804777807,114.87719592056143,164.53510493733955,3169.823037605154,430.3725075995672,3678.8850852674223,1.8629297697505949
2018-04-11,2136.4841918007605,5716.042694267001,1250.7479582760573,19559.674941376245,8319.069180948014,5277.94,7348.274407223019,9735.8,23012.86,799.31,12293.97,2152.7454833372517,20425.681390695947,578.2041393495307,114.3747953799756,164.20913152116302,3178.302619465203,433.3694488513975,3655.0442089421203,1.8522852141227826
2018-04-12,2161.1016467915956,5792.366350287985,1263.348746653687,19861.320678186094,8377.585410895661,5309.22,7401.73766343315,9747.0,23304.88,806.08,12415.01,2175.7006878207294,20307.42721330957,580.3442496132028,114.89697662343146,163.70856322273448,3188.6565898407803,429.44491006382566,3658.3524675242975,1.8518285471692393
2018-04-13,2154.1643013543103,5763.23899116049,1256.5971940637417,19755.202335577,8390.090662354913,5315.02,7397.311193526636,9767.3,23330.32,810.93,12442.4,2191.6820139190368,19965.99824806458,578.6600655822028,115.17483500016867,164.52927400468386,3183.818613038738,427.56633108029513,3672.0889504850697,1.8634448838321356
2018-04-16,2163.124520376429,5780.750434185548,1262.5954198473282,19849.783916959488,8337.039610840862,5312.96,7351.141437115661,9766.1,23329.31,820.88,12391.41,2172.1463955863187,19574.444562559795,579.8129158764344,114.88542643768544,164.65975416635243,3122.8556859796145,419.26138520839896,3671.0011312217193,1.8629344653754307
2018-04-17,2187.777373590396,5885.857483529364,1277.0704498605553,20036.886140414696,8346.096096096097,5353.54,7397.500629036317,9803.9,23649.04,836.94,12585.57,2191.748382736227,19945.474168603825,582.5028184892898,114.83526484894644,165.04940696532447,3102.3549322518393,413.24266423052427,3667.440984429935,1.84687003710645
2018-04-18,2189.0653412534853,5895.858083808139,1279.7995716652524,20000.864751282985,8399.150596877871,5380.17,7378.345864661653,9857.3,23759.88,842.34,12590.83,2193.146798786617,20506.94271779669,585.3326080696253,114.50758630302286,166.99853035384558,3116.9943957553896,417.00746427260367,3687.354051333669,1.876256837422547
2018-04-19,2181.3785841568124,5862.67617041957,1274.7610562125385,19978.04147092176,8364.914683558753,5391.64,7364.6656661664165,9868.0,23792.04,848.71,12567.42,2140.7357114562187,20515.184835482676,581.3167146053053,115.05217791618423,167.39217017424758,3164.709277160583,421.1399418225911,3682.4144516452207,1.882410842734913
2018-04-20,2172.9654947916665,5815.535481770834,1272.8841145833333,19907.991536458332,8397.253404752408,5412.83,7363.765571440515,9884.2,23829.34,844.7,12540.5,2127.252363048596,20398.688571496696,581.5027426967725,114.89409746581796,167.51504157218443,3157.8688924531925,415.7527739900866,3664.677011458365,1.88593732150337
2018-04-23,2187.1488246375625,5838.807437136538,1279.482349086739,20025.137193873372,8448.609763060234,5438.55,7373.266912257201,9922.0,23982.52,838.63,12572.39,2094.45996625843,20307.0740617735,584.2353541148722,115.39833249200258,166.41958937653044,3156.2837425472985,416.60291734197733,3666.1476175646217,1.8874809276777542
2018-04-24,2153.826030085023,5728.703400915631,1269.849574885546,19640.394048397644,8483.747500714082,5444.16,7341.158307602437,9883.4,24035.49,837.53,12550.82,2087.0041134745616,20113.44323249438,580.6165997834256,115.59876782156587,167.35366586538458,3196.38588785193,424.7577692083347,3680.868997668998,1.8882732936389341
2018-04-25,2170.3807252693036,5759.180988405559,1274.9527177041364,19804.152619028042,8453.31347728965,5413.3,7297.512105526798,9858.0,23801.2,825.93,12422.3,2096.740289453431,20066.392175831435,585.9072864643359,114.89048629433955,166.9446156158413,3175.0908196275086,424.42096233330733,3683.1584512517493,1.8584818311526667
2018-04-26,2203.5363133107494,5881.7483268611095,1287.1932578699498,20096.124927703877,8536.266390614217,5453.58,7383.444760153769,9902.3,24039.63,835.8,12500.47,2120.9448181280436,20536.133035374667,593.0007063507353,116.02815924644717,168.71728777685388,3157.224247589287,419.91485366696435,3689.158656846836,1.8858857943811322
2018-04-27,2201.079967023907,5869.579554822753,1282.9678483099751,20042.201154163227,8522.817381425732,5483.19,7393.829431438127,9925.4,23927.61,849.26,12580.87,2138.033931627527,20615.92377954258,595.0321336760926,116.86230649995804,169.86368791109092,3188.3451086098153,420.1789840216083,3721.3770040941345,1.9070792397392342
2018-04-30,2192.366601813139,5850.287701287411,1276.5492403858095,20005.091691849153,8561.997605609713,5520.5,7429.983277591973,9980.6,23979.37,858.22,12612.11,2139.449075325542,20328.464189603892,593.9536532697327,118.30151254505746,170.13380281690138,3249.065358960162,421.9696325975698,3731.510010603131,1.9282921668736488
2018-05-01,2213.5323300120904,5945.4704631675495,1292.650185517155,20093.425605536333,8536.647936886315,5520.5,7440.55932345307,9980.6,23979.37,858.22,12612.11,2127.668486429218,20470.290122062826,598.7280160944903,118.53353477684583,170.81948924221152,3273.9073143257924,424.96116274783435,3756.7991755925423,1.9282921668736488
2018-05-02,2205.304773459399,5941.429946031879,1301.0166087938755,20018.390996945993,8571.818181818182,5529.22,7452.693306525928,10088.9,24265.61,858.06,12802.25,2095.7064938901844,19917.79589144365,599.2726328094558,118.49387521102607,171.1820536258379,3273.5300541790302,424.37860017359736,3793.5755713703484,1.9576913460636933
2018-05-03,2193.54381282062,5912.45777203153,1290.0362847729075,19960.912541185302,8496.336560783646,5501.66,7400.644459323737,10038.8,24064.46,839.34,12690.15,2060.7380899871528,19691.029020627695,598.9546472746161,117.46482784715083,171.6724342080134,3230.8931131326367,426.3472975279306,3831.0547807513503,1.9360249704215704
2018-05-04,2226.9397993311036,6028.110367892977,1309.030100334448,20286.371237458196,8562.05023761032,5516.05,7453.398627155532,10104.1,24335.02,823.89,12819.6,2039.1579217778867,19685.479478009616,605.1353814110909,116.8685526351418,172.19201593747604,3195.58566783592,425.4027701122237,3823.479220533518,1.9075289650094938
2018-05-07,2241.7631269921158,6093.9523569870835,1324.4002684113404,20430.565341385674,8604.400477571211,5531.42,7516.030470450359,10140.9,24544.26,810.72,12948.14,2002.499963375235,19534.830664588353,608.718867003093,117.66982856544902,172.7379387229462,3207.0504458653204,432.7688304844712,3838.5420478203273,1.9075289650094938
2018-05-08,2252.1240728253542,6125.168577208362,1337.1459878624412,20532.880984490897,8638.673213062344,5521.93,7532.547368421052,10168.1,24142.54,817.92,12912.21,2012.1891184736146,19621.088483644362,610.159783917472,118.27590144013219,173.84583896505117,3267.1871473859546,438.06600559638554,3829.094566139728,1.9080854577034214
2018-05-09,2276.5199780599974,6193.7555377410235,1346.820809248555,20710.130374245815,8759.167809785095,5534.63,7546.493070138598,10221.2,24266.56,818.67,12943.06,1996.0311711515942,19794.094571421858,618.559002133596,118.01194707750362,172.30972702806613,3281.197885326227,438.8291311325384,3847.3167044595616,1.9106729626618302
2018-05-10,2285.4133445237094,6214.830046160302,1345.9588753671842,20763.348720100712,8738.193577669352,5545.95,7531.310252326264,10246.6,24033.9,817.66,13022.87,2032.1798386533494,20297.913736244253,621.0228766763081,116.83309480770471,172.60380543194722,3303.849226562291,439.4736320315133,3868.4320667636084,1.9221366781332148
2018-05-11,2283.7575351640994,6197.9906229069,1345.2695914266578,20789.668452779642,8758.986279623541,5541.94,7530.360880850708,10271.4,24159.34,822.37,13001.24,2014.0690695544417,19820.03163011373,620.2159685863875,117.03904888880692,174.18092759834687,3319.4208463322934,437.90810796521004,3862.5684423253024,1.9332943196004995
2018-05-14,2289.033285822084,6213.901232497693,1341.7791565355913,20876.507084765653,8764.469197544895,5540.68,7535.909243134629,10257.8,24221.47,815.99,12977.71,1987.5290475480429,19728.289702104023,624.7431450821281,116.53125389835729,174.82212622806685,3357.327003523263,439.6688203045954,3871.460482725982,1.9395218773988374
2018-05-15,2290.5596620908127,6210.458289334741,1351.923970432946,20871.30728616684,8812.163395709722,5553.16,7569.617909442854,10207.6,24297.17,799.37,12970.04,1984.175997632319,19681.50460073057,627.001312335958,116.21710188423513,174.6834066985646,3345.5077537694915,442.83481462839586,3849.0118352532745,1.9318880096808921
2018-05-16,2305.704001693839,6265.763286047005,1368.9349989413508,20977.285623544358,8835.046835732237,5567.54,7608.206867316659,10111.0,23734.22,787.9,12996.33,2008.6495248364986,19937.31986314783,633.4746324016426,116.57185581999309,174.2853964478883,3362.4106308127125,441.2513375381323,3887.5529950983514,1.939309366130558
2018-05-17,2306.172106824926,6258.982619754133,1377.948283170835,20952.929207291225,8925.017190006876,5621.92,7609.490348797832,10216.4,23801.99,786.2,13114.61,1967.0378247919996,19180.22386347998,634.2713368204992,116.40920372680355,174.80574052812855,3342.694171217449,439.92862279276636,3881.965093318045,1.920473441470837
2018-05-18,2303.519422627892,6244.398216939078,1381.1335172999363,20985.005306728934,8898.69015615169,5614.51,7606.9599251254995,10112.4,23449.65,782.8,13077.72,1943.2014838650105,18872.380346636983,631.3482516560656,115.0068781200515,175.78565679021813,3360.3816265125442,445.10483693880127,3883.3836241268223,1.9326500157084512
2018-05-21,2317.779756604334,6270.65258872917,1388.661323834966,21212.983929101472,8951.728458340453,5637.51,7623.825360279696,10066.5,23092.38,784.46,13077.72,1938.6355058764525,18869.062143244268,635.263297519565,113.4082492558911,175.65765559373807,3386.5716144421554,447.1934742463897,3912.3585390946505,1.9400341492969495
2018-05-22,2312.963749044911,6264.080142626709,1379.7775702521437,21083.631887256983,8985.3427626326,5640.1,7643.546317680267,10138.8,23216.57,797.65,13169.92,1957.8633763740206,19271.852326326214,633.5772707705553,114.14833774479854,175.77966620731894,3379.6642447129093,448.86337879818143,3886.0897250361795,1.9400341492969495
2018-05-23,2336.744464392579,6348.602205693767,1391.47644695221,21276.233222193725,8886.855317206755,5565.85,7559.687123947052,10025.0,22911.71,784.93,12976.84,1993.5724631937615,19060.327150163812,636.7191924576074,113.41164261080156,176.23099029126215,3337.793064414306,444.19432548179867,3899.230818951587,1.9357316815323533
2018-05-24,2327.5395708008023,6335.108153078203,1389.3254831690772,21171.346900465036,8810.572586630129,5548.45,7550.090384780925,9996.0,22749.08,770.89,12855.09,1980.6391846058605,18732.844684482476,631.932439145554,113.81482101192736,175.23437988128708,3343.2684469659916,442.00373241650556,3902.568279517761,1.9525792786729483
2018-05-25,2335.504634397528,6379.891864057673,1396.2667353244078,21243.640576725025,8829.56025128498,5542.55,7579.681550709589,9826.5,22398.15,755.63,12938.01,1979.725502472023,18539.06596957058,629.8709890836917,116.77226608407433,176.1260688789519,3345.1853148000305,441.75276765154103,3908.5176546809193,1.9449120727129028
2018-05-28,2341.23112659698,6395.534907730031,1399.690282617112,21295.728481094335,8854.338239505181,5508.93,7593.847352024924,9764.4,21932.69,755.63,12863.46,1969.1515592154137,17356.69108162889,628.0709886762467,118.80606885930261,176.75897314934937,3377.0108135377595,441.4361001317523,3897.8154315577626,1.965946310321583
2018-05-29,2330.901213171577,6409.523396880416,1406.9757365684577,21110.441941074525,8766.096244401057,5438.06,7508.6499174128485,9521.3,21350.88,738.08,12666.51,1950.4546596332582,17694.64661619157,626.9054117020568,118.41758363035873,178.13352985698918,3359.9598805233168,441.2887022509081,3910.9017006470917,1.9689187673274469
2018-05-30,2335.599759924548,6398.396638943668,1413.0069450398698,21150.45871559633,8763.042735042734,5427.35,7464.265204907335,9566.2,21797.82,749.28,12783.76,1943.526486899981,17671.104766947934,632.102301108928,117.66536605875784,173.35369838208086,3298.376972543511,425.48337329441864,3888.314329337621,1.9393253904363228
2018-05-31,2313.7786520697914,6365.138556277797,1397.203215874102,20882.517960998975,8734.656731698993,5398.4,7366.681184668991,9465.5,21784.18,755.85,12604.89,1918.255457868221,17630.311243826804,627.339031715125,118.15640671603217,174.4945966125673,3327.5334461857697,432.5754846629041,3891.564229536848,1.920980861623353
2018-06-01,2345.199605505767,6478.56438403156,1413.3013164101026,21127.061446764717,8816.128663003663,5465.53,7480.072904009722,9632.4,22109.55,776.77,12724.27,1935.698497475725,17601.09152642793,628.295138428931,118.47551072534594,173.57302227267388,3332.4674189229804,430.2250717958993,3887.968197306506,1.936789276411918
2018-06-04,2348.0531692097275,6502.081463435483,1413.317946745309,21210.992862332776,8809.433854907538,5472.91,7473.100225030293,9750.3,22009.95,778.57,12770.75,1926.3372794795432,17931.205511954733,627.3652892561984,116.94731383538554,174.957692756782,3378.066203514508,431.76529421570257,3937.8799464104827,1.950173286061427
2018-06-05,2345.792797405701,6518.057689025431,1420.5751834784094,21164.00409626216,8787.92728935635,5460.95,7406.583969465648,9686.4,21750.15,789.32,12787.13,1882.3603506733307,17180.96102760685,626.4425291137575,115.86873440595461,175.18684905953677,3396.0200309092006,434.5160624246502,3897.0779431840347,1.9592149598377542
2018-06-06,2354.7373338429525,6530.972098356478,1423.4934386546058,21358.466046630143,8786.522358302478,5457.56,7360.025839793281,9791.6,21807.59,781.05,12830.07,1890.3419883354113,16800.50103186077,627.2870455440346,116.98339572557902,174.4130275582964,3381.3178432931477,433.79955859281523,3923.6116176087517,1.9592149598377542
2018-06-07,2347.970166963302,6470.946690397492,1413.4841935757267,21392.83837613357,8764.461634719299,5448.36,7357.1994147517,9829.0,21767.6,778.62,12811.05,1882.1058164270403,16017.229301089843,624.7941983535868,116.91054068934592,176.32308405438812,3396.288213136751,431.81872422800024,3915.005816959669,1.9607155328402273
2018-06-08,2361.5142760027193,6496.864377974167,1421.218558803535,21513.026852481304,8753.85492050829,5450.22,7341.780231154045,9746.3,21355.98,773.06,12766.55,1924.0362446155552,16709.70963862322,629.4063506672803,117.23079895100125,176.0423534887329,3353.667744538871,426.0804976556334,3904.0201491814396,1.9460073027464677
2018-06-11,2360.828241683639,6500.280040733199,1421.1473183978278,21488.721995926684,8782.055501957891,5473.91,7419.375376408844,9898.3,22086.2,758.96,12842.91,1908.003527453146,16540.718288916847,629.2300147130946,117.37888111183779,175.8688929163614,3352.999908251434,423.8326583906096,3904.6505619429017,1.9547119942390936
2018-06-12,2372.7969348659,6559.208173690931,1432.3541932737332,21558.731375053212,8771.274052146191,5453.37,7445.756139595001,9914.4,22119.76,762.43,12842.3,1917.74580946807,16658.644257959633,629.7069213659558,118.43314879037682,176.47601049058935,3363.129240667153,428.93863737608126,3904.0714469950994,1.9527093829836037
2018-06-13,2354.024255788313,6526.757696548214,1421.8810957509963,21373.25078449665,8739.31934203063,5452.73,7443.629310344829,9899.1,22216.18,769.68,12890.58,1921.1776393473338,16442.401997104655,628.3503134796239,117.68274268098293,176.52188616886363,3325.232683982684,423.3885184841537,3871.5171771057626,1.9527093829836037
2018-06-14,2405.1257671363123,6708.4795574379805,1456.2364940790042,21761.00786584839,8902.149366653293,5528.46,7518.669435072239,9957.7,22486.32,778.71,13107.1,1952.8653354407859,16220.107874865158,637.1264595289927,119.48134788971457,177.66621088408797,3329.0866935704357,430.4852690988631,3890.357893375578,1.9107344187329995
2018-06-15,2394.400895856663,6672.736669825135,1450.521147385649,21612.95546558704,8736.449988555732,5501.88,7475.650895251277,9851.0,22190.45,763.45,13010.55,1959.9662446411699,16342.211444078759,629.2900952629519,118.25843573339937,177.86231320049814,3323.846339430627,423.3858831240928,3907.662712407823,1.9177242958223983
2018-06-18,2386.432074335369,6665.258539103501,1456.1300868966703,21498.29648111503,8695.681403828623,5450.48,7376.889774006407,9769.4,22099.27,770.91,12834.11,1957.449138104985,16030.375532415646,630.9010917386346,117.83270861629049,176.51435909409292,3324.9037396197855,422.87676449171283,3898.655553426582,1.877500711102683
2018-06-19,2383.597929249353,6665.737704918032,1461.1302847282138,21311.656600517686,8647.125717859783,5390.63,7349.900130264872,9755.4,22084.33,766.13,12677.97,1954.1890841558038,16439.50631497749,625.7404520654715,116.63950404243761,174.66468051744414,3246.3384137440994,405.2046538545969,3887.4440975982675,1.823026705306784
2018-06-20,2391.393017628759,6724.429657794677,1475.103698582786,21308.157621845832,8682.793556833058,5372.31,7427.104669328242,9788.9,22120.58,765.89,12695.16,1984.645121365806,16525.950621527183,630.0681596884128,117.78204688955546,176.62826938136257,3268.0738437835307,407.65005439534394,3930.076403922068,1.8450461279093362
2018-06-21,2369.869861242782,6647.375678703782,1455.6149271740064,21082.220115487373,8630.506538747073,5316.01,7351.346889120611,9702.1,21673.11,772.89,12511.91,1969.8285804418545,16023.341641323485,625.1359399274987,117.20765854801991,177.8033377732508,3217.0835895633836,399.792941426315,3964.7134041605696,1.8225425459761602
2018-06-22,2363.2838637728405,6599.313717079866,1445.9809556489663,21086.806210860428,8745.255848369286,5387.38,7479.652777777777,9792.1,21888.47,771.18,12579.72,2003.2042600028115,16006.124599227343,629.5077728580201,117.50648499819738,175.6451499668474,3212.8409825114713,399.0875346954383,3973.969358442387,1.8311776084271365
2018-06-25,2321.4883800410116,6435.415242652084,1416.1910457963088,20721.804511278195,8518.904202824571,5283.86,7322.325138504155,9617.9,21355.19,777.08,12270.33,2007.651759685701,16051.975023754581,615.475081134925,115.83283140921031,173.86480386052307,3158.1553593919534,391.23902591973246,3933.9980362968354,1.8221919967851128
2018-06-26,2337.992616124324,6492.341375461492,1432.583497896454,20849.240147677512,8559.981830570066,5281.29,7339.606960436326,9637.4,21419.27,768.89,12234.34,2018.070550174343,16125.873146715749,622.3455038059604,115.93290860432325,174.28136822809003,3154.1275787128548,388.7579601210983,3934.3583558165365,1.7996233752315631
2018-06-27,2336.633920457004,6444.003981477474,1419.8727658285368,20874.7046349591,8650.198615367153,5327.2,7371.500390049406,9658.6,21557.91,767.91,12348.61,2010.5450348262805,15821.504195749352,624.3195016708302,115.1182706014575,174.8313839390847,3115.95268313856,386.10219245940743,3936.7506433268736,1.8024211547045512
2018-06-28,2347.921168640332,6486.022992479903,1421.9206500129656,20931.84372028697,8609.122767352475,5275.64,7322.352024922118,9589.0,21432.34,748.03,12177.23,2061.7133984518496,16078.7059337508,625.7178282432785,113.47108215472343,174.21880622702025,3136.1744977521967,380.6817663055883,3951.1693843170906,1.7908747601064816
2018-06-29,2326.3756953359,6427.299957210098,1406.1360718870344,20771.42490372272,8632.713502515118,5323.53,7426.932367149758,9622.7,21626.27,757.57,12306.0,2047.9522067717098,16060.943846018012,629.0778755294884,114.53707012263143,172.46199644320728,3161.055464276552,385.4368492823121,3925.374184145491,1.7934418898706266
2018-07-02,2342.4337442549718,6501.172630041664,1421.837549933422,20881.56007044371,8522.865853658537,5276.76,7386.845067983026,9558.3,21427.2,748.21,12238.17,2008.824381714145,15994.1350197073,628.9549126922075,113.87174587405381,168.98648072825878,3179.9058826113455,374.50651961036954,3896.675286993819,1.7407904114523063
2018-07-03,2327.5456807068713,6436.192845500558,1424.3973578107577,20738.457579137,8593.583069262108,5316.77,7458.2706441850405,9660.9,21764.16,745.91,12349.14,2074.6462590672845,16214.769163044077,628.4277879341864,114.49813759039974,168.98495190816013,3123.0964480889265,376.9137883161246,3934.8664660224936,1.7471748589351337
2018-07-04,2327.745367192862,6436.745024021963,1424.5195607412493,20740.236787920385,8596.503774334526,5320.5,7492.458704488454,9757.5,21686.61,744.41,12317.61,2087.1514431877426,16383.656470227199,629.547679655375,114.83849358513572,168.64329256455056,3092.181862973202,373.7387064020229,3916.138573102378,1.7332884478550608
2018-07-05,2340.7835086818923,6489.119835771106,1436.5580360961424,20833.752459156618,8601.900667496322,5366.32,7471.823585149454,9866.2,21914.29,748.57,12464.29,2161.7748199917646,16214.9288790291,626.8594503061091,113.83178463226419,166.60473208072372,3068.6741871556437,368.9705389591978,3927.2839857201525,1.736429994385091
2018-07-06,2349.3828211458244,6544.981697454669,1442.1128798842255,20819.34110836809,8615.358516172812,5375.77,7478.435081685296,9905.0,21925.51,747.04,12496.17,2191.3756772354923,16530.484606739097,630.981974360643,113.75780728567844,167.9175368964587,3068.346282630603,368.6512945035654,3969.0495475542616,1.738372582162497
2018-07-09,2369.3047400221258,6600.459535358692,1450.5999489405156,21084.665134882136,8674.252510436647,5398.11,7521.1814201081825,9927.0,22033.44,749.75,12543.89,2179.9897632712195,16482.718613006364,632.6387536514119,114.99354581754775,169.2935667127284,3108.482950666912,379.2066472873202,3994.4328652220875,1.7407926402047098
2018-07-10,2378.950953678474,6606.948228882833,1443.818119891008,21219.056539509536,8695.500791318109,5434.36,7530.839917554104,9889.3,22057.3,755.33,12609.85,2204.0243045464404,16708.30143620761,637.2580854656449,115.9118247093606,170.2868431146912,3118.127313543983,380.3316165988107,3974.6573515401715,1.7553540686330769
2018-07-11,2376.237793387014,6610.082234024328,1442.2305979098853,21158.514647935586,8588.190045248868,5353.93,7460.843787592371,9733.6,21708.06,746.7,12417.13,2201.063690798752,16448.38221151189,631.5431017707725,116.4604372518754,167.7159134358033,3077.3910585984627,372.97699255735836,3922.5028398333966,1.7447137305303098
2018-07-12,2397.335617905333,6702.865710002142,1448.087384878989,21353.51467123581,8656.819596085308,5405.9,7546.589644843816,9767.4,21790.12,752.4,12492.97,2198.0974855826353,16739.937547584104,640.510616126091,117.29063375586314,168.86456866699643,3105.5823615041136,381.83722110510803,3978.481800006347,1.7467206849105639
2018-07-13,2397.253005861966,6697.171708527662,1443.7379658551197,21410.64567198665,8677.08946772367,5429.2,7567.725681100008,9734.8,21892.35,761.91,12540.73,2192.7937616421077,17017.176183070427,639.3563068920676,116.796441531663,172.0850626356471,3114.9641552598673,379.179108772244,3982.463786531131,1.757391859828436
2018-07-16,2389.777967549103,6665.858240819812,1433.4244235695985,21404.235695986335,8590.505792596778,5409.43,7556.546246477068,9716.9,21822.96,765.71,12561.02,2198.647438832318,16955.905058951048,636.9416812951043,114.99957141551738,171.84296577946768,3105.8842734168397,376.1283941163332,3955.197870789899,1.7543917142356318
2018-07-17,2409.355972901124,6736.231884057972,1446.925649601235,21541.79744447303,8577.584073782476,5422.54,7565.083583369053,9719.4,21977.82,765.35,12661.54,2211.0889871905224,17454.0082880025,637.4618035238282,116.73799850503953,172.41993315101794,3073.2643035131055,374.70605911424536,3930.9305199125556,1.7387540765290297
2018-07-18,2419.229282123985,6748.670361300855,1453.6838939725908,21651.66473342785,8622.127372795687,5447.44,7677.478096546986,9753.2,21972.22,773.78,12765.94,2228.2453696040857,17260.73850959393,637.7870563674321,116.05912259832931,173.52458891595612,3076.691268595064,373.256951415218,3969.930710062933,1.7464291433757084
2018-07-19,2408.734862148931,6721.034097741133,1461.2299235592202,21527.527269604056,8588.800089420445,5417.07,7682.492045747698,9721.1,21885.4,766.64,12686.29,2197.431120371042,17378.984670247723,636.1035598705503,114.93657226628325,173.85581182220864,3072.8655977971707,368.09411526076923,3958.347185791486,1.7364004321429112
2018-07-20,2390.6399317406144,6672.525597269625,1447.7901023890786,21380.648464163824,8605.132515268673,5398.32,7717.225989185477,9724.8,21794.6,754.36,12561.42,2193.5743137601394,17791.79828583721,633.564754736569,115.26468821654413,173.83021252153938,3071.300089773933,373.40667510979216,3981.440334431214,1.737881767041443
2018-07-23,2400.769757098871,6707.039001026343,1452.6257269928158,21420.022237427303,8579.357875273156,5378.25,7708.009291121817,9726.1,21605.21,751.5,12548.57,2212.7682222636936,17635.59404429471,633.3008700168809,116.33042111082413,172.04632047933632,3076.0987186605266,377.0785724628101,3931.5643939393935,1.7030724663784822
2018-07-24,2413.4862228307375,6709.541331507788,1437.7888071196303,21600.16258771179,8671.597300337458,5434.19,7746.069155341475,9773.1,21874.69,750.27,12689.39,2241.812584811097,18072.110412219317,633.9253187613845,117.29441594999962,173.2308284274116,3120.3977987164626,383.4371790914074,3979.041722232806,1.7284455966404388
2018-07-25,2426.627445964957,6763.21780278808,1436.8418808884342,21668.670332949652,8612.04385718302,5426.41,7772.7163047225085,9703.1,21561.46,752.78,12579.33,2265.5975599117396,18542.369747122186,637.677275995033,117.22990058284407,173.74193300553165,3157.7516459759577,383.0173114101651,3971.14126807564,1.713580302756167
2018-07-26,2437.139789564097,6744.41056474125,1456.1820914751986,21925.763366974446,8628.238473230873,5480.55,7891.09825591435,9780.0,21862.87,755.41,12809.23,2279.7412143374263,18200.53864490694,642.407121505765,118.69163606033212,174.42271902390053,3145.2047908379595,381.69185054055765,3956.9735758190227,1.7305572565829759
2018-07-27,2418.031310315248,6637.28929873472,1426.8410894274073,21832.339695475017,8661.916544820604,5511.76,7918.170047475183,9867.9,21955.08,751.43,12860.4,2286.064128127317,18462.299174738208,640.6781888677136,119.77363975565066,175.455774430282,3149.5060493239953,378.8860772242576,4000.1263492063486,1.7611771928478244
2018-07-30,2394.156842644797,6518.024944472919,1412.207415000854,21618.682726806765,8640.020195220464,5491.22,7913.108808290156,9854.1,21941.01,758.18,12798.2,2290.3178688022267,18387.154849571103,638.0078636959371,119.77111460702424,173.40183824943279,3126.1735473798167,376.651018783727,3972.4125276811137,1.7562408110757166
2018-07-31,2408.8354787666253,6561.852627977591,1429.072403027841,21738.177308300903,8699.629504883798,5511.3,7920.51282051282,9870.7,22215.69,761.23,12805.5,2279.489960898531,18032.705461912297,644.0323535214046,120.57221794752779,172.42905198776756,3113.092016053934,378.21482602118004,3990.2147531609376,1.7555509663997309
2018-08-01,2412.8301886792456,6610.025728987994,1431.6123499142368,21727.11835334477,8615.231340763256,5498.37,7916.412114936577,9799.3,21791.45,761.66,12737.05,2281.546486170996,18134.169515555506,642.7685814152871,121.10632028543047,174.61195977585015,3093.4606778365987,371.8385458567981,3985.0768351536703,1.7655562443082247
2018-08-02,2440.6249999999995,6735.747582872927,1452.0890883977897,21863.05248618784,8513.715794796875,5460.98,7931.707528372172,9698.2,21414.72,752.81,12546.33,2270.6146891839476,18331.09440998078,647.2358478059127,120.62111926254664,174.05698159888664,3040.5441579813496,365.70577920193773,3965.2442976046764,1.7389505936422824
2018-08-03,2455.457099632591,6753.4125783445,1446.6133563864273,22012.172033715153,8612.50421679973,5478.98,7957.25084716309,9739.8,21586.85,761.69,12615.76,2297.1665717717638,18985.822696275573,649.8668973778783,122.15625907129518,175.0140243191795,3042.4404320224257,363.0833849929785,3988.4832395086996,1.7583471684191108
2018-08-06,2467.131172372008,6802.856277318561,1457.8352880079628,22073.12069935517,8585.906341026215,5477.18,7940.774171150843,9722.7,21580.18,759.63,12598.21,2305.120036792027,18776.30801663327,649.9534078807242,122.09528179713372,174.86846398881204,3066.7666155898273,357.7833345962466,4010.7413445861707,1.7524295655906066
2018-08-07,2464.393482196741,6796.844555565135,1455.5565134925425,22095.792740753513,8610.53101294065,5521.31,7978.166999046214,9772.8,21853.81,761.29,12648.19,2333.845282153399,18464.729336872464,640.0594451783355,121.91358593326461,175.40820433436537,3104.579573804003,367.33024993216947,4001.2143314139475,1.771193162129904
2018-08-08,2461.200585651537,6793.842046335371,1452.8292136766859,22034.06252691413,8627.78055139513,5501.9,7953.670798301117,9747.1,21790.3,758.04,12633.54,2326.439204075209,18072.193618357214,642.2260432511077,122.23549651414044,175.7211810809762,3113.7372018336036,362.07233257107583,4012.3535812584014,1.7626177529294629
2018-08-09,2475.561724646482,6846.343367745293,1466.895115815043,22129.981781903356,8612.972131056351,5502.25,7974.956400418556,9754.6,21634.25,754.65,12676.11,2285.4315826406255,17980.879549838493,650.3440252617582,123.25440718252904,176.48098399062863,3149.1270557671564,372.2049462324564,4027.563073577847,1.773325943545097
2018-08-10,2482.937516431514,6869.783542196126,1478.222767505039,22183.104022434494,8579.43266379455,5414.68,7952.9147587178595,9602.1,21090.78,743.73,12424.35,2242.245063186486,17372.835329511265,647.8181151448479,123.70440295167641,176.13713021841306,3160.8374933143164,374.67267351823176,4016.7608201912926,1.7729030754892825
2018-08-13,2473.4244894381627,6853.983697081251,1468.419668682619,22077.044438601104,8552.906944211292,5412.32,7936.326782409447,9530.4,20969.26,720.71,12358.74,2235.5835701842852,17488.618335684063,646.4295248264816,120.878794520276,173.0116753077136,3117.468447658264,371.08315738597344,3983.43410531681,1.7507747652344539
2018-08-14,2503.4908321579687,6938.372708039492,1492.0486600846261,22302.4682651622,8538.014582164891,5403.41,7980.682019486271,9507.0,20906.35,720.32,12358.87,2292.0278295586586,17916.632855417018,658.1257173722233,122.55329902202607,177.30256166230473,3108.753437470246,372.92400281708177,4023.245625239494,1.746976118294871
2018-08-15,2484.23975319524,6852.463640370207,1472.604671661525,22179.294843543412,8392.511752854263,5305.22,7937.248799573181,9386.8,20906.35,720.32,12163.01,2236.477050596834,17395.842737203217,645.3804621214662,122.61258349276336,176.72890799108566,3076.8942315813183,362.4859389001519,4038.670155063493,1.746976118294871
2018-08-16,2496.870879845302,6861.668278104949,1481.7175002197416,22465.26325041751,8448.074235563754,5349.02,7940.098835157077,9427.4,20524.13,707.77,12237.17,2225.3850741624315,17281.26743453613,646.6920609462711,121.46326563419828,175.89696032972694,3030.6825171384157,361.790492002171,4038.7369966175247,1.7448316137823634
2018-08-17,2491.5901739662563,6833.053588600403,1479.980767549611,22440.178337267247,8427.931092155879,5344.93,7930.864088787104,9417.3,20415.27,710.35,12210.55,2233.60085225958,16994.735842097616,652.080474006628,121.84211749193959,176.21062626102778,3038.7540547934495,355.32431539067863,4054.233179841391,1.7474667351017583
2018-08-20,2488.6111232089197,6812.429772222465,1479.6306781063543,22436.906058098513,8461.528172546397,5379.65,7969.326178747362,9468.6,20470.97,712.61,12331.3,2235.7543952752885,16749.589642308536,649.506008010681,122.7562121833191,175.6597428288823,3075.2452851213197,358.90014287982217,4056.2569921687714,1.7461296461723699
2018-08-21,2474.254602022297,6792.126868896379,1484.7895601071643,22316.385792066372,8435.85883927078,5408.6,7977.217635692956,9549.0,20783.79,705.2,12384.49,2249.6408574923444,16051.664834050367,642.495359321135,122.00780206229314,174.0948836480451,3069.3537862617372,361.3500107283949,4003.05624562074,1.7610196577350938
2018-08-22,2467.7244114857294,6802.707596792275,1485.3324135552298,22189.876692247995,8432.687597417056,5420.61,7936.321375317956,9580.2,20699.7,719.46,12385.7,2296.548294865951,16403.71365798511,644.7437385967821,121.71682516758139,174.42126199204426,3067.431119605033,358.2854406130268,3969.717127561849,1.7563894554669635
2018-08-23,2475.9337897564783,6827.680041598059,1488.0405581072885,22235.011699454026,8400.77751860491,5419.33,7939.743814704334,9567.3,20608.51,731.19,12365.58,2267.937148181714,15933.628971096316,643.4419713831478,122.0428033497276,174.4983259363077,3058.5180905213924,359.5101145963926,3923.4695736860294,1.7595005010406228
2018-08-24,2473.277122945883,6836.427772520002,1484.7027445582034,22189.073388970144,8380.325149303251,5432.5,7922.376826813686,9589.5,20741.96,724.85,12394.52,2258.5402101561517,15988.886093464998,641.6974900924703,121.12713695750153,174.81452548534304,3031.703095042454,361.3087939730252,3939.6481160334224,1.7728446409796526
2018-08-27,2480.510361363247,6865.816064394588,1480.0565165268026,22306.593594793627,8365.983991167539,5479.1,7962.45733788396,9659.8,20797.82,736.27,12538.31,2300.6063609490407,16365.926034819497,644.5985208663498,121.53967538362348,175.75363268452494,3085.9957538082012,365.8990112195796,3946.923125354152,1.7620777389491755
2018-08-28,2477.5716117999145,6866.216331765712,1477.9136383069688,22286.464300983327,8387.623190001652,5484.99,7944.953647017667,9606.5,20620.05,737.47,12527.42,2241.5491537727353,16023.398138572908,642.2931957944852,121.80609786083784,175.43425099969244,3083.4741753401418,365.6580129836667,3955.889568627451,1.7695073603982912
2018-08-29,2488.9306457123334,6926.622822002049,1481.6791937137,22313.435257943285,8414.786381842456,5501.33,7980.1809716243515,9569.5,20760.07,742.96,12561.68,2261.415449500855,16300.608240884183,644.1818903891979,120.77215085766048,174.75406325289686,3096.164176095969,363.13812403741406,3966.2820392744525,1.7787903766302802
2018-08-30,2485.6530865784175,6930.008996272973,1484.2565222979051,22265.278670265176,8380.008919611997,5478.06,7986.979948767776,9467.6,20495.1,739.7,12494.24,2225.959365921888,15777.976024533034,642.6656984420385,120.80897139832888,176.56436981277744,3078.004611971454,358.9213618182615,3954.918589085022,1.7775920247761976
2018-08-31,2501.0947332126543,6990.3801396431345,1500.51719679338,22381.53607447634,8303.915982347355,5406.85,7973.662697707481,9399.1,20269.47,729.62,12364.06,2237.486311406747,16294.25389944324,638.3725542041249,121.30204650527075,177.43491250533503,3053.8698232627407,360.04087502838547,3917.369204066452,1.7962403049822533
2018-09-03,2496.145905024088,6976.548520302821,1497.5481761871988,22337.250516173433,8310.28182271192,5413.8,7994.556917066239,9376.1,20395.79,726.13,12346.41,2218.2603983309423,15760.526642396162,634.5763380096593,119.85518393044065,175.86260842627013,3036.6412631971116,359.2573211865208,3916.4068511853047,1.7868854998489652
2018-09-04,2501.0533586599895,6986.055948886204,1496.6154377482303,22407.59799689173,8278.692346117554,5342.7,7945.22943108192,9376.3,20601.0,710.24,12210.21,2175.226514852842,15505.510127843268,628.5443058692592,118.2738064542306,175.82229452320087,3084.0249603104608,363.3732811908667,3901.002975452517,1.7902744491689213
2018-09-05,2483.8557117674877,6874.90433810568,1485.5754761597661,22335.431445891914,8194.084678985628,5260.22,7853.413619056053,9301.3,20581.78,696.09,12040.46,2160.21282346268,15575.911886414786,626.8367480099179,117.01433863080923,174.08704032071543,2985.5128844373094,356.4971644731459,3853.0599876314163,1.775698689787158
2018-09-06,2476.381001548787,6817.0108415074865,1475.193598347961,22367.81104801239,8144.394369331776,5243.84,7832.596145305977,9208.7,20527.22,688.77,11955.25,2184.9277556921015,16199.096941046786,627.6593654847264,117.38120018478769,174.70431945307644,2954.3963024621044,354.80098688351245,3815.31477409965,1.7596323218337757
2018-09-07,2485.6574050030295,6840.249285899767,1482.887561672293,22432.736085865145,8140.604026845637,5252.22,7889.998215560315,9171.2,20447.69,687.79,11959.63,2193.5561030235162,16293.042792264558,629.3111388907165,119.06585470555386,173.83253458016756,2966.480987600011,357.90984746920293,3779.402682086614,1.750563935734344
2018-09-10,2481.568052440918,6834.7076073831295,1481.3437985164742,22302.113161980335,8178.529296106961,5269.63,7911.969522459466,9270.8,20918.9,705.03,11986.34,2186.2774321117613,16132.27031932631,624.9639627833835,115.94761474961459,173.65018627755356,2921.678129751508,351.7079123837802,3769.0696532678735,1.7634241245136189
2018-09-11,2488.0589299560606,6868.674075988628,1480.4859136727837,22375.33385026277,8168.845462713388,5283.79,7899.813912272928,9284.1,20853.84,692.04,11970.27,2195.5569605134,15486.008836524301,629.4916595239665,113.94531972009904,174.91560872081806,2905.444708961255,349.8075838295205,3793.204431758892,1.7463534774860217
2018-09-12,2484.878720110098,6841.759848615172,1475.7440220196113,22362.73868914502,8208.035914702581,5332.13,7937.044910975284,9306.8,20963.0,690.27,12032.3,2227.7190689301924,15526.775380291007,628.6432825943084,115.15354636988921,174.74188311688312,2887.396634207022,348.72714279445603,3808.2863661589695,1.7461126025867542
2018-09-13,2484.328485885372,6855.1839178785285,1466.4841745081264,22366.11633875107,8164.110326269761,5328.12,7929.976104080008,9329.2,20846.18,678.83,12055.55,2256.900838119495,15182.832399906489,624.2316551497203,114.71785473214169,174.42158361357383,2948.391532832376,351.61157283009436,3771.0429485601767,1.7438958344457243
2018-09-14,2497.725807145007,6887.098577017326,1480.3490821546798,22488.00137569322,8205.864509605663,5352.57,7959.889963617002,9365.3,20885.43,681.69,12124.33,2258.3736609494085,15537.166692414645,625.9664863438448,117.13812655118036,177.2082869748705,2980.867066862577,351.5158342721242,3791.462394686673,1.7686573996368464
2018-09-17,2472.546753969273,6758.069071767877,1458.0819103864424,22306.77451106261,8224.011713030746,5348.87,7943.03617456226,9404.6,21111.4,682.75,12096.41,2244.4305614873647,15904.72551029919,625.5774278215223,114.40955807606007,176.73365219054904,2936.708791747991,346.6282212111567,3802.2930562813144,1.7700892342456598
2018-09-18,2489.3374475015,6819.328019199451,1466.5038141767377,22496.751521385104,8226.53820148749,5363.79,7921.697023545093,9447.5,21228.23,686.68,12157.67,2263.1433839445785,16123.932468602017,634.3210121230139,113.09873516185813,178.63956370847797,2951.524001525636,353.16541865214435,3812.3375819824273,1.7563992362753973
2018-09-19,2491.1762186241754,6810.622804763128,1458.862331876981,22621.228475970187,8255.300940262372,5393.74,7916.275568936509,9486.3,21280.78,689.59,12219.02,2262.6436144414497,16215.539559390949,635.0834134854566,113.01258207278654,180.60975051499202,2994.1629522810695,357.7460736422715,3852.0177976912787,1.755242628385468
2018-09-20,2488.642635757653,6817.161295800959,1460.6886596187321,22635.740669978346,8299.802850222497,5451.59,7967.433831990794,9583.7,21388.38,681.03,12326.48,2232.952190500158,16269.251996792636,632.3911684380245,112.55598162446395,178.7056914251208,2981.420960689213,354.4765660850045,3819.8873134790415,1.7725164400909355
2018-09-21,2493.336170212766,6797.412765957447,1457.2936170212765,22760.425531914894,8336.371730662215,5494.17,7985.246338215711,9590.4,21536.74,698.74,12430.88,2229.471234238713,16687.86497500315,634.161449752883,111.04299268107683,180.45685125685125,3045.317674742897,363.6221469263134,3843.9950356810427,1.773119371759498
2018-09-24,2484.993190330269,6803.924072182499,1451.5832482124617,22609.848484848484,8330.62660560706,5476.17,7902.323116332478,9512.8,21339.87,689.96,12350.82,2217.591036515126,16235.024825906381,630.7348641634638,108.2681965980794,180.12322668276485,2985.7538381359795,363.6853408145785,3819.780206211027,1.773119371759498
2018-09-25,2476.6904519198097,6802.132178049609,1451.5800203873598,22504.425756031258,8407.592810347725,5479.1,7942.956506427189,9493.6,21668.99,699.89,12374.66,2220.8115526901843,16388.617818397823,627.3469521592287,108.72872906986427,180.00872213241098,2988.0248174547983,360.32660130516814,3809.871585624981,1.773119371759498
2018-09-26,2475.2725724020443,6806.107325383305,1440.8943781942078,22474.684838160134,8424.730820995963,5512.73,7983.944429789853,9524.8,21646.34,701.89,12385.89,2242.553576231841,16617.258207630883,627.3741371978147,109.13984918061475,181.61325424113048,3031.282828062681,364.03749938078965,3828.905240377183,1.773119371759498
2018-09-27,2503.2213727343014,6908.315436818144,1452.2205996048451,22712.765226355128,8478.022471910113,5540.41,8000.895601018526,9527.5,21511.07,707.92,12435.59,2270.33170856181,17122.201057295122,634.0841730883225,108.93097594564526,180.29882183581466,3037.649947117782,364.49805204924417,3826.6569677459293,1.795283572533746
2018-09-28,2510.1042294771296,6931.131019036954,1461.4264794555947,22791.196485485398,8429.429260901285,5493.49,8009.862506610259,9389.2,20711.7,691.69,12246.73,2278.132456517788,16879.202654980218,635.5948606707825,108.29581152708577,182.74141980453064,3057.4969880015187,370.54570763915456,3866.216990533134,1.8099214410962716
2018-10-01,2525.988944550009,6941.872516842287,1444.9732250820523,23018.837450336847,8443.922496338853,5506.82,8011.103309049416,9407.0,20609.99,691.3,12339.03,2299.8890234758032,16900.49332029277,643.5720303285594,108.55410180703845,183.8262254065734,3065.1018629840837,371.53814718179245,3851.4270560339446,1.8153509418731906
2018-10-02,2531.546588153793,6927.216834083824,1434.0491860062348,23184.91513682023,8400.73054228716,5467.89,7990.257627714763,9305.5,20562.31,681.17,12287.58,2274.8853377439814,17930.64999835221,641.5721231766613,108.83610934550495,184.8978783377138,2996.4795227969403,372.5030414200437,3813.5011982943756,1.7958912311532391
2018-10-03,2548.7976999477264,6991.714584422374,1456.0811988151247,23373.749782192022,8467.05749718151,5491.4,8041.375985977213,9361.1,20736.01,666.84,12287.58,2241.797176101391,18595.486975648426,645.0138785457991,107.58043797418806,183.40909782443327,2996.1413617487187,374.7756546445038,3803.749226389405,1.7958912311532391
2018-10-04,2519.8523664785066,6842.8224055579685,1430.2301346070344,23124.168475901,8388.940404839987,5410.85,7967.700122613418,9314.5,20612.93,676.36,12244.14,2213.5505874746345,18593.851567928632,639.0833949331362,104.43895673476683,182.77583380979604,2949.768163310528,373.5862892978386,3794.4934570252503,1.774145489149935
2018-10-05,2503.965636931621,6758.460603956958,1416.2703922249216,22949.54009024644,8334.517708689216,5359.36,7919.14520931862,9253.9,20345.96,658.97,12111.9,2214.979471746052,18596.584363069556,635.3489620015428,101.45503660433566,181.47892106367556,2946.255169584548,373.2795158957256,3785.1482422054282,1.744890421078552
2018-10-08,2509.9460494256873,6731.595892794988,1417.9516185172292,23048.02471284372,8239.355279644607,5300.25,7868.111998595628,9199.2,19851.47,641.79,11947.16,2209.2734811477376,19821.750443252204,635.7327427094868,101.06973892690425,182.768923384308,2916.500542616245,357.17657693852954,3757.3816636383235,1.7295511575974767
2018-10-09,2506.7142422000784,6734.2761411600895,1411.48775075062,23002.106087637614,8279.100892244338,5318.55,7862.564687308132,9260.5,20062.25,626.17,11977.22,2217.0835096905835,20164.312650785843,632.9367480002688,100.24481629248722,180.81890673754768,2912.7129065464765,358.22642387061495,3734.3747295543053,1.7295511575974767
2018-10-10,2418.125,6442.751736111111,1367.5434027777778,22221.119791666668,8184.800412347517,5206.22,7786.4285088871375,9162.9,19719.04,625.83,11712.5,2181.112890838282,19342.169315226813,611.5056299199522,102.2785727646839,181.73836400185556,2897.864195823537,357.8625380010656,3708.915182539925,1.7130635304969446
2018-10-11,2353.2603070553732,6321.424874935312,1332.9135759875799,21608.45264792134,7998.322013583699,5106.37,7552.399685287177,9007.9,19356.61,626.86,11539.35,2161.26224957782,18906.712572392724,600.3111449472046,99.76988908827083,173.71571379137993,2788.7979514235726,338.6829240812954,3615.347322498387,1.6304692344794323
2018-10-12,2393.0900285393063,6483.516388480498,1337.611346536366,21914.719363486984,7959.3947323511,5095.98,7552.4374291445,8902.0,19255.98,628.33,11523.81,2175.669887703929,18956.63485168886,605.1534068269358,103.00271587100332,174.9241560043163,2847.9880347257867,341.0686622357704,3629.9094939046913,1.63233639637871
2018-10-15,2375.671474220572,6417.428102599534,1341.2989031868037,21807.19405820883,7984.574317032999,5095.07,7559.986021317491,8923.7,19287.64,634.47,11614.16,2188.0849308475895,19271.03441101337,604.6531724665138,103.16293988868496,172.08545819811468,2802.28852105153,335.79308149008295,3594.825558121632,1.6385844033823989
2018-10-16,2427.6815413192794,6605.46027906173,1379.618990021167,22289.014644261086,8042.608943320991,5173.05,7683.880831731608,9074.7,19717.83,644.66,11776.55,2220.3492363334794,19880.44020270662,614.7957650045089,104.59348574499647,173.54914184560917,2805.6504707807408,333.3325000312489,3621.4936607335662,1.6339165340056516
2018-10-17,2442.5789061820715,6645.248239283541,1382.140683418833,22351.691157290672,8044.931006956323,5144.95,7646.233834323663,8997.2,19454.99,637.08,11715.03,2205.405293383501,20221.38284703802,613.9784946236558,103.47164034445181,176.3044266913666,2817.4320047801357,336.7192353793922,3671.0953146247994,1.659795235433306
2018-10-18,2417.5150615559246,6535.527809307606,1362.7433860123986,22159.65249279665,7987.485080988918,5116.79,7676.121360496634,8889.6,19087.53,631.88,11589.21,2143.5514485605563,19671.32601351351,608.4473210115434,104.00419721640044,176.328093385214,2826.3363016588573,327.7252333037574,3683.494808616147,1.6603113020897737
2018-10-19,2403.734421815971,6469.260497633418,1339.215771418646,22097.650788136696,8002.951526847542,5084.66,7741.788830715534,8892.1,19080.16,624.81,11553.83,2138.266846968673,19688.768103236667,608.3935556586886,102.27116790672717,173.86534974343147,2835.571381821611,334.7553639462603,3673.27375614583,1.6617805727673483
2018-10-22,2403.733100741387,6514.286960313999,1342.7823811600522,22082.346271260354,7962.9148058115225,5053.31,7754.360185428147,8806.5,18966.22,626.61,11524.34,2110.509463258111,20254.77756743966,609.1145139813582,101.69909744933808,174.8275675466739,2908.717315627329,349.0637456451461,3646.912268783003,1.6553918490496684
2018-10-23,2389.2337198151863,6483.776479818673,1330.8255601080987,21960.97114462558,7871.446355817111,4967.69,7687.784987723605,8726.1,18802.47,619.47,11274.28,2098.149840388218,20125.044237348116,604.6567402818027,100.62796199517764,170.62620155038758,2821.377487129539,341.4049789246879,3609.071031500927,1.6242875762553695
2018-10-24,2331.54845505618,6239.817415730337,1289.2380617977528,21579.5470505618,7873.111714156489,4953.09,7672.68490018468,8677.4,18485.46,632.56,11191.63,2057.368474064126,19521.3866039953,595.5619809703124,102.5566909015308,172.74929621520175,2825.5453909637713,344.6388390261169,3611.8598382749324,1.609894622120912
2018-10-25,2378.41853105358,6433.422706694211,1318.9749901103248,21963.47413300514,7891.499070474903,5032.3,7639.87363987364,8785.2,18815.32,633.46,11307.12,2087.181272802472,19946.979491619913,595.8369762593315,101.71928642507054,166.32437927663733,2801.425681317634,344.9647363926753,3525.847676553892,1.5987881042044418
2018-10-26,2331.5706393054456,6285.372270455143,1301.2540559501883,21650.714724195386,7808.225035161744,4967.37,7637.757800105763,8730.4,18683.27,633.27,11200.62,2074.074862319517,20630.023344805177,591.1635840663567,100.48476868298752,165.98448640601737,2772.8066140919645,343.6522617506866,3524.4487993032226,1.5653788832346198
2018-10-29,2322.386353644597,6199.147102787303,1298.9624549371317,21492.060142442628,7903.622047244095,4989.35,7685.225478154063,8821.2,19039.85,640.07,11335.48,1923.1964087934068,19815.94797516997,586.8518828451884,103.14238168939134,165.49139280125195,2777.446436966888,336.23830905152545,3553.3631090847057,1.5347501480120254
2018-10-30,2364.696548988497,6312.882894794834,1328.0796861915467,21926.607607210542,7880.656362007168,4978.53,7755.347289130245,8806.1,18998.8,636.65,11287.39,1913.9410292559003,20714.194778877103,597.814244401103,102.89130678881338,167.2431021044427,2758.482839094775,340.248862910317,3636.14030692139,1.5556250482588219
2018-10-31,2397.2241867043845,6458.539603960396,1336.1120933521925,22202.75813295615,8044.805597878225,5093.44,7915.564134058607,8893.5,19050.22,640.15,11447.51,1909.9361334252462,20764.93711625477,601.5322580645161,104.62681746453414,171.58201244569685,2812.26808069891,345.43472888455176,3645.872494762842,1.5685272911337624
2018-11-01,2401.9370672276273,6515.961083355246,1354.1765273030064,22246.244193180824,8114.3476277372265,5085.78,7885.658067337124,8954.8,19185.14,619.32,11468.54,1976.246426636355,20920.889183337866,603.7983587338805,104.67777740451474,168.6639188085702,2845.6904852542716,345.5325775271084,3688.7691044587596,1.5700791065611912
2018-11-02,2391.3761306753313,6460.86765609906,1359.4274172301748,22192.702204268026,8081.704260651628,5102.13,7874.857693318154,8993.0,19390.34,619.4,11518.99,1992.2203737920363,21004.632379142415,603.4032290480338,107.88797086169694,172.55185788534638,2976.245189201337,357.2277909118136,3698.162678215787,1.6135861490257666
2018-11-05,2400.5522924520033,6424.870693433857,1356.6318926974664,22321.118611378977,8120.530406950161,5101.39,7860.890052356021,9010.7,19281.03,618.84,11494.96,2063.738831069793,21079.433007881427,605.5501688454981,106.49772440236144,169.60184324659232,2905.162988686009,353.3264980633402,3678.1502086230876,1.6190646949227856
2018-11-06,2411.244804200394,6454.570115948371,1361.7151607963247,22432.73681907679,8070.9348312030725,5075.19,7845.114290699702,8988.9,19268.29,629.84,11484.34,2055.33452171066,20629.06531728029,606.9613922784556,106.39765984505912,170.8667643882117,2922.412356024457,352.22244003617107,3726.026763064434,1.631521416636737
2018-11-07,2462.707859268335,6625.897076842289,1384.7015578505163,22912.917906528965,8176.082711085583,5137.94,7894.740055826936,9167.9,19540.94,640.75,11579.1,2066.3779214750493,20571.139436438043,610.4058203177146,107.1533365538647,170.27060365430575,2911.040106877452,349.8403263034749,3755.387995542111,1.6213671747032121
2018-11-08,2470.040040480486,6627.253927047124,1388.8414660975932,23048.550182602194,8207.67816091954,5131.45,7938.983938547485,9177.0,19429.14,640.67,11527.32,1925.4767586814808,20036.53702143593,612.9707672754031,107.84690176790652,173.48341305354108,2933.0276665697484,350.26776649746193,3785.809438661472,1.6332849427117482
2018-11-09,2453.25511644319,6533.962597035991,1366.8754410726888,22926.34086097389,8133.402014652014,5106.75,7952.699386503068,9134.8,19258.11,643.42,11529.16,1938.7399430340686,20235.141648748908,609.5018696581196,108.88495169036969,172.43577323981867,2879.4187609305673,345.1062939457149,3774.2492033142125,1.641220713420295
2018-11-12,2430.219290426101,6419.031912996969,1353.886610804065,22630.75414512391,8078.666743027317,5059.09,7914.068005637772,9076.3,19055.92,635.2,11325.44,1895.551254713711,20235.824815445772,610.0272552912278,108.3907981492429,174.39216914643697,2908.1686369721588,352.6380132492719,3799.0261525672995,1.6321144748919345
2018-11-13,2410.929058542202,6377.530776724825,1341.5995040297582,22395.261712868658,8102.647751421515,5101.85,7922.866684242905,9145.4,19226.52,644.0,11472.22,1833.3545100317049,19774.12789343766,606.5841418534627,108.83760391338654,169.71846548906703,2920.851357778633,353.9877769289534,3729.829305715381,1.630106799096497
2018-11-14,2388.6648983200707,6309.805481874448,1328.4792219274977,22175.508399646333,8082.493536340132,5068.85,7837.135837135838,9106.6,19077.47,634.64,11412.53,1834.3670357728768,20088.08822842189,605.7436719428305,109.08737199754324,169.99828807096725,2896.3184158236995,350.64272584451186,3668.0510589289142,1.609891093656342
2018-11-15,2410.1341807909603,6408.04201977401,1345.444915254237,22324.567443502823,7937.306868162851,5033.62,7788.92694063927,9073.5,18905.36,630.59,11353.67,1808.5880624587946,20055.2859942148,607.9782958199357,109.91980544027811,169.37481550532124,2944.7883351665396,355.4383777732547,3684.717671998458,1.6295527443283362
2018-11-16,2396.033274956217,6346.646234676007,1337.5919439579684,22253.257443082315,7885.1939291736935,5025.2,7796.402625820569,9056.8,18878.31,625.69,11341.0,1838.996790825716,20705.079472754704,604.5227469526411,109.40539038621839,168.24724507217132,2934.6001894119822,354.077897819063,3681.484003597585,1.6349685102126927
2018-11-19,2349.3669780843447,6136.802584475683,1306.6794726272592,21843.56937047062,7855.576750448834,4985.45,7742.584782990687,9006.3,18823.13,617.18,11244.54,1813.115235914696,20428.27163076065,599.5425616547335,110.37930451243768,169.27437747265535,2939.956745668993,356.07682342435254,3626.3288962486463,1.630274666852934
2018-11-20,2323.3576642335765,6075.824465746196,1291.891654208073,21515.820948025677,7813.675213675214,4924.89,7734.565179043924,8866.5,18471.38,593.05,11066.41,1805.487125591626,20574.346671035844,589.511252106672,110.31537135640649,168.32224605186198,2891.9225324133918,350.8309644252259,3598.2851704996037,1.612752842053093
2018-11-21,2327.562582345191,6124.066754501537,1307.2288098375054,21488.52876592007,7912.272038606138,4975.5,7795.344736378062,8960.6,18731.55,599.95,11244.17,1800.4268971216982,20184.512726810142,601.2678393627613,110.12835037584519,167.10076917100457,2910.06644481047,352.069385270846,3599.6408522582283,1.6195969238928667
2018-11-22,2322.8699158485274,6111.7198457223,1304.593267882188,21445.205119214585,7857.221877292995,4938.14,7738.182939725062,8906.2,18603.04,598.73,11138.49,1781.0394998552165,20155.395550845016,601.3758723828514,110.10235879728151,167.99154087928292,2912.859637731455,350.30191136767434,3619.1516962894666,1.6072662613462538
2018-11-23,2321.174447824362,6118.2206939117395,1312.5953357139708,21413.34920424988,7855.895147166827,4946.95,7817.16154118063,8916.7,18714.9,602.6,11192.69,1777.4471995192673,19860.241602082064,599.3671940049958,110.80278033863877,168.9816549570648,2921.379356968615,342.7509152163844,3647.2796299250276,1.5982413348454956
2018-11-26,2360.037076271186,6251.633121468926,1329.4138418079096,21751.62429378531,7971.449611963972,4994.98,7884.330861581921,9091.2,19233.45,603.43,11354.72,1688.1368414292135,19162.140065183063,600.6461497468692,111.47413968326059,169.5057506994094,2973.0024008386026,343.0550079491256,3615.246047934727,1.6254799138496114
2018-11-27,2376.0198432032603,6274.261416485805,1322.4609115471499,21923.84284891704,7925.062118816355,4983.15,7887.60748160624,9085.6,19150.38,604.26,11309.11,1722.0035264335436,20091.697336838497,598.8872601279318,112.43136847479207,170.9156026160075,2979.0655051476406,343.56840656539913,3665.758167215947,1.6400181233009408
2018-11-28,2413.9268904236133,6414.9826243786565,1346.395108432675,22316.83455769146,7903.548660084627,4983.24,7884.566971013207,9102.7,19115.16,603.11,11298.88,1776.7630771898266,20389.466109245426,604.6400636351584,112.00546658165135,171.62219470670175,3023.89646301522,344.6796935786897,3679.605373095957,1.6514852415867645
2018-11-29,2403.019397875889,6383.814623014131,1338.8835249714737,22240.709207408057,7904.935706665169,5006.25,7947.4523977433,9098.9,19159.6,618.16,11298.23,1817.625745627064,20437.759147036042,604.2159518932135,114.2365982420657,172.18453923198888,2969.540104070188,339.8932942247396,3699.3434408325843,1.6472779124038677
2018-11-30,2438.9590880975525,6477.458690465672,1354.837854555094,22566.457541751348,7868.605568707023,5003.92,7986.003357780331,9077.2,19188.97,630.23,11257.24,1807.1896500356825,20452.681009563203,606.9581976473715,115.56477533841922,174.04656595545868,2991.496157188484,344.05245518712235,3664.2952282425963,1.641159297784248
2018-12-03,2457.609652985732,6554.086665492338,1364.241676942047,22746.547472256476,7914.838058948785,5053.98,8040.402613455764,9179.6,19622.36,659.72,11465.46,1820.3121688407296,20588.889525621482,612.5266951414843,114.11825354270117,174.91678289167828,3064.906187984846,355.7248880358285,3739.7608864696736,1.6795314174071974
2018-12-04,2379.8510422634527,6309.488343396061,1305.143008241153,22059.02780838218,7873.490666517182,5012.66,8024.200671259494,9061.7,19353.43,656.96,11335.32,1798.8269081540668,20276.248326984456,602.199554772901,113.92741158856641,172.21045639262272,3077.4243074213723,359.8824318052906,3695.64525519115,1.671792966032007
2018-12-05,2380.0608224249636,6310.044514963199,1305.2580545638857,22060.972277315,7769.4915254237285,4944.37,7895.398745915391,9012.2,19328.7,656.92,11200.24,1801.2885611711845,20288.18000569638,604.745561349086,112.80214702420555,170.69135225635637,3027.6841101132854,356.7210037796005,3631.958736464407,1.6693094161853843
2018-12-06,2369.9617599226403,6319.071689156521,1298.7648894554086,21931.053580062413,7534.333558102945,4780.46,7670.531443755536,8764.5,18643.83,652.04,10810.98,1813.58049434506,20133.345419112153,589.836076344404,110.22030196457563,167.75205773356737,2942.2415199185593,348.4289983906813,3598.9306955885627,1.636919692665596
2018-12-07,2314.1852698189487,6125.197750043944,1272.7104939356652,21435.18193004043,7582.626692023716,4813.13,7736.109390211524,8815.5,18741.98,648.71,10788.09,1815.740036444786,19819.174754551896,585.8811110378043,110.89247529714642,169.00818585795588,2928.479455287019,348.79844564883933,3595.203442384357,1.6321690858481814
2018-12-10,2322.754491017964,6182.212046495246,1270.7731595632265,21506.921451215218,7434.098324393076,4742.38,7600.906666666667,8660.0,18410.13,638.2,10622.07,1792.388898953502,19308.624467642792,581.9418879831711,106.48701796546312,164.85006215040397,2896.878409845102,344.7954289208661,3515.6868331908695,1.6109167634047625
2018-12-11,2330.134323082362,6214.059738423472,1272.6493460586782,21536.0904913397,7511.106206896551,4806.2,7758.461675420636,8735.5,18591.01,635.84,10780.51,1788.5018213940552,19559.902222624598,580.8955026891477,108.12622353993562,164.81973345803132,2911.773445488286,347.86584194552233,3550.396688952563,1.6076003883981707
2018-12-12,2331.9435281699434,6243.840436293267,1280.1337027752122,21574.763601178696,7642.957120639857,4909.45,7855.620567375887,8853.4,18945.8,646.16,10929.43,1791.6161972370862,19843.81830211494,584.9848464883383,110.46229897345586,167.73623728550353,2948.3395914139505,348.37468276748217,3591.2339209147212,1.6286491855072691
2018-12-13,2332.5031900382805,6221.965063580763,1260.7911294935539,21645.95415144982,7660.818713450292,4896.92,7815.836141159781,8926.3,19048.83,648.49,10924.7,1798.2039839657207,19865.335338617937,584.2412259021256,111.67509936304054,168.95403678606002,2992.148590186866,352.7219018146012,3600.7237574331416,1.633918894684725
2018-12-14,2298.907997701048,6110.491179981432,1247.4556788540608,21309.96949467262,7616.322670375521,4853.7,7737.92735991475,8886.1,18910.79,645.24,10865.77,1804.7262910039271,19740.293453724607,580.6242774566474,111.77196998536623,166.6848364331111,2957.402632727191,347.66135019584755,3554.794085919157,1.6208819613064933
2018-12-17,2243.613130645517,5951.733862084159,1214.4877726371449,20791.3461114783,7537.127914093363,4799.87,7631.162955734942,8812.5,18693.45,632.04,10772.2,1770.645491758307,19525.340112994352,569.3324129770239,112.65091703098625,167.97000937207125,2945.7473055447344,347.5928244703958,3580.7473737501577,1.622107002717753
2018-12-18,2241.0421159177927,5970.963341108129,1212.1462835012983,20838.48083439687,7458.2271437315685,4754.08,7559.1827690125865,8700.8,18644.85,625.31,10740.89,1793.4464311934446,19484.47503993161,567.453261864296,114.38100518660747,165.16445695959953,2904.8674682525843,344.4146593650672,3533.5208774536145,1.6056920381545652
2018-12-19,2203.5334446690695,5833.550145029446,1185.9277489672147,20500.711962731828,7499.3792950565285,4777.45,7531.005291005292,8769.1,18941.9,618.98,10766.21,1808.4548669295057,19320.201154609418,560.0638769391213,115.64884094589358,164.0129722971125,2893.4307304222343,340.4661246612466,3486.566287642134,1.61766101985075
2018-12-20,2155.7050497990563,5703.66066748209,1158.4833129477547,19971.693167918922,7422.648603815317,4692.46,7418.8679245283,8596.5,18576.9,613.5,10611.1,1831.4395004534301,19388.849096717717,550.523864959255,115.28864090824803,160.0987634936212,2867.2250383251085,336.9916377986727,3419.7496894409933,1.6080868004059012
2018-12-21,2125.62230627144,5570.4019702700325,1136.5027706922333,19742.615885302137,7465.063586383074,4694.38,7444.976118874934,8556.8,18397.19,608.58,10633.82,1827.5341886801764,19302.024865984957,542.0896101377126,113.89896281472966,159.42912483200251,2881.469298245614,335.4552862090039,3381.217649423332,1.5942231845951589
2018-12-24,2062.4588797754286,5432.624237905172,1111.382078161323,19116.8033685688,7462.875320906352,4626.39,7441.027227722773,8480.6,18397.19,608.58,10633.82,1826.4090633432995,19256.267484579865,533.91360412637,112.64863183441301,160.16352950520215,2869.201644249322,336.45108173917464,3403.417792095155,1.6081526289841692
2018-12-25,2069.174917491749,5450.314631463147,1115.001100110011,19179.05390539054,7465.375167485485,4626.39,7441.027227722773,8480.6,18397.19,608.58,10633.82,1828.2933161432393,19318.777263043994,536.2820969465403,113.1042030816776,152.86681031043014,2869.201644249322,335.1623847525094,3402.6800037162056,1.6081526289841692
2018-12-26,2173.6104994274638,5773.240553157755,1171.3291640975954,20151.898176693387,7440.451813932784,4626.39,7441.027227722773,8480.6,18397.19,608.58,10633.82,1839.5288701751404,19120.527332345144,537.4480789200416,113.65993408613801,152.86767381159535,2872.2376494826894,334.6552385825764,3420.0498023469354,1.5791395756277984
2018-12-27,2177.358820699007,5756.082411093129,1165.1458816324746,20243.051485061897,7283.132396858755,4598.61,7261.132276069814,8363.9,18064.62,597.83,10381.51,1841.501288273047,19300.824337142596,547.7741375987666,112.88451351910314,158.2285444085428,2853.3537899870653,331.26508979022407,3444.960147715033,1.5868386672820722
2018-12-28,2173.2295855918865,5756.70571778283,1169.714985137262,20162.97429620563,7478.4496640568605,4678.74,7490.047982939399,8493.7,18324.03,603.84,10558.96,1842.9737297512113,19788.408929717316,547.7829040112778,114.42290350335138,158.6082098423013,2848.5650622392736,331.7702212538353,3480.424104394928,1.592310872906281
2018-12-31,2185.475785711172,5784.64757421211,1175.6767359748922,20336.916437818756,7484.0155728587315,4730.69,7482.0699449671565,8539.9,18324.03,613.3,10558.96,1847.6362256817106,19741.293141207785,549.3319695710542,114.9119105795624,159.2454946891037,2887.7393116316484,330.9733840304183,3471.075182885597,1.5956096188123454
2019-01-01,2186.7149337055125,5787.927424982553,1176.3433356594555,20348.447313328677,7484.0155728587315,4730.69,7482.0699449671565,8539.9,18324.03,613.3,10558.96,1848.3620528937065,19752.38512625156,549.5778971603991,115.52197977135138,159.11889334976348,2887.7393116316484,331.16225984401746,3473.851359665313,1.5956096188123454
2019-01-02,2212.747388372196,5876.440252126768,1195.318905099837,20581.161017322698,7485.804802134282,4689.39,7510.736879622204,8550.0,18330.99,605.34,10580.19,1904.0976860904618,21169.578061034612,558.2573125994222,114.64589538376288,162.0497935389847,2825.3173237995657,331.62938886676346,3422.3941623818464,1.567911635308434
2019-01-03,2148.4026680709144,5672.722485518694,1168.0094786729858,19910.672283658067,7419.389169114794,4611.49,7510.654719659333,8523.3,18218.4,607.05,10416.66,1879.8453355653087,21392.766608646893,554.0048148871105,112.84958744721645,163.15945218879924,2809.354666965562,329.5568326947637,3463.4029079954507,1.5692123635390514
2019-01-04,2221.974550241334,5913.874506362439,1211.715664765248,20564.42299254059,7637.015525522172,4737.12,7652.733576317894,8737.8,18831.79,615.69,10767.69,1918.4735946901983,21692.01790332676,567.3667629299028,114.25422190893516,158.17870138271203,2867.4085263511247,336.42501708730174,3507.3012108351018,1.5648596472108485
2019-01-07,2221.8552568515533,5946.1199947714695,1224.6612348045835,20505.729597838872,7585.343579463191,4719.17,7585.488314227318,8776.3,18953.27,620.6,10747.81,1927.8402250351617,21391.014276383314,569.1677588466579,113.36840407485366,160.6265881127009,2877.234989169595,337.37555409986203,3540.051700510776,1.586711843283873
2019-01-08,2249.9650410767345,6027.792343995804,1246.7662995979722,20789.590980597797,7627.813906953477,4773.27,7684.309884238646,8847.3,19000.14,626.13,10803.98,1965.1047655839598,21660.91438658429,575.7308401369503,113.37289961740062,162.37926461723933,2885.3571368834223,337.3700017216203,3571.699279093718,1.5781734590508845
2019-01-09,2239.417828987265,6027.098674521354,1246.4783851685002,20687.100407173177,7652.775623268699,4813.58,7725.842596709647,8823.6,19179.16,638.22,10893.32,1967.1137222276552,22035.66174307068,581.1151197113808,112.06556751321048,163.61936801634027,2933.250568087347,338.6318572372769,3590.007766145817,1.6078042019031598
2019-01-10,2257.9478260869564,6074.84347826087,1256.8956521739133,20871.234782608695,7697.195121951219,4805.66,7792.36830455954,8856.8,19300.74,633.2,10921.59,1985.1282272746903,21983.778019943522,585.848498784574,112.60881913488018,161.7114443820675,2936.7264794955126,340.0279243736231,3621.042206879315,1.59284820973644
2019-01-11,2263.7195919435,6078.54215711919,1261.9931990583311,20922.443107507195,7751.46218487395,4781.34,7825.048750221591,8877.1,19290.09,635.7,10887.46,1984.0627632044657,22003.58275578527,587.1771278343739,112.6851069115124,163.53829471063094,2963.622724544909,344.76854746694687,3631.8226415094337,1.612844820887404
2019-01-14,2250.3463599529473,6017.444342787435,1248.472966496754,20833.738509127346,7684.569250602544,4762.75,7786.951111111111,8818.6,19171.48,629.88,10855.91,1991.948298732713,22254.07926506095,587.0732907033939,111.46048612052137,164.01256696338663,2924.2135812215765,341.84503080201097,3620.02570774681,1.610880064918345
2019-01-15,2286.427539088162,6152.3496693382385,1265.904611746157,21079.656637323173,7769.036619718311,4786.17,7824.03581877826,8850.1,19165.48,622.78,10891.79,2011.2148205001422,22169.87389510902,594.5904887714663,112.81265170985142,165.7350534166499,2992.4815132892404,348.80221866556076,3668.9790509843515,1.630257849363733
2019-01-16,2294.9252160182464,6171.0513619018375,1276.108601254441,21235.28224922146,7755.755212747923,4810.74,7861.938513333924,8912.7,19477.77,622.76,10931.24,2034.7154409255222,22160.596314121376,598.2197220383852,113.1916541499283,164.37703533952478,3010.0756935780737,349.4491940771323,3669.2441677670877,1.6480687366971327
2019-01-17,2312.7527966659354,6215.801710901513,1287.343715727133,21381.96973020399,7789.970366993391,4794.37,7876.073511221064,8908.6,19470.38,616.96,10918.62,2027.4422940258974,22312.431407878878,602.4324949598439,113.13518838033404,163.9065675838522,2997.7457214083643,347.12323622164524,3693.2436868686864,1.6477626413500788
2019-01-18,2350.3564199595176,6298.71512804717,1304.6730616914547,21742.805597113434,7895.230002266031,4875.93,7975.218736190897,9069.1,19708.06,617.37,11205.54,2040.3414593652287,22541.783464890163,609.2725341829284,112.95800560220783,165.67316017316017,3038.670383103299,352.90765226309395,3709.0575321725964,1.6632841617338472
2019-01-21,2349.7360549005807,6297.052613056484,1304.3286996304769,21737.066690128453,7906.30068621335,4867.78,7947.971423531488,9053.8,19638.64,619.27,11136.2,2020.9851422181973,22494.464814966672,610.0208491908528,113.15094810766568,166.2067222846142,3050.3073126962763,353.7812461579278,3709.669049343452,1.6669752771609927
2019-01-22,2317.8977022625236,6180.438418874902,1283.0794964345455,21484.708160929662,7872.008668871907,4847.53,7913.105639396346,9037.5,19437.27,630.17,11090.11,2010.135163063696,21945.07695502688,602.6700069222402,112.80792750951535,165.99251448808758,3030.948719963187,349.31464335591994,3673.917978303129,1.65357767505778
2019-01-23,2318.513311659784,6173.244881820579,1277.79632721202,21593.550654599774,7858.153422140561,4840.38,7904.332862689728,9128.8,19400.15,631.32,11071.54,2016.7970730364937,22526.68439716312,600.92870080685,111.93163906972687,165.0997715156131,3025.36615419082,349.6364812419146,3667.0948511185716,1.656762438682551
2019-01-24,2337.104192464178,6256.377144878826,1295.2503095701397,21716.99982310278,7880.4460880619445,4871.96,7914.097228371557,9150.0,19564.48,632.34,11130.18,2026.1148928788518,22896.13229882094,607.1161172767931,113.01739323256007,165.97128221675473,3044.598614712783,353.60551397059305,3680.9005051614317,1.6700638430395516
2019-01-25,2334.5394016382675,6276.981032896753,1299.09325857462,21671.733321652286,7879.217773663505,4925.82,7882.058303886926,9185.2,19810.52,633.32,11281.79,2014.83192196758,22708.760142282565,610.0278551532033,111.13905943127165,166.22837480995437,3082.991607351535,353.9897746392864,3717.722379603399,1.7081307062403914
2019-01-28,2312.3715397734723,6197.297415489569,1288.7917085756765,21452.940919228582,7770.918514252809,4888.58,7813.2221928199715,9062.4,19608.13,630.7,11210.31,2005.0486829073243,22202.963686695977,607.3988515609531,109.23987627310338,165.25149053659317,3073.6691930450293,352.82212290067923,3703.500564404866,1.6958353778691655
2019-01-29,2309.307207837649,6147.909377186845,1287.132610216935,21501.014695591322,7811.991312299955,4928.18,7872.254996918201,9119.1,19701.6,635.51,11218.83,2012.485672009796,22487.757909215954,610.9832877344496,108.75283079734993,165.23780585319045,3073.950058337846,352.9495066291631,3676.774637749194,1.7103465563702454
2019-01-30,2335.71459685499,6257.855991636538,1295.413163740907,21792.795225857037,7931.931668856769,4974.76,7861.209995615956,9071.5,19771.55,635.67,11181.66,1986.2343045937866,22931.354539759097,614.0396210163651,108.6610851765192,164.2486516719268,3084.347767872086,349.8388362485489,3716.5850116800298,1.725629453495921
2019-01-31,2362.484710816005,6361.82072339682,1309.994757994059,21841.411846933424,7981.2746950695755,4992.72,7879.530879381534,9056.7,19730.78,634.64,11173.1,2011.2459472570747,23348.522043487646,618.6956955957256,110.85644927358176,166.66792362002568,3103.443028976976,352.8616499791406,3727.7603686635944,1.718444331865477
2019-02-01,2362.543645251397,6340.668645251397,1311.1469972067039,21878.39560055866,8015.322258377576,5019.26,7892.236161066761,9019.4,19576.77,641.48,11180.66,1998.5008366254613,23341.70135120631,617.191977077364,110.66409749379538,165.72377232142858,3103.829399475486,354.84576509185507,3709.8092194766978,1.731599214145383
2019-02-04,2382.3999999999996,6424.07868852459,1326.8109289617485,22067.208743169398,8016.559348111004,5000.19,7903.420452552183,8975.2,19605.6,647.19,11176.58,2000.55756198589,23491.381528783837,621.4295239365249,110.24368808992723,166.1265611327659,3121.3120786845757,355.35855463535387,3721.305666098162,1.731599214145383
2019-02-05,2398.4405799640804,6484.804415436506,1331.8410793289238,22262.490691664112,8138.991892045132,5083.34,8019.772129710779,9092.0,19833.49,652.71,11367.98,2040.4583922216357,23469.172465653686,625.943600867679,110.64090997004412,166.06477055449332,3126.4720501750876,356.1363060716861,3806.8633727379333,1.731599214145383
2019-02-06,2404.1629994719237,6491.181130082731,1336.0499911987324,22346.681922196793,8165.1565167899835,5079.05,8029.33169403706,9100.9,19996.47,654.39,11324.72,2020.0778905524887,22521.28365916636,624.7968562674837,112.16789391700942,167.06598903517548,3135.1217244720233,357.7814169858223,3767.7241465549587,1.731599214145383
2019-02-07,2386.0770655145047,6426.5496869764565,1327.5989771625077,22193.39564412309,8099.080892846948,4985.56,7950.637923449186,8938.3,19478.32,645.16,11022.02,2013.4897125191662,22386.104359579334,621.0160286130613,113.10475950273235,166.5364953252277,3140.961807133599,358.2699594930093,3813.1747770301986,1.7356323649883423
2019-02-08,2389.9033581924896,6441.19853492785,1329.5000220643399,22158.18366356295,8080.886806468203,4961.64,7948.627174009004,8856.8,19351.9,649.87,10906.78,1997.6068752489464,22564.26847162399,620.146897537306,112.05803086764402,163.53536815860375,3143.9393854167256,358.77626861375,3798.129554909137,1.7087633923315415
2019-02-11,2403.1571479247964,6480.932954948563,1347.091167080525,22218.0826534232,8124.80483218417,5014.47,8008.318615330272,8936.4,19586.56,654.57,11014.59,1988.5821788637306,22281.90314358539,619.3507532329022,111.78550845237392,163.37112325245056,3180.364437664209,362.867457452295,3795.5893036072143,1.7132251272704417
2019-02-12,2423.495651406119,6546.836784247936,1358.2005209483025,22450.019866672556,8120.143434458421,5056.35,8019.857657499341,8983.1,19805.28,655.09,11126.08,1976.9767341619613,22888.786281253346,622.4527232098188,111.72769243121765,166.74027011907617,3176.5429523428293,364.72060376178,3808.1235318069344,1.7275136239244788
2019-02-13,2443.3370312846687,6585.648990459286,1369.372087863324,22669.864654981142,8203.10289755875,5074.27,8055.608298171589,8982.4,19989.9,656.08,11167.22,1931.9884731491725,22669.563366289796,624.1524855956051,111.29573475553804,169.15584,3216.9224430359027,374.3223628470284,3817.4250818433643,1.7272334983563085
2019-02-14,2429.527053930894,6571.649781002521,1367.1636508428082,22509.74649382825,8162.651695588069,5062.52,8048.1602112676055,8952.5,19834.96,654.03,11089.79,1963.560909138956,23305.567510372948,623.1335086376193,110.50263872117878,169.40227582338326,3213.3508888914002,372.3393685861821,3811.661319745864,1.7623794517727913
2019-02-15,2457.370517928287,6615.679504205401,1389.3315626383355,22915.67065073041,8259.164574298105,5153.19,8148.580497266796,9123.2,20212.34,655.1,11299.8,1978.066231991423,23333.22487259851,631.7309620913284,109.56130289806913,167.54012024048095,3156.5249855754546,367.2237873311153,3838.4522415920524,1.727885001219541
2019-02-18,2454.002917642898,6606.613323902568,1387.4276115114274,22884.266831705052,8248.937385740403,5168.54,8163.005373029155,9155.5,20329.83,667.46,11299.2,1974.5507551576559,22843.115813392036,630.9505525691964,108.42416170184116,170.09151214833759,3194.605224603872,376.8900096689053,3839.478595296639,1.7363601379104525
2019-02-19,2451.071334097522,6601.507803544661,1388.2990917908473,22829.838638568024,8269.98041700265,5160.52,8152.342786683108,9136.4,20228.19,666.96,11309.21,1978.2186152769077,23129.36788006537,634.4270503020796,108.114734523031,169.7963494340826,3173.0904553680825,376.49575994781475,3858.531623175586,1.7340131134137329
2019-02-20,2456.29355208609,6605.865749316398,1395.130987033607,22893.578548116788,8321.19258662369,5195.95,8211.22080211547,9181.1,20304.21,671.5,11401.97,1981.6794019255033,22845.15090924149,640.6881778015799,109.87773502195776,170.52426798217695,3201.092325654497,379.49316920169554,3852.448657187994,1.7442348008385749
2019-02-21,2447.8475652787583,6580.548694424841,1389.864149611856,22804.013761467893,8252.13286512003,5196.11,8229.210015870216,9191.2,20209.72,677.17,11423.28,1992.9406384340987,22684.027005838783,636.7866666666666,110.34349203744736,171.02972111553785,3215.4359325688743,378.3130948473909,3840.2395771432143,1.749986258666855
2019-02-22,2461.9121082558295,6635.9941816899545,1401.7366773923393,22948.657821659985,8260.759493670887,5215.85,8244.20634920635,9204.6,20262.51,676.87,11457.7,2013.8070176004026,23020.792323702688,640.806603140518,110.69634544946786,170.63281965515867,3237.8956594042497,385.59264730018054,3875.147345271756,1.7501667385931186
2019-02-25,2461.581125099041,6650.638260410248,1398.7234791795054,22970.287877454004,8282.877896921482,5231.85,8281.231826592651,9204.3,20436.96,686.77,11505.39,2009.0564214643123,22815.28372496803,639.0509243809652,111.65485737343846,170.64227964489538,3251.588780849296,408.1542946258777,3903.5190560323067,1.7493672671425549
2019-02-26,2453.4796926454446,6629.462129527991,1385.2733260153677,22882.968166849616,8313.805731558448,5238.72,8323.401073282308,9227.2,20459.59,692.84,11540.79,1996.0078315135602,22842.482184022374,637.9105869811448,110.79851126489896,170.18598008489704,3227.2496312539606,403.4046788143861,3865.277830337433,1.7487119879366675
2019-02-27,2456.027090021549,6644.540217247901,1390.6064470733104,22855.147543867366,8319.325763783214,5225.35,8281.73339199296,9211.7,20498.79,695.24,11487.33,1986.9710367063515,22953.341903829594,641.2419371010327,110.51398601916917,170.8190498831174,3218.660040740492,406.88938576877547,3862.2814619442347,1.7542762047554379
2019-02-28,2448.7644006683668,6624.333831677073,1385.5861401811626,22791.31123032275,8251.85746777862,5240.53,8278.758486905916,9277.7,20659.46,707.51,11515.64,1953.0983408350507,22407.63532362801,637.0654823521555,111.18199133669458,168.845762109668,3203.318193005616,404.6440441939595,3849.249680217141,1.726653558788832
2019-03-01,2464.457434184503,6676.350371379599,1397.3014547532193,22877.26453654463,8248.293871866294,5265.19,8282.312565997889,9267.7,20694.53,712.61,11601.68,1944.325678153998,22027.510012107665,633.4986116620389,111.88742793861574,169.66573728647163,3223.865549979579,411.0033422897962,3855.2568013447044,1.726653558788832
2019-03-04,2462.904008113232,6682.455134706115,1389.3381542396048,22769.645927950965,8297.732030704816,5286.57,8296.432040978538,9259.8,20718.3,704.21,11592.66,1938.5992413509437,22097.484350182192,633.8779703708614,112.39499719774994,172.2135500927278,3258.9397042605387,416.9082601978766,3888.790342757068,1.7192839260067336
2019-03-05,2466.9702865228155,6699.999999999999,1386.8765475769364,22821.568800848956,8371.808169687081,5297.52,8281.919111816018,9258.2,20715.97,698.83,11620.74,1935.6184605714932,22158.81808706243,635.4535215000332,115.08707456271206,171.70852762190785,3263.4075710027996,421.73001621643004,3883.6629600626466,1.7085701741318886
2019-03-06,2451.092243742814,6638.294861590165,1359.175731847528,22705.81055983019,8381.573583367304,5288.81,8271.604503870514,9296.7,20851.56,707.17,11587.63,1913.9637376689807,21699.192759013808,631.9560497401144,116.48807025038904,170.9014006488882,3268.5092947473277,428.1113702547074,3884.561512625949,1.709638128167852
2019-03-07,2455.8270424800107,6630.151427167552,1361.1738955643903,22757.16263903158,8366.510812390416,5267.92,8232.897757372417,9249.9,20697.56,704.43,11517.8,1902.7614867751583,21775.238029290587,636.5169471832155,117.54382414757403,171.7580051232789,3264.290048715753,432.83621802120604,3925.608999467302,1.6980062564191016
2019-03-08,2440.345180374539,6590.578710911437,1353.925537120235,22641.555090965707,8227.818634547455,5231.22,8185.427890135123,9129.3,20484.39,696.56,11457.84,1897.8969961194762,21940.345791489803,632.8127590437349,117.04535665123156,168.26505541995118,3200.8640435423513,411.67774042406757,3889.649832283143,1.6921773689168969
2019-03-11,2474.1544068625276,6718.574158851506,1376.8434152629009,22801.795635361577,8336.981176195488,5265.96,8231.714839619317,9171.9,20638.22,696.56,11543.48,1918.7345274134257,22688.707325541025,637.4315579890493,118.93443685960303,168.84538224833153,3235.0961620311778,418.955993128056,3884.3524716382262,1.6779676978857654
2019-03-12,2472.997873848334,6724.867115520907,1372.9890148830614,22638.784549964563,8282.545749362984,5270.25,8212.285487987328,9161.7,20631.19,703.91,11524.17,1911.0526703748658,22732.458841162323,638.2711954358498,120.12375195151711,171.05791106514994,3267.710298853172,423.2628159416845,3873.531773414465,1.687617348854675
2019-03-13,2481.6103116447425,6747.956210823695,1373.6028957358524,22691.701244813277,8431.007478066302,5306.38,8262.855382448728,9192.7,20749.2,710.19,11572.41,1919.879127797173,22893.35678903755,638.7195223088406,119.99481386280884,169.09093797156703,3244.84957028126,417.3165016849199,3858.828797795384,1.6860192269962722
2019-03-14,2484.5010615711253,6750.628096249115,1370.868719037509,22744.108280254775,8417.30217302173,5349.78,8350.41831792162,9209.8,20877.43,719.9,11587.47,1913.1092402341826,22697.73378603902,636.6458803237362,120.48434825944155,168.57000316756412,3251.2454994675422,412.15890100925037,3862.0073745390914,1.6802525429673798
2019-03-15,2492.146042117346,6788.689241093109,1371.7186879166482,22823.601606993067,8484.89259302735,5405.32,8351.47512109203,9342.2,21045.41,722.12,11685.69,1940.4440493008085,22954.418421570557,637.9511290643004,121.62494171644745,169.92118187579214,3263.434607034791,416.21710483054306,3865.5392801251955,1.6992495880933602
2019-03-18,2498.9547038327523,6804.99272262162,1379.5527720195828,22858.99528073038,8536.065957197987,5412.83,8373.979366898862,9409.1,21234.61,725.41,11657.06,1953.903018772725,23263.587930111906,641.8615420236166,122.3277616821465,170.8715959468018,3304.420274385105,426.15682796228765,3879.610190204619,1.6942421156551952
2019-03-19,2495.3266088182177,6804.343038364973,1369.8453948817335,22805.25040743514,8561.075394506137,5425.9,8394.360239689813,9492.3,21430.35,714.44,11788.41,1963.44072072406,23153.34147050276,638.6535727275733,122.15802399588274,170.5765808518211,3308.2345808610125,424.91501620926357,3861.8776147361846,1.69435583013025
2019-03-20,2474.464449993429,6771.779033600561,1352.0480133175627,22557.208568800103,8430.375209573915,5382.66,8355.39466713756,9405.6,21330.21,715.47,11603.89,2008.1865450853275,22746.875942553535,634.335385729808,121.67341240396627,171.03106573271594,3290.3134222840663,423.6582078027458,3843.58155917833,1.6954551118310386
2019-03-21,2509.7846153846153,6891.393406593406,1373.5472527472527,22824.184615384613,8476.78921286159,5378.85,8384.223128769067,9355.6,21373.06,717.9,11549.96,2016.0209828216434,22421.348353673377,636.5227691497763,122.04972763031184,171.44493811488414,3260.825089171546,426.31451163095903,3856.065901772595,1.6916858943586728
2019-03-22,2475.437511048259,6755.055683224325,1331.0235106947146,22540.498497436805,8416.640392362935,5269.92,8310.522561084359,9199.4,21078.76,708.24,11364.17,1957.7039051166184,21213.04214992928,630.6710106295455,121.39252388014772,173.89515156388197,3288.344722426159,427.738820402847,3878.6658318985756,1.7077541777291896
2019-03-25,2473.5790683284717,6751.118182621763,1337.275700521524,22555.31689207107,8377.683104756346,5260.64,8284.811253561253,9179.9,21059.6,708.24,11346.65,1984.7359394680213,21479.64682949203,630.6327694793417,120.76241693794634,168.62628617363345,3210.4801085041845,419.8884109428419,3851.501948950081,1.6807008470658298
2019-03-26,2501.7397479140777,6827.196875554767,1356.4441682939819,22774.480738505234,8437.436979716264,5307.38,8370.598199161986,9183.1,21139.4,712.25,11419.48,1989.6194157437003,21818.825118472563,637.963853423976,122.37864429642688,171.92225609756096,3226.459376888282,414.88653035329565,3882.336774111836,1.6734159865428948
2019-03-27,2494.216492553901,6795.625694598801,1353.3940875750168,22783.36519226495,8439.427532406591,5301.24,8391.198284335627,9229.9,21194.19,713.73,11419.04,1972.678112680106,20466.863384814103,637.2861122164743,122.25648311079635,172.04836632866568,3252.8193573224034,418.5457429931253,3866.4146187775677,1.6810856126550344
2019-03-28,2508.8576011406167,6834.049189092853,1367.9379789698805,22917.00231687756,8405.658513913902,5296.54,8410.918358222301,9174.7,21080.97,713.66,11428.16,1977.024157667546,21547.77248912783,638.6853091246438,123.664745467195,169.30623415301645,3262.6989211345376,414.4906278699464,3891.6811594202895,1.667162822762597
2019-03-29,2526.6535924407203,6890.105188090569,1372.5619540024961,23113.460509894812,8457.290577436968,5350.53,8474.463519313304,9240.3,21286.13,721.37,11526.04,1985.7951938570636,21671.815022599767,640.8843469258258,124.51339026278411,170.51954004503057,3295.9163182764473,429.92987675308115,3909.855136639676,1.6757237017206017
2019-04-01,2557.0230981896016,6981.994113974851,1387.7285293855346,23417.827521626685,8549.339876153757,5405.53,8522.25696926376,9341.7,21520.25,741.01,11681.99,2034.462646754377,22240.74464267108,648.4771318478807,125.02648970238809,172.26517699823802,3356.1549901797175,441.24056553630277,3943.1706466241712,1.7006251029419839
2019-04-02,2559.121742234916,7005.257051053195,1386.3977151017493,23365.878257765085,8663.837768139725,5423.47,8533.079813886901,9363.5,21522.92,743.46,11754.79,2010.8883731724295,22090.237491460262,649.3776766595289,125.88779854968467,172.4010742344076,3372.418150357452,441.6837019141423,3939.4156253944216,1.7152603797368629
2019-04-03,2557.657216609551,7027.949619475722,1389.3898259824648,23337.157861943124,8690.581068416119,5468.91,8547.77599142551,9487.8,21755.88,749.4,11954.4,2007.1482491768052,21733.161598969593,648.0973820243455,125.59662999367914,173.35896207584827,3401.880959538949,446.7814773307515,3978.981355449337,1.731300241236514
2019-04-04,2566.072542554139,7033.045183138756,1396.925407717672,23513.61732465912,8626.969696969696,5463.8,8529.887620406707,9534.1,21705.6,745.0,11988.01,2044.998694455602,22242.41654446151,649.3346229530067,124.3713733225371,173.38347964884278,3400.3668849423825,451.1396200382085,3950.4040564094444,1.728984485190409
2019-04-05,2579.119115549215,7078.004636233952,1410.984308131241,23560.074893009987,8656.634699215345,5476.2,8499.910913140311,9510.3,21758.61,754.42,12009.75,2103.0040470917315,22351.7119149279,651.6404090197516,124.83650651282574,174.01452282157678,3398.1281889745906,451.23240955142285,3915.9309471016786,1.7339658324897398
2019-04-08,2571.503418879318,7063.209306455909,1402.1845306811117,23391.368439747803,8645.385463193921,5471.78,8484.253088065405,9437.7,21771.96,753.58,11963.4,2127.2363794693642,22460.66988074093,652.8077897825797,123.00405317663011,173.3443523976422,3404.2217254746615,449.35908030171817,3937.4690674345748,1.7339807196027832
2019-04-09,2555.3335996803835,7022.044657522085,1384.7205575531586,23217.099480623256,8612.352122477383,5436.42,8500.150802803157,9407.8,21671.78,753.16,11850.57,2117.648355493188,22202.898383638083,649.2088344048768,124.02040825323186,174.17687237866988,3411.5772504878532,448.8924165757185,3935.8533653846152,1.7227086300421035
2019-04-10,2561.946156916663,7064.567348205969,1402.8917372599458,23202.341774958975,8619.103472302868,5449.88,8471.906028368794,9406.5,21671.76,755.53,11905.91,2117.0774249509727,22251.36297756392,650.8072838643099,123.44040513755336,173.2856857496704,3416.213641235617,448.49899290077593,3959.5991728964527,1.7277889111556446
2019-04-11,2566.825149966674,7062.750499888913,1403.3681404132415,23233.10375472117,8607.008180077739,5485.72,8446.187864850523,9445.4,21684.84,764.13,11935.2,2103.587135010664,21826.088659057663,650.0448132780083,124.05307138234303,172.78564322947753,3375.102504792983,441.89894260717756,3924.469135802469,1.7285662110391884
2019-04-12,2572.3600973236007,7064.065472240654,1402.1676620216765,23368.54678168547,8609.202986629623,5502.7,8373.717665754391,9468.5,21858.31,765.67,11999.93,2107.679913817581,21168.091168091167,653.9332558525651,123.71297035303796,172.73277257828855,3370.6455102776777,440.7435022731322,3967.062444472648,1.7411556511841837
2019-04-15,2569.1498297891153,7052.486847340731,1396.3216764666874,23329.740483664176,8613.968842300343,5508.73,8385.078441741582,9497.1,21892.42,773.51,12020.28,2092.6027959967155,21254.48172715752,653.6456265713907,123.80504221140205,174.96633913420942,3362.6864745661383,438.6917353683531,3965.490817977101,1.7397995594030222
2019-04-16,2576.9523978370707,7091.773778920307,1403.058239517773,23448.860916585407,8640.240587588918,5528.67,8425.549692172384,9497.3,21918.93,775.78,12101.32,2114.1586764173308,21419.41599872846,656.3157720014606,124.70423159702615,175.87384250098933,3399.6073453499193,450.0716460092843,3992.8747256941133,1.7544121089178435
2019-04-17,2567.56517505422,7078.369406453326,1387.6864515557913,23413.924666932235,8627.88844621514,5563.09,8413.641942837103,9549.8,22000.88,773.44,12153.07,2140.4688737138463,20968.519600791224,657.3172754719486,124.70997445268604,175.9782771831431,3397.5841651158858,452.38608914331087,3975.9766133901053,1.7528213533130415
2019-04-18,2586.6173982726386,7121.413943549105,1394.1323123497461,23648.419553022883,8634.12037037037,5580.38,8398.753948753949,9581.9,21956.59,778.42,12222.39,2155.778064002879,21442.425410356398,662.5108167476536,124.95523133240142,175.65298982188295,3396.9061587733463,451.80427079324215,3985.7355703416,1.7246303423131457
2019-04-19,2582.5932346535096,7110.33471129484,1391.9633728941637,23611.628217095615,8619.6545149922,5580.38,8398.753948753949,9581.9,21956.59,778.42,12222.39,2156.5603070372813,21408.207612300102,660.7076473712161,124.73924233052212,176.34887600285967,3396.9061587733463,454.29410633656676,3980.413315105077,1.7357064536340854
2019-04-22,2583.14012880302,7119.9378192316235,1385.7783699755719,23549.677992449477,8602.756155221126,5580.38,8398.753948753949,9581.9,21956.59,778.42,12222.39,2140.770005495659,21340.3724886347,660.9829955741906,122.3453454113645,176.2835720236442,3393.3668933572667,445.5815122825821,3965.912949822605,1.7338709677419353
2019-04-23,2613.0578070722363,7233.294735904516,1411.855348712924,23743.110358956088,8668.629371435156,5591.69,8416.378406708594,9527.2,21896.84,776.4,12235.51,2126.958971484027,21786.613216439353,663.4180322430836,122.39507249288913,177.22017435611642,3408.5545924055245,443.60980906226,3996.9627779007624,1.7285614198972445
2019-04-24,2624.3948359332976,7263.770844540076,1423.821050744128,23845.302133763675,8642.857142857143,5576.06,8470.629002544083,9456.4,21724.44,772.66,12313.16,2117.9065109456105,21341.966340702154,660.3601807549177,124.14624213563752,177.4154878925917,3392.9638230539813,447.256455399061,4014.150575507893,1.7187490238950496
2019-04-25,2628.611210923464,7293.1009701760695,1415.388070427596,23771.18217750629,8614.287369640788,5557.67,8524.498768906084,9501.2,21719.88,772.74,12282.6,2126.323206068803,21934.663092371302,661.9437783106848,123.26718885212347,179.50897239880908,3380.519837093306,435.866965968813,4022.119426500709,1.7121039220896968
2019-04-26,2636.9001704188718,7306.843663108799,1427.7693066642748,23807.812359852902,8607.903123008286,5569.36,8545.05272407733,9506.0,21737.97,772.74,12315.18,2129.8052653462105,21968.178601593354,663.8757416172256,124.42511976884798,178.89993570165566,3381.381563167453,430.822337731574,4032.202822593376,1.6888115681472984
2019-04-29,2630.9940997675667,7296.486679778294,1428.893259431432,23738.950473806544,8604.903434717242,5580.98,8554.786580010537,9517.2,21788.54,772.74,12328.02,2113.716933157303,21809.05576528472,661.4388202471104,124.07128628341668,178.2266794779406,3413.083589281025,425.8291070338015,4012.429414177103,1.7139377348860947
2019-04-30,2626.33620113226,7217.39401774172,1418.6332634957428,23708.741586056254,8621.326050322506,5586.41,8556.437204414084,9570.6,21881.33,773.24,12344.08,2098.7122262039497,21909.683360809504,662.5120740765414,123.71167593245043,178.10546109221843,3377.8544863118873,426.8416035587565,3975.8013827781274,1.7011803941852657
2019-05-01,2611.4058592354413,7189.74633797785,1407.9849946409433,23606.77027509825,8607.529137529138,5586.41,8565.439242503944,9570.6,21881.33,773.24,12344.08,2097.1144604261067,21953.112860413985,658.0891635107301,124.11995276498793,178.48392270066557,3367.8760765902916,427.566176860644,3995.2990569289095,1.7011803941852657
2019-05-02,2609.9387216531736,7189.488750726842,1415.7981840139555,23534.27561837456,8572.456416535479,5538.86,8551.425813810652,9418.2,21710.38,775.16,12345.42,2073.0427988987417,21546.51689955002,654.6190871369295,124.2106624709983,178.56267297741766,3413.6481264036297,428.2533905396969,3969.4376252505012,1.6972195589645254
2019-05-03,2629.5661489019817,7287.984288519907,1440.8319942867345,23660.908766291734,8679.531957429293,5548.84,8556.112770068505,9409.6,21763.48,774.37,12412.75,2088.791435232579,21762.845258469246,659.580270728706,124.34695754806191,178.84243933793988,3427.315711518743,427.3564772471202,3972.784675194381,1.6886196238832594
2019-05-06,2618.393678289209,7253.261306308318,1442.0108040537525,23606.839591053173,8631.317974505906,5483.52,8481.679255225716,9331.0,21409.29,754.2,12286.88,2074.400955461932,21372.10631094715,658.3266932270916,122.67940726037514,179.41907141705624,3325.854952662351,401.81372969619366,3922.041631557594,1.6886196238832594
2019-05-07,2577.11553927263,7116.2183897775,1413.91296577607,23201.760343132875,8482.848463605562,5395.75,8374.763903462748,9235.1,21219.14,758.97,12092.74,2046.2514155434653,21239.8181797725,652.1205690221176,121.25783127813781,177.6854560927179,3344.0218660137234,404.1152154851299,3945.6624467285033,1.6618751717609697
2019-05-08,2572.8633337801007,7097.636599204753,1407.2912478220078,23202.716347227804,8451.702894339185,5417.59,8434.396914446002,9227.0,21203.86,743.01,12179.93,2032.3332576468686,21743.045273105658,653.4106728538283,119.70516385825071,175.31012375735443,3298.7045482979433,399.2425240416282,3914.760834270014,1.6558542732757966
2019-05-09,2558.0040098017375,7048.866117175317,1399.0287369124526,23014.800623746938,8360.294629393342,5313.16,8284.547131687603,9095.2,20817.16,728.62,11973.92,2002.2138989839057,21417.507596037634,648.2370840775286,118.0441712854277,173.81028951963293,3212.1298418389338,389.89898989898984,3922.7922482552344,1.6045877862595421
2019-05-10,2564.6639964396977,7046.675567423231,1400.0801068090789,23090.672007120607,8335.21175653784,5327.44,8332.890570021113,9117.5,20874.78,736.01,12059.83,2021.3431652202432,21200.994174407882,649.0477138496251,118.10258542816374,172.79838089455575,3235.1363448365732,401.50388688892366,3932.51370887338,1.598053262377476
2019-05-13,2505.2298645759083,6813.096935138988,1356.9137562366357,22563.248396293657,8269.760461760463,5262.57,8277.210042432815,9046.8,20593.72,724.65,11876.65,1999.4104995043467,20462.332968969593,641.2058308266949,115.64460821563715,172.72918449688223,3235.246324258478,393.9056772405218,3896.184613480991,1.570664450572281
2019-05-14,2529.8197072474113,6903.3291681542305,1377.2402713316671,22788.334523384503,8335.654676258993,5341.35,8314.836427939876,9127.6,20892.66,732.06,11991.62,2022.607418418631,20655.707701106887,645.8740517441282,116.90828461309204,171.4246307823752,3195.393600581765,391.71433389107233,3864.07282410131,1.5667068031306444
2019-05-15,2545.04552758436,6982.815568648455,1382.1371183717192,22895.929298339583,8370.94183778823,5374.26,8387.826240821021,9177.1,20863.14,722.88,12099.57,2030.654629845251,20439.342360630868,649.2476332835078,116.40292188669648,172.5874399283213,3213.46716759786,399.56768125255593,3886.5724534603246,1.5731284718829164
2019-05-16,2574.1184893502777,7068.238768569894,1393.6280651512438,23145.408985144084,8421.335318369216,5448.11,8559.799751905015,9304.3,21151.8,726.51,12310.37,2032.7538164590278,19907.662369253223,655.2877422786662,117.67824717323195,171.59250509164968,3222.138400615367,402.4506298833838,3903.517473242651,1.5512716632905692
2019-05-17,2562.762143753361,7005.090518013982,1376.3756945689192,23090.15952679692,8376.882302650327,5438.23,8557.703552759811,9280.1,21105.28,729.31,12238.94,2031.4516313803717,19672.898381226158,654.4316441366451,118.97331678076063,172.98294598884775,3190.2169508164907,390.9776773282734,3917.105846153846,1.5463886506897746
2019-05-20,2542.616713665458,6895.286692627904,1365.167181415335,22989.033615326083,8329.588697732712,5358.59,8509.840142095916,9199.7,20539.87,717.21,12041.29,2043.1127041916955,20092.03824091778,655.2825470911819,124.38611921069145,173.26227174752938,3170.599544736226,389.3710985054523,4005.1318841027855,1.5442185046911503
2019-05-21,2566.5158371040725,6976.139061869988,1384.5705837552082,23186.523901258905,8344.438119093704,5385.46,8527.520822257664,9239.1,20698.61,733.18,12143.47,2035.680652924558,20960.485829959518,657.8120823309276,123.2366375533443,172.49097912021082,3151.0860710603224,395.09431023068043,4009.0652851019213,1.5472178227483242
2019-05-22,2561.102891728312,6949.867742658596,1373.3512665321678,23112.853620264512,8326.737057220707,5378.98,8568.037665452608,9232.2,20573.31,731.49,12168.74,2027.9047583067304,20941.572160944543,653.3814006275453,123.56529344209676,172.93008328255127,3164.295666872244,393.20337299655296,4017.5860047514734,1.5499624680978834
2019-05-23,2524.252045972899,6822.84334332096,1342.8558651223113,22799.042976611065,8185.465247905819,5281.37,8550.316371089919,9114.0,20136.39,725.56,11952.41,2010.824736215452,20790.117443906973,643.5408921933085,122.6457793132704,172.59192166462668,3115.566905471955,386.6740009707167,4006.663786452708,1.54535700351151
2019-05-24,2522.2544513365165,6816.020348966933,1351.3409790709088,22835.19121781427,8257.948485192328,5316.51,8611.161589168001,9174.6,20376.03,732.02,12011.04,1996.7446824659826,20773.39087217945,646.6310231461496,125.0636606464237,172.427696578754,3110.3451020524194,386.4913630866537,3989.6180941787165,1.535379695522926
2019-05-27,2523.605840067866,6819.67227753717,1352.065008706523,22847.42599455284,8239.716954429663,5336.19,8652.200249420986,9216.4,20363.13,776.6,12071.18,1990.6980513928563,20956.601939602802,651.366700986416,125.9718522384978,172.72162426614483,3106.072574953901,392.1627517104335,3986.590459713297,1.5329888712241653
2019-05-28,2510.989651001299,6816.316473276287,1347.6277944536535,22712.03799112943,8240.972733971998,5312.69,8589.18463312927,9191.8,20260.98,794.63,12027.05,1970.4592478889124,21459.954360772528,649.5417718156461,126.34475110902524,174.1635127385926,3122.7943565626338,395.1919398862819,4023.4509073987897,1.5459367690334265
2019-05-29,2500.242565807205,6780.442008804242,1338.5589794268262,22573.36268080137,8151.219512195123,5222.12,8498.370146063411,9080.5,19999.94,793.06,11837.81,2012.3200441017855,21826.8839564215,643.3820598006645,125.50283588946563,172.17288302319864,3113.951534068497,396.63745444387416,4002.2372754956186,1.52599743570405
2019-05-30,2505.601724989893,6799.083599119536,1334.6480391716455,22613.43156192444,8176.438604440416,5248.91,8502.156286197986,9157.8,19947.92,818.33,11902.08,2034.3856055802453,21989.71333160347,642.6327698655664,126.29261616245492,171.65304700627024,3105.106872720402,396.1742480946089,3969.5075451779167,1.5344321517272521
2019-05-31,2464.016474169576,6673.068314083624,1312.10493329752,22217.78135911899,8091.413399615863,5207.63,8496.72584530288,9004.2,19802.11,830.24,11726.84,1949.2216639156643,22117.186752068563,636.4863523573201,126.1685638841901,170.1312247088942,3078.931917158341,393.15609541322425,3969.8997734818627,1.5411335794026404
2019-06-03,2441.46428253714,6523.458767013611,1307.6950449248286,22079.69931500756,8094.637223974764,5241.46,8582.295111269998,9022.8,19874.24,836.84,11792.81,1938.8652612414228,22210.876457997092,635.3638349996689,127.61338573738936,168.01152405646786,3064.181340686009,390.0663617034985,3922.9742730347884,1.5537580680306866
2019-06-04,2491.3526484180593,6689.58407394241,1340.7038748666905,22513.4909349449,8141.620584584132,5268.26,8594.707620668038,9117.6,20229.42,813.33,11971.17,1964.2605034000628,22450.778097982708,642.7182533098849,126.67280462284022,167.71615236060322,3038.026530137305,385.68028611125396,3934.3883193538372,1.5535754551057526
2019-06-05,2518.6257909277247,6751.16299795027,1342.830407272079,22760.511540860884,8163.052572074619,5292.0,8666.325706594886,9150.5,20155.73,821.4,11980.81,1975.85491836587,22043.59407111448,646.0506211386435,126.85067534361998,170.70166789910442,3045.967938300197,386.581449043559,3949.624200260885,1.5560493938573534
2019-06-06,2521.7186945725434,6753.769067045052,1333.3983682156793,22810.09223128769,8176.887987835783,5278.43,8675.109757190216,9169.2,20177.81,816.95,11953.14,1943.4479987784714,22218.75014286041,645.8419061525187,124.6627107170927,169.9307975460123,3048.405439931266,380.141953204215,3949.99845292243,1.5560493938573534
2019-06-07,2535.3745698402895,6831.465631342099,1336.2657725227214,22927.680225889,8239.98651382333,5364.05,8712.359249329758,9236.1,20360.59,815.97,12045.38,1947.157592579349,22252.58476552281,647.4046486881921,123.86574219957436,170.32058391779478,3033.2148481439817,378.22686205025065,3979.6800889328065,1.557323213346359
2019-06-10,2551.3544566706437,6914.286976888064,1346.5553051394227,23034.76070528967,8269.00611020797,5382.5,8702.249397482816,9294.1,20484.99,842.76,12045.38,2005.6472854259196,22162.09781941381,647.8315901672107,124.12843677395718,172.2446617766911,3107.6799990985255,380.93610726787,3965.8417700095392,1.572769495842385
2019-06-11,2546.6354851520096,6903.384371001191,1340.6080395358072,22987.6980099722,8307.731177362304,5408.45,8758.566340160287,9282.1,20609.7,845.95,12155.81,2016.3927166852561,22641.42309672253,647.2839629223562,124.70937254335534,172.4345775392372,3134.1066343361435,391.28153071191895,4022.3023041474653,1.5764011226896777
2019-06-12,2550.901279950397,6902.62633420435,1346.1977944107357,23034.52765844369,8280.085412452238,5374.92,8762.646640597228,9238.5,20463.25,843.73,12115.68,2023.5329555161634,22523.02335437021,645.8658346333852,124.48719590754226,172.49455079799176,3083.8200420082662,390.18790614296233,4016.2640397716805,1.5753046024667008
2019-06-13,2564.192604416068,6949.658597144631,1361.887026691496,23150.4566817416,8281.618432143861,5375.63,8795.781305743847,9247.1,20630.75,850.37,12169.05,2008.6576567046486,22757.865996958662,647.1586372105403,124.30950110072274,172.07608917979138,3092.744804768056,390.57593635297957,4011.157230005211,1.575995324056381
2019-06-14,2575.591042911946,6955.714158265679,1358.283522169685,23275.591042911943,8251.831049202427,5367.62,8783.881901703684,9194.2,20612.45,847.36,12096.4,2008.4130423343622,22447.624499141388,649.6973727968075,123.53655270201357,173.5301996877311,3086.6816153706063,388.8377904879682,4018.7632216328907,1.5682328463657045
2019-06-17,2575.9226243537173,6993.243002317705,1366.3308967730434,23277.34890354787,8219.998882743981,5390.95,8779.582924873004,9131.7,20626.42,847.36,12085.82,1997.1324582117024,22380.643978037344,650.8491475289973,121.79527618142343,173.46746048039418,3095.824805566926,389.2745210345782,3989.674699899203,1.5744397252846558
2019-06-18,2606.7631555436433,7106.119896363799,1384.9995532922362,23644.72438130975,8350.300106579907,5509.73,8923.128461675897,9240.7,21133.78,853.32,12331.75,2016.3966056592283,23004.149358388393,659.9392259658731,122.58764006686481,172.76419951398327,3138.4841014403437,391.7662665415602,4036.6183337429343,1.5765431449583462
2019-06-19,2606.8590771423483,7115.018706574024,1385.693924817388,23609.47799750579,8336.381038171377,5518.45,8922.212270488131,9231.2,21221.38,844.0,12308.53,2031.6863227818426,23274.41061815482,663.2613361953314,121.83542956855659,175.789963744232,3214.193805738382,394.3290322580645,4075.587297694948,1.6015889407313049
2019-06-20,2616.1707403471482,7130.1275239107335,1384.5997166135317,23692.144881331915,8350.04217511106,5535.57,8999.386724386724,9208.5,21361.44,836.78,12355.39,2033.5899096546937,23135.90441481755,666.0735866791996,122.87589301583235,177.11553061561315,3235.707850015017,404.3396506826744,4099.554329501915,1.6113786716062448
2019-06-21,2595.408163265306,7065.191766361717,1363.1509500351865,23503.808937368052,8302.510647836807,5528.33,8932.244126384012,9227.2,21388.63,838.72,12339.92,2001.8594361902485,23495.462711317887,657.7634379989355,121.07408804585663,174.25828927415057,3220.5707370040263,402.5980012420213,4050.7945305600388,1.6121379435878378
2019-06-24,2584.093700649237,7023.776101070363,1342.410949289349,23449.32444288472,8290.509725016767,5521.71,8937.206572769954,9192.5,21284.1,849.35,12274.57,1998.877726060974,23405.831833140317,657.8180123810158,121.13062761685998,174.04022730060098,3205.472675967668,401.921138906252,4070.9692786905275,1.6091128550131295
2019-06-25,2566.5347057271047,6936.500395882819,1338.1191167414445,23355.52036597167,8287.661902635105,5514.57,8942.095754290876,9159.8,21128.41,846.66,12228.44,2004.0119438501754,22883.34609800985,653.9222237070693,122.22628822618547,173.96930022573366,3170.4729391517576,399.42452299350344,4077.033771164386,1.6073639152998218
2019-06-26,2562.8039931395406,6957.183693214302,1334.9575618980607,23340.357975284755,8277.220982142857,5500.72,8859.18955425484,9157.4,21057.14,852.27,12245.32,2013.286415582529,23035.071263526344,653.1926298157455,122.99038922286233,172.0722183687625,3176.73782495399,398.5170507207006,4079.682988265651,1.616302807781959
2019-06-27,2572.4890061565525,7007.704485488127,1360.202286719437,23330.325417766053,8253.699057813457,5493.61,8872.275713128769,9147.8,21110.87,859.12,12271.03,1986.5525577060926,23195.979089422653,654.8861575659884,123.38622996304284,174.10386749347256,3222.298278599011,401.4349752844052,4109.670797114851,1.6202477833110653
2019-06-28,2587.2999120492527,7041.5479331574315,1377.810026385224,23394.863676341247,8291.234926306388,5538.97,8913.318325078793,9198.8,21234.79,868.48,12398.8,1974.675338044182,23062.402923709455,658.0900876692083,123.19418746966528,173.42614933159436,3208.1534017466756,399.61191410877933,4086.9385612843466,1.6201078236801485
2019-07-01,2626.6713924947944,7169.518408577378,1390.8643835009527,23674.12166053786,8397.267178137425,5567.91,8940.902161241145,9264.6,21254.04,874.38,12521.38,2012.4830896388132,23381.385261409258,660.8648721581327,124.94186488262733,177.5541937328921,3226.011426763039,412.43970255415456,4103.510894389235,1.620005324611113
2019-07-02,2634.479397430217,7185.724412937527,1382.8444838280902,23736.535223748335,8435.654502845664,5576.82,8984.158149542765,9281.5,21392.87,874.47,12526.72,2020.6061660354087,23165.686127773235,666.3173197200717,125.34800041135871,178.66516097240475,3277.0311524712024,411.0558854055866,4123.713276310897,1.6271163047478836
2019-07-03,2656.339776556127,7244.396169533605,1393.9705621564106,23910.26777797482,8483.549807681587,5618.81,9047.753010965307,9394.4,21905.34,891.31,12616.24,2027.389640659291,23641.33632972685,673.9737190587756,125.75034717484051,177.93076227283942,3280.6334985674653,406.94018503723936,4166.718603926457,1.593931558935361
2019-07-04,2654.6920691182986,7239.902525476295,1393.1058927780236,23895.43642002658,8475.732917177573,5620.73,9053.404083100997,9401.0,22120.7,892.94,12629.9,2026.394450870933,24160.696592803273,674.0486778234157,126.42515987955046,178.3787449143139,3277.9830612663072,405.9036307716115,4179.940268790443,1.5962046491911983
2019-07-05,2663.825048993408,7270.434705148761,1403.5453411722785,23981.934794227684,8427.022202387594,5593.72,8970.177961531546,9335.0,21985.79,894.66,12568.53,2033.5656498835297,24261.56679020115,674.0193407790794,125.68196781003923,178.61503080082136,3288.75872197681,407.5677491890774,4197.784617297768,1.599392249283885
2019-07-08,2653.6626688662,7221.347362789246,1392.295688617415,23903.107583931516,8423.174337517434,5589.19,8968.949116036974,9284.7,21976.0,878.17,12543.51,2055.0718064504877,24483.0073779131,670.7865168539327,122.86800155686078,176.619643223293,3238.8698356082946,398.1185251414022,4148.216606049302,1.5706904685811685
2019-07-09,2658.485010706638,7264.213062098501,1394.1738044254105,23896.761241970024,8383.170189098999,5572.1,8947.579268840385,9273.9,21886.17,840.58,12436.55,1994.4515063424335,24539.909850690205,673.7375110446544,123.04411563646016,176.75628048030822,3212.261219266977,397.27464670146753,4120.6064352610265,1.552509930017023
2019-07-10,2660.270198204604,7290.489734245845,1391.0319082748201,23873.61123455693,8366.968501749903,5567.59,8921.411257743064,9252.9,22044.96,861.57,12373.41,1987.7790826673056,25049.89051310884,673.1392465264803,122.11323101095547,176.45331257426147,3207.210475145409,394.8840637810855,4138.061423313642,1.5571573358343291
2019-07-11,2665.6388839523725,7282.779456193354,1384.325573129554,24069.735205260353,8354.920175780164,5551.95,8877.28457183934,9280.3,22169.42,863.33,12332.12,1997.4353169801018,24881.716104452353,672.4523429270448,122.95845959474613,177.26068796068796,3230.629381753724,395.26368545284055,4162.440656956926,1.5643929140726034
2019-07-12,2673.915357998403,7314.470765681838,1392.9553721941265,24249.871351255435,8374.39473390606,5572.86,8804.996392496392,9293.2,22182.7,858.35,12323.32,1992.7345874568955,24667.260166654796,671.3556206168721,122.39243390297399,178.30866633777342,3233.978123331705,395.7822664354284,4169.676214196762,1.5792596629051912
2019-07-15,2677.473796411441,7335.397050985966,1387.29792147806,24301.97193107124,8373.229571984437,5578.21,8845.324195148345,9323.6,22178.05,851.28,12387.34,2015.8429977413957,24543.997162617485,671.6313263673802,122.70830895739232,178.4994649765413,3239.626740789063,397.98836360818547,4160.335178063346,1.569397029232891
2019-07-16,2679.5468736062794,7334.582106859334,1393.2655427704933,24382.865043261085,8385.104852542467,5614.38,8887.954524948118,9377.1,22204.08,855.91,12430.97,2008.0523023595856,24561.352851378055,672.4050977986778,123.82297492752731,177.4712596316288,3261.848291268,399.1243943727745,4154.000125101645,1.5752507605650772
2019-07-17,2658.9629365645046,7292.596222380613,1381.6642908054168,24251.478973627938,8346.765618077092,5571.71,8966.459235209235,9284.2,22079.38,868.01,12341.03,1988.1398085941535,24583.219911708664,672.140101730789,123.50242653016484,177.2042424992778,3259.874020236568,398.00648088139985,4167.815007963026,1.5690151079354506
2019-07-18,2655.9457302474066,7277.857586237475,1379.462623038042,24140.258934113685,8339.090757331256,5550.55,9039.32635000903,9225.7,22090.81,870.58,12227.85,1948.136126693579,24966.40679016761,670.5489942479834,121.78261340840461,173.94305549816107,3245.805844618674,391.6453999432887,4171.852177186598,1.5593190924250542
2019-07-19,2652.477276777758,7259.39226519337,1379.3441454286224,24197.29103546605,8364.841530663398,5552.34,9015.632371620395,9170.5,21641.46,867.81,12260.07,1948.2456838625394,24586.62198614428,671.4081047891937,120.41007360135251,177.58926207809398,3283.9838799904105,396.57005237500243,4205.163335111557,1.5775653628002624
2019-07-22,2662.827832292596,7318.590544157002,1378.0374665477252,24238.98305084746,8364.32745283544,5567.02,9017.057433660488,9163.5,21735.7,864.99,12289.4,1929.1045876558676,24789.697728492218,670.9705932347442,119.68018520922371,177.10071942446044,3237.0100346277377,391.9948144547075,4199.71693080182,1.5902971921721165
2019-07-23,2694.76374069757,7398.368152066708,1394.2078364565589,24521.823724558413,8428.351550301139,5618.16,9072.423525127457,9281.6,21954.66,869.64,12490.74,1913.8903759254367,24635.776220453736,676.0513380666303,119.92801165951784,179.10682185312513,3268.1212580435918,395.8852242142238,4223.595766730522,1.592116129130016
2019-07-24,2710.313257337761,7469.257696795619,1418.5620680369805,24477.129521586932,8406.410040903233,5605.87,9025.03188194571,9329.7,22080.32,874.34,12522.89,1938.9204184191067,24765.297020871738,677.6081685619642,119.19813058627582,180.1325091271158,3275.6132292145153,399.9281604503687,4244.323427175649,1.5846670167347778
2019-07-25,2694.5994437965373,7390.813671839957,1400.78047905266,24348.237193863817,8373.735114887908,5578.05,8941.725511497376,9289.9,21903.29,885.99,12362.1,1930.6764583804998,24359.50310264229,671.2216731981599,119.01097550050045,179.66513894050127,3279.5389379516,401.6068713001821,4252.744510978045,1.5803996556531543
2019-07-26,2719.3852790509573,7486.4833288397585,1419.0437674126001,24438.25829064438,8400.912530603162,5610.05,9018.438433004614,9225.5,21837.74,890.7,12419.9,1919.480849212293,24470.785634386084,674.1544657178936,119.94087132989645,179.1113959642739,3264.29564917524,402.93034071906357,4218.846762925012,1.5712884312666826
2019-07-29,2710.7272645699672,7441.634887164072,1407.8872986675042,24425.815424648932,8427.376384168401,5601.1,9023.411764705883,9215.4,21709.3,895.04,12417.47,1942.8246656970587,24554.527334851937,671.3793926173354,118.87789942805426,178.30494494164228,3228.9516916537423,400.98277219861114,4227.284944571747,1.5394558184342075
2019-07-30,2701.192290452712,7416.952039444196,1421.425369789332,24381.909457642316,8329.814814814816,5511.07,8956.71466087114,8986.6,21278.24,889.81,12147.24,1935.5096132956257,24343.203102828495,669.7917021784339,117.2170800715559,179.19364424267437,3229.3465353350507,402.673298913362,4216.9092869243805,1.545812987170544
2019-07-31,2690.966547785653,7381.535822310505,1421.6965374023746,24255.58214076114,8328.883521791635,5518.9,9001.152450090744,8971.0,21398.19,899.93,12189.04,1928.1554525018826,24099.534872711352,670.5886379192334,118.57174658573834,178.6612153411921,3187.129973840011,402.85511941140214,4209.985168705969,1.5351223063041204
2019-08-01,2664.46549391069,7317.203428055931,1398.9715832205684,23981.434370771312,8302.17819614711,5557.41,9020.7984721717,9038.2,21566.91,895.04,12253.15,1892.036123639713,23990.95575366762,666.9557201870881,116.79820040945603,181.0319354567611,3184.6691505646536,398.43732632418613,4164.584854154526,1.540906973013848
2019-08-02,2639.346475830408,7205.031956071653,1380.5563056980827,23841.038797371497,8104.891125943757,5359.0,8981.02784902895,8897.6,21046.86,885.11,11872.44,1863.9632704653527,23763.736518076195,660.8431887120412,115.51054097696066,178.07845289870372,3097.0977558663303,389.61635236440037,4143.236311327396,1.517413426488457
2019-08-05,2539.3796027672392,6896.710555679536,1327.7482704753404,22957.143494755637,7829.882939518752,5241.55,8813.28497980169,8777.2,20773.3,851.2,11658.51,1797.299615615468,22461.83535853333,654.8838151850852,111.32163964859613,174.56750494966093,2981.6515121283815,374.1981224639654,4005.2457928704985,1.46687259850825
2019-08-06,2573.0089285714284,6993.991071428572,1341.1517857142856,23240.642857142855,7791.504155576077,5234.65,8732.979890310784,8699.4,20631.74,844.47,11567.96,1814.7613456708696,23027.995041136033,646.3239990587285,112.09229779291513,172.60143378191424,2962.4665704885133,369.72908407034663,3910.5961184389243,1.4087973609386597
2019-08-07,2575.2120725064738,7021.010804536119,1340.0214304848648,23222.671667113136,7804.737897761152,5266.51,8737.952524974795,8746.1,20538.85,837.56,11650.15,1839.306826964675,23123.387214704326,650.7753238907162,111.13422674327542,172.37909595026048,2955.4673866704557,366.8119012236381,3932.9774077760685,1.4039301310043668
2019-08-08,2627.98747763864,7190.66189624329,1370.4203935599282,23594.08765652951,7906.565382528485,5387.96,8905.52511415525,8869.0,20841.15,846.8,11845.41,1863.3582214718715,23759.473305872823,661.2965405295728,114.05690569082311,173.65165696939033,2974.691948525225,371.66000126959943,3995.5579888675975,1.4116527261234508
2019-08-09,2605.9375,7106.375,1350.9285714285713,23470.92857142857,7792.297776345473,5327.92,8941.599413059428,8757.8,20324.23,840.27,11693.8,1859.288258290291,23560.51200724966,657.8711049593194,113.88556543527675,174.76929576274765,2952.5966819384766,367.4759951200086,3989.456208912721,1.4299893733211324
2019-08-12,2571.562332798288,7012.136614945604,1331.781701444623,23102.701979668273,7782.382080551368,5310.31,8968.133786639713,8676.4,20263.83,831.16,11679.68,1812.6833950051514,22810.282120435546,652.4383672369663,113.17135819809023,175.1763211382114,2933.4938773655635,372.59896642785844,3968.98250474269,1.4332445375856904
2019-08-13,2619.685779508527,7176.366322008862,1352.2850364800142,23526.17161272996,7828.232118758434,5363.07,8979.025598678776,8695.1,20539.43,818.51,11750.13,1823.7832628564329,23316.833135827546,661.131232440849,111.43544958746631,171.54847366655483,2879.7143215135948,372.4375472645352,3999.2084994977013,1.4125616124867975
2019-08-14,2550.1391507316634,6979.028638118323,1317.4611724571325,22874.06409911123,7739.57013697147,5251.3,8879.08520841018,8522.7,20020.28,798.89,11492.66,1763.5397559795947,22209.718330139673,645.4300350498787,112.99580715041887,175.09540965540626,2892.0196593896444,376.0662023132469,3995.8187435633367,1.4232418461899936
2019-08-15,2563.7886017826595,6992.545241739444,1315.9719096065544,23029.972089673178,7689.891186071817,5236.93,8861.046028964118,8519.0,20020.28,798.89,11412.67,1771.0948422509798,22347.101620926536,646.5805316918082,112.47707118839097,173.11996267073894,2926.9128772658914,377.5853461848624,3909.5222988225246,1.4232418461899936
2019-08-16,2604.761045987376,7119.918845807033,1346.8349864743013,23341.75834084761,7797.907307987291,5300.79,8944.00110324538,8670.4,20322.59,792.06,11562.74,1804.2859390214091,22466.37553602179,655.6510513979006,113.91075972462357,173.08476731372386,2954.8825646884566,378.7477033973715,3916.659023510349,1.431435319983362
2019-08-19,2639.149666004694,7224.056688933021,1362.023831016429,23592.516699765303,7870.443349753695,5371.56,9030.043194559323,8733.3,20715.49,828.3,11715.37,1797.75795636441,22037.537663948955,660.050132104871,113.67735606885886,174.07229323626512,3020.2453705831,386.6787865597214,3949.0737009220247,1.4412654071041702
2019-08-20,2612.9543714247106,7160.542317913608,1349.497770370704,23388.53204810594,7811.643460146913,5344.64,8999.161831076723,8618.3,20485.43,829.74,11651.18,1809.3589772804958,22047.429117411786,654.3178973717146,112.78097869661,175.3495590230665,3015.9341891200497,384.95684182993193,3996.4584478231664,1.4608889418849027
2019-08-21,2638.1867388362652,7235.191700496166,1362.0658547586827,23638.006314839873,7881.805251641137,5435.48,9049.076541394837,8701.5,20847.07,832.72,11802.85,1836.3372266185238,22670.168679017046,661.0669924658929,111.9386695044499,174.44536570920937,3019.041653977211,385.3911488600805,3965.925676708977,1.462729127268937
2019-08-22,2638.1605668125817,7212.771334446501,1359.26711494201,23694.426643801617,7882.53898042685,5388.25,8993.396312941391,8716.4,20816.99,845.22,11747.04,1827.6299909083418,22174.962861133896,658.8127544097694,109.4073636649209,174.9248251006996,2998.620911947876,384.88462469579395,3965.2357138500947,1.4610367241792477
2019-08-23,2554.722060209072,6955.691148099961,1309.605635066625,22996.89532953475,7816.867735360546,5326.87,8942.809947692025,8649.5,20473.86,831.7,11611.51,1795.5693271784448,21264.8740447212,646.2525754044651,110.29948868359547,176.30807865838088,3004.939107677828,383.8269138362712,3954.710964260814,1.4589308312678313
2019-08-26,2592.667987749955,7074.166816789767,1329.4901819491984,23328.06701495226,7808.265008529136,5351.02,8916.059465908049,8679.2,20676.83,828.95,11658.04,1811.19876511188,20894.586190832168,653.615112802392,112.11180144738745,171.95145548671817,2945.380411407468,377.8569899109493,3930.124187593446,1.4181862585477043
2019-08-27,2587.042964699517,7057.346377530318,1312.871376403228,23243.22618457238,7855.490304709142,5387.09,8980.526750481784,8728.9,20991.3,831.64,11730.02,1833.6579719454498,21231.69382209466,655.8297410135434,113.70945640399887,174.44318424082206,2946.2018849946617,382.76534941397153,3939.727253356062,1.4233733193308384
2019-08-28,2607.0322726246895,7092.647257955315,1329.460618370571,23503.588354773186,7842.493386243385,5368.8,8975.524282560707,8747.1,20990.71,843.42,11701.02,1838.4033687780054,21266.202475445873,658.5848992605659,112.74427469777825,174.20398094589996,2947.8658150641577,381.9398161855027,3951.7313069908814,1.4426425667590725
2019-08-29,2645.003165415574,7211.169394953424,1353.6402279099214,23842.13620331012,7920.533597927347,5449.97,9029.441997063144,8794.3,21398.17,858.46,11838.88,1878.4467618569058,21808.56510608756,666.5759019741321,112.35482762942262,173.72897473997028,2960.107332465768,383.38407397796107,3958.7528896459426,1.4373726860456473
2019-08-30,2662.5966700027298,7244.909471385679,1360.0582294604676,24022.6367027568,7972.54424778761,5480.48,9084.412007711375,8812.9,21322.9,868.1,11939.28,1932.4288053738503,22208.592729229116,671.4852026519035,114.31420959898759,177.2027559055118,2981.3157330520994,384.40004830887165,4048.054797879187,1.4643146826607532
2019-09-02,2668.1801604668126,7260.102115244347,1362.9102844638949,24073.01239970824,8012.257248170765,5493.04,9129.371722932574,8815.5,21451.98,860.51,11953.78,1905.5187699904607,21911.35354063235,672.1283437093796,113.73260402664049,177.00493583415593,2979.5715489928207,389.43581398896544,4028.531716874847,1.4810505494174897
2019-09-03,2648.32330964097,7175.287042099509,1341.6074357572445,23799.908875523968,8004.6145374449325,5466.07,9100.960650286348,8809.2,21399.23,853.89,11910.86,1908.2717606775996,21794.34812077749,669.0880513889364,111.14168374950717,177.40547049716153,2969.2350638852213,389.6473156769038,4048.032761646704,1.4791746619409893
2019-09-04,2662.358965064117,7229.03620463093,1345.5616475599256,23884.60736780099,8116.858173744101,5532.07,9139.66377239978,8856.6,21737.8,854.48,12025.04,1944.9296553904521,22393.047595866614,672.351651363574,111.19811468766642,175.85709419179014,3067.6702077827445,392.86995885295477,4035.9683429310503,1.4916137839986796
2019-09-05,2696.873584050748,7355.532396918895,1369.0530131400092,24221.250566379702,8126.936403263664,5593.37,9164.66538143762,8992.7,21955.07,874.65,12126.78,1961.2635185033046,22551.281485729407,678.4380887138208,111.45259734248644,178.67169427615133,3063.0420719451054,396.54553867412073,4084.2385128458495,1.5016628964360084
2019-09-06,2700.797896454801,7347.057756822922,1364.7384169008978,24297.270831444373,8109.961579152514,5603.99,9243.732795008256,8990.1,21947.33,869.38,12191.73,1982.0018247853372,22982.294759874072,680.0826019617966,112.89179173916885,179.78688037993467,3082.0561082210843,400.4243173332993,4126.705363794388,1.5176761191098491
2019-09-09,2695.899710354815,7320.275162925415,1379.643374366401,24289.92577842143,8086.510952168082,5588.95,9185.800383526619,9010.6,21989.73,858.8,12226.1,1972.7762466706129,22804.86241573655,677.1789936761065,113.14471519114991,179.925053804279,3078.238297135935,402.7248406590963,4129.064314772833,1.530588270959332
2019-09-10,2697.8675238828273,7320.287952189071,1397.1929189115772,24366.758726852902,8126.516464471404,5593.21,9172.064073226544,9078.2,21869.01,849.81,12268.71,1977.84381720917,22860.835607623867,680.362184121738,113.03788772069348,180.11366506693608,3082.92953450487,402.9459505910361,4109.156312127237,1.5423288856505306
2019-09-11,2725.6403269754765,7420.236148955495,1431.1625794732063,24647.629427792916,8216.358750419886,5618.06,9240.177509378718,9059.5,21891.57,857.3,12359.07,1990.2357835046985,23096.206657884748,683.6213425129089,114.3963443419615,181.92949500905527,3150.4289069976517,402.2755262872422,4137.114365846058,1.5562559331687866
2019-09-12,2720.3922986531684,7407.095724487028,1423.7277411190453,24570.59567929133,8188.494341936563,5642.86,9230.148134601317,9082.3,22083.17,850.55,12410.25,1984.3804207199512,23232.51232623624,681.5874101950052,114.40020389729615,181.94414482210794,3138.211561075357,405.4724907110663,4130.783029701127,1.5562559331687866
2019-09-13,2715.4762979683974,7383.033860045148,1424.957110609481,24577.444695259597,8316.356247883508,5655.46,9181.52243443297,9137.9,22181.41,856.99,12468.53,1993.3770397219416,22878.227232537578,678.6787194997621,115.12750873717681,183.68731464851095,3154.6296990421706,405.03032351459416,4141.845112408396,1.5562559331687866
2019-09-16,2724.92274131976,7410.961643337575,1440.283584802763,24610.816215233594,8271.84498926675,5602.23,9130.130964374026,9052.0,21969.24,867.94,12380.31,2003.0287530495589,23093.203256378558,687.9390256463075,114.39855633722463,184.82214003530305,3155.1914665922204,408.34410427558174,4164.430577223089,1.5620630363811268
2019-09-17,2714.4405310214033,7392.775219001174,1425.3499503296305,24483.6990878714,8264.634490544735,5615.51,9115.073730202075,9004.2,21801.93,861.91,12372.61,2026.5978212958883,23170.941306755263,686.590064441338,111.8469321465587,183.75011483693157,3099.4128637786125,397.3218549624639,4152.122170542635,1.5828402139792621
2019-09-18,2725.956482320943,7413.77153218495,1421.885766092475,24612.039891205804,8270.537683044044,5620.65,9101.41715116279,9031.7,21947.7,872.58,12389.62,2013.0607208542,23051.81215749837,686.3216076972944,113.13074052642567,183.57960292580984,3090.246719645167,400.1919177056878,4136.187941067228,1.5740891365325995
2019-09-19,2723.294991395707,7411.357666878,1414.2468979259124,24540.159405850918,8344.396551724138,5659.08,9167.84478047003,9136.0,22128.24,873.93,12457.7,2002.5771552135488,22676.990284931868,689.3358374594502,111.2421128635173,184.84361898373302,3056.5666247098625,401.02102025448926,4132.955978712277,1.5846422205633675
2019-09-20,2715.619894717735,7367.643855509167,1415.6471228898167,24446.424033399893,8319.084834069545,5690.78,9200.283597109139,9179.0,22123.25,876.17,12468.01,2032.1893337637869,22934.217291892302,692.1392149481537,117.8706260538586,186.29785259249883,3062.0053396961816,403.0997632303065,4135.158198685262,1.5844248323927124
2019-09-23,2721.531883926135,7379.6597834985905,1417.4929500591286,24515.59174019831,8284.609295487957,5630.76,9188.77757352941,9093.6,21899.88,862.59,12342.33,2032.0809283651881,22860.657170322465,691.440329218107,121.88976438290707,186.7548318883485,3041.9182515791126,398.5470391289902,4158.9075449028005,1.593785478623296
2019-09-24,2692.014519056261,7253.747731397459,1391.6424682395643,24326.47005444646,8264.116513657487,5628.33,9195.86746433502,9118.2,21901.01,868.01,12307.15,2011.3894950633855,22635.781215951185,687.8434866031658,121.14554369961975,187.30211467559434,3047.814540351854,398.79244609362047,4165.729275970619,1.6017076424623593
2019-09-25,2727.6523805172255,7381.321392671114,1417.024581924518,24646.54116786987,8227.979683972912,5583.8,9148.200775050746,9085.3,21788.22,862.09,12234.18,2008.4129626300664,23011.8934872145,691.2184034713134,120.28686798093052,186.7063761234526,3021.1518531887887,396.7146316774086,4139.670563558408,1.5758476283127998
2019-09-26,2726.2589269364585,7352.737593847281,1403.89122871269,24621.05841420985,8293.65374851921,5620.57,9218.813887098258,9129.7,21947.67,866.18,12288.54,2000.5943407774087,23118.66713495478,692.865028981507,121.84408217655651,187.20645298238165,3036.9420586468887,393.88851448926533,4126.304146326392,1.5810926163038839
2019-09-27,2707.5509644391623,7258.094889843677,1389.9625194259072,24518.008958771366,8342.650115149132,5640.58,9245.472966749561,9184.1,22017.4,870.35,12380.94,1989.6057424211053,23089.6645681576,689.5683080851652,121.81606290372258,185.30448039298724,3024.419261805576,394.2347799860105,4153.816371339333,1.5655969328526913
2019-09-30,2730.9541284403667,7338.834862385321,1397.5871559633026,24694.339449541283,8354.338877925005,5677.79,9269.125356387382,9244.6,22107.7,868.42,12428.08,1999.7438208996582,23124.624690921937,691.4224346982609,121.30560182007152,184.661036370581,3052.977242145908,390.58870336383586,4140.8475730559685,1.5692889308099556
2019-10-01,2689.5810464690817,7234.421880717161,1366.1086717892426,24307.57409440176,8286.315789473683,5597.63,9150.041371701758,9165.9,21927.57,861.5,12263.83,1981.415730731142,22884.219091918756,681.5401646716944,118.8153336809808,185.78302207130733,3047.574941746042,389.44660920974343,4134.90954804685,1.5856918780366502
2019-10-02,2634.9210694406424,7103.960215348115,1350.1505611825896,23796.532530340355,7994.769334380963,5422.77,8925.429930479328,8912.2,21298.24,835.55,11925.25,1946.4832248365635,22325.901045234572,668.018218554159,118.45597242900567,185.41299165673425,3033.8818376155496,388.48714233742027,4062.714840762383,1.5513013337812356
2019-10-03,2654.2312602589823,7178.779865037388,1355.416742659128,23892.97829655298,7957.76928266247,5438.77,8912.829878549905,8902.2,21311.51,822.8,11925.25,1969.317877589806,22667.157897087225,668.8273504273504,118.09247782087847,182.0268668173483,3030.602805392575,388.23934633268914,3991.8846638590885,1.5513013337812356
2019-10-04,2689.023501548552,7271.32446711605,1367.0067407542356,24206.339952632537,8038.849567464331,5488.32,8994.801391177009,8961.8,21470.44,824.29,12012.81,2026.5732503104025,23034.365804901063,672.4996579559447,116.93187099417844,182.3619096290618,2998.1572866713886,387.8138758450197,4018.4350721420647,1.529875380445481
2019-10-07,2678.6892717163432,7252.100993528393,1365.2265062437334,24134.55473521101,8064.399753515209,5521.61,9074.654462242563,9044.1,21652.15,829.52,12097.43,2000.1401653298963,22320.49446830232,672.0816354484128,116.10342775640517,181.5847598012148,2993.9161690532787,388.0611288564161,4027.488494814997,1.5378231799615112
2019-10-08,2640.61701350858,7141.073384446879,1344.1036874771814,23881.014968966778,7966.930626812403,5456.62,9007.573529411764,8940.1,21405.73,824.06,11970.2,1978.1219088313655,22282.455983953645,666.3378882838454,115.86325477803867,184.00767132628707,3013.015121278589,389.93663285382115,4049.6256487424375,1.558762588174353
2019-10-09,2661.015404247562,7204.201987056786,1348.5188223498315,24014.228420381005,7973.408989764129,5499.14,8994.464269375057,8991.9,21533.64,831.72,12094.26,1979.572664500879,22452.08501956958,669.5197402153478,117.62719057164617,181.9725214146383,2981.3465668349877,391.5744408945687,4013.1790596456813,1.558762588174353
2019-10-10,2669.571143012902,7224.032345993095,1349.591132109758,24074.750136289294,8124.311796958906,5569.05,9028.188531315527,9104.4,21756.39,839.22,12164.2,2005.5162516397395,22511.463883791374,671.604347528881,116.63337220109567,181.35291147761697,2976.453902351484,394.28254055399856,4022.176624174474,1.5450452509370145
2019-10-11,2689.97464227495,7296.721608404274,1369.2265893859808,24285.98985690998,8301.35166093929,5665.48,9091.840624432747,9273.8,22165.34,855.95,12511.65,2025.229014913678,22880.289992397615,674.2949289782474,116.9824954837611,182.0973185197561,3039.1719469297464,398.0438379618095,4062.096590734421,1.5529351896157555
2019-10-14,2689.409737963551,7297.715114697616,1364.9741590352708,24288.113156224503,8246.298942555015,5643.08,9071.595047341587,9246.5,22097.94,855.89,12486.56,2037.1944939633931,22918.643360177542,673.3015862139847,117.00435178509456,182.32577785212447,3066.340245220739,404.27210622534403,4080.470544873764,1.575930358422393
2019-10-15,2715.199854980513,7385.76089912082,1380.6761533581075,24494.516450648058,8358.414464534075,5702.05,9116.993286154962,9356.1,22365.34,858.16,12629.79,2037.1504616544185,22653.059012270736,675.3304721030044,117.30669403106639,184.90599500416317,3061.2423335912868,401.0533321387891,4071.4897784306527,1.584403943830296
2019-10-16,2700.225794797688,7337.5903179190755,1377.4024566473988,24387.626445086706,8307.295590195283,5696.9,9106.371970590906,9386.7,22428.09,858.37,12670.11,2047.864014103189,22933.20571248328,673.1059958272052,117.47130114497183,186.60566304077054,3075.926032738473,397.3274594312416,4112.135270418752,1.5943767414801433
2019-10-17,2695.028766630708,7332.659115426106,1386.0481841064363,24295.109672779574,8322.50289687138,5673.07,9117.270905447258,9340.0,22375.67,859.32,12654.95,2035.9703875743942,22671.31538610997,672.4025862953714,118.685622698659,185.7367637326274,3079.1494876397023,396.1983513063801,4100.664969481336,1.5805911794684557
2019-10-18,2673.171605048787,7241.5540238116555,1374.523319308925,23964.013964730104,8303.512744585729,5636.25,9066.954781184606,9329.8,22321.77,862.58,12633.6,2022.5897371158867,22794.158296242284,668.3761849553297,119.36338336814701,185.69808049535604,3058.6300052656884,389.10118253812755,4081.188203884985,1.5609514070370791
2019-10-21,2696.851735581666,7321.723921427931,1390.384787873352,24062.821777737914,8326.909217714752,5648.35,9086.413241178612,9402.3,22478.19,867.16,12747.96,2035.8026625342854,23029.05177188657,673.7011651816313,119.87717165199176,186.22372713383163,3056.948733786288,390.3666992001825,4098.385904386397,1.5676693441851284
2019-10-22,2693.0247191011235,7284.76404494382,1394.0404494382021,24079.191011235955,8345.857440407313,5657.69,9103.371501272264,9380.2,22487.08,873.5,12754.69,2035.7093229377922,23645.97463225579,673.5848408911469,119.93885267022887,186.83320904797415,3068.4865598634506,393.13480798419926,4112.295223420647,1.5939290810447841
2019-10-23,2699.3576209514395,7295.081083509276,1395.1304972822425,24108.485692466646,8426.553705100678,5653.44,9107.323278211885,9385.0,22351.07,873.13,12798.19,2046.7476407622885,23948.337100419765,671.6117279070567,120.1549277937497,187.0097946026367,3047.691866467821,391.86963957606156,4109.1770066812405,1.5961427815240155
2019-10-24,2710.8739700121573,7371.606105632853,1395.9926156062859,24139.339907244812,8481.280018517446,5684.33,9174.409949164852,9391.8,22527.42,873.98,12872.1,2060.013251365606,23839.319934043408,674.6951429555633,119.76244445026275,188.62946687671004,3078.9854656172806,392.4992197303133,4110.66294101391,1.5961520800808153
2019-10-25,2727.93321299639,7439.638989169675,1406.77797833935,24330.37906137184,8476.414766809397,5722.15,9256.617647058825,9430.2,22608.99,872.3,12894.51,2054.232017665128,24201.749244849194,678.4447900466563,120.18955530342689,189.37505710370033,3067.667849603994,395.458842164427,4149.880846085162,1.6059456964848857
2019-10-28,2738.216216216216,7500.891891891891,1416.153153153153,24406.054054054053,8496.586892275598,5730.57,9260.385555253868,9433.0,22695.64,872.3,12941.71,2062.154181345971,24421.169061297278,677.3812810601877,120.1001694322777,189.07946088969737,3092.31786480224,397.96563503798495,4152.724864465254,1.6087661464456688
2019-10-29,2732.982361411087,7448.569114470843,1419.2494600431964,24362.329013678904,8460.236220472441,5740.14,9285.498325337196,9400.1,22680.74,873.4,12939.62,2063.681264250704,24206.67304338041,676.0211800302573,121.84827160505114,189.88453591205885,3073.761998473834,394.1947398586258,4166.912527798369,1.6121425489954395
2019-10-30,2732.529147982063,7447.5156950672645,1410.627802690583,24382.681614349774,8483.226291731758,5765.87,9304.073670840138,9284.5,22646.08,875.73,12910.23,2055.967820171992,24353.300609913622,674.2008043078181,121.94793997057653,188.2261041529334,3057.8203562603553,391.45633783122423,4141.464169633184,1.6045894558216667
2019-10-31,2723.7804878048782,7435.760401721665,1401.0491391678624,24252.35832137733,8411.721016595102,5729.86,9283.150149877372,9257.5,22693.77,882.57,12866.79,2020.358699113159,23926.04824492893,672.0242556380732,122.41068674547319,190.29747675962815,3077.1285781269657,390.89733709532567,4119.184001483633,1.5987783635289332
2019-11-01,2746.4045849377626,7509.984776573833,1423.2381122951551,24489.442106205785,8459.218071242398,5761.89,9313.444767441859,9328.0,22934.32,880.36,12961.05,2052.973010964296,24280.879712746857,676.8806026108593,122.80795763303821,189.14634550120022,3096.0974272266144,394.370641828269,4129.088939107823,1.621187677059291
2019-11-04,2766.2383177570096,7578.360891445004,1435.4780733285406,24678.38785046729,8532.696538149821,5824.3,9397.336363636363,9416.4,23311.43,879.25,13136.28,2053.579136766514,24343.038087991765,681.6495268031022,123.54839761450843,189.13069028306572,3151.1258800853343,398.46870626130413,4136.630374265388,1.634083290504207
2019-11-05,2776.305928032868,7616.307733983475,1444.4083254322993,24825.16592171204,8596.288323928093,5846.89,9352.676620538965,9407.9,23364.82,873.34,13148.5,2050.5280321826694,24580.931063329488,685.205394831669,123.68052248555955,192.3559728656519,3191.648316174182,403.7460227492303,4168.750700280112,1.6595975400058867
2019-11-06,2780.139152435168,7599.737959700008,1436.2880636125417,24841.935483870966,8593.261690386289,5866.74,9386.917758369724,9398.4,23373.22,859.81,13179.89,2068.009235093734,23980.12724757953,686.6113662850483,123.70214146882515,193.25637517104119,3195.8632948210393,402.98948836488546,4142.687690489519,1.6690668202764976
2019-11-07,2792.1444409249284,7633.395176252319,1442.5901624507896,25046.201185574006,8589.13371216514,5890.99,9397.379197379198,9447.3,23503.03,869.47,13289.46,2086.2988208980278,24183.30482758621,690.8085457168372,124.38062756522503,193.19576018549188,3222.4249858245485,404.7100932422093,4199.137274486547,1.6736052574068871
2019-11-08,2807.297150117989,7692.239970956616,1451.1345071700853,25123.661281539302,8529.64765878535,5889.7,9385.679169701383,9393.7,23534.49,864.69,13228.56,2075.7219890386577,23457.761213547798,693.1952256825352,123.15891053333533,194.25236671649228,3206.0222035421316,402.8094660587705,4186.469507829282,1.6664301531360135
2019-11-11,2797.9787909000274,7671.784646061816,1445.4545454545455,25098.776398078495,8538.933877075446,5893.82,9390.623291416076,9388.5,23489.93,855.92,13198.37,2067.1130374502904,23657.38860872792,692.6354730424059,122.78952331893532,193.91489361702128,3118.104810926924,394.15369498888134,4205.491182314952,1.6671559085771697
2019-11-12,2808.4658007085113,7708.320465074031,1448.923607957126,25153.49259696612,8593.944343970596,5919.75,9421.044939715017,9306.7,23782.15,866.48,13283.51,2027.0228833156423,23265.937275243552,695.3390993959363,122.68010062940472,195.97558638503517,3140.042230317655,395.8288776984945,4196.886361517665,1.6707924269147325
2019-11-13,2810.9748341964205,7706.096120650495,1443.7903152539295,25241.74616153357,8582.848803269118,5907.09,9454.029741141912,9194.5,23578.43,870.93,13230.07,2022.7759450200856,23104.718543046358,696.6027904425628,121.31071048741669,194.68105355428474,3082.428685776597,393.72372488907865,4161.271044293969,1.6565463414634145
2019-11-14,2809.2443073573436,7692.116483715867,1441.3408328041367,25203.628776195226,8522.566319971953,5901.08,9410.732021335294,9173.3,23481.35,889.84,13180.23,2028.00554466678,23042.817291265703,695.5045023453282,121.65219609629943,193.6207329317269,3056.0790846979467,393.9281953211312,4146.844811131977,1.6642394255529362
2019-11-15,2823.434672457474,7727.859211002534,1444.4896851248645,25339.20557365183,8524.500992179292,5939.27,9419.936043855643,9261.4,23588.59,885.24,13241.75,2046.9214353238197,22976.73365533897,697.8650609005064,122.0810302479195,193.8792795041391,3043.632474927021,391.0993480085211,4192.218074110641,1.6761605011008092
2019-11-18,2819.7525289017344,7722.127890173411,1438.1683526011561,25321.730491329483,8550.017550017548,5929.79,9454.660087719298,9258.0,23463.98,888.29,13207.01,2028.7051543326327,22755.251493544038,697.2165230474628,121.37715668178456,194.61259089964676,3076.3037437594403,391.81540636950865,4162.40388755613,1.676187890306815
2019-11-19,2816.3011102085025,7735.950898095495,1442.6302012817039,25213.48497156783,8544.362130315581,5909.05,9452.010577186104,9259.2,23329.21,893.37,13221.12,2034.5220986225688,22780.925533402915,693.2548726147147,121.9162557801119,193.69381730489377,3124.3030690905734,394.8200902920041,4199.309176064584,1.6699679693498473
2019-11-20,2807.242842951323,7700.469610764923,1437.3792106926758,25125.16029982841,8476.295518207284,5894.03,9457.918222384116,9225.4,23351.78,890.37,13158.14,2022.9796856275825,22782.151157786007,690.9171135700224,122.6632463282255,192.47168870042404,3104.677288996652,391.4771815655545,4129.998156908521,1.6417822822358867
2019-11-21,2806.347771046206,7691.662898996291,1432.2813997648973,25107.414775296136,8453.781021897812,5881.21,9416.476910465433,9214.0,23279.78,883.39,13137.7,2017.7893030007876,23182.880803985423,692.6485603430672,122.40144955800895,191.76444148493428,3055.3396825396826,391.3803639544832,4094.932956951305,1.6175222577111203
2019-11-22,2821.380624092888,7728.483309143686,1441.3461538461538,25286.302612481857,8527.975324448584,5893.13,9437.917538909622,9254.7,23259.8,891.3,13163.88,2037.0071690039917,23494.433996930595,691.8402836976164,122.30064693123015,192.96109534145936,3080.5409318622765,389.5128142354623,4130.631002216202,1.615103270223752
2019-11-25,2845.142545850735,7837.742872707463,1472.5803522789179,25482.540403123297,8662.28260233062,5924.86,9533.394044258264,9319.9,23467.25,898.23,13246.45,2032.8595376289356,23289.421114810437,695.8866700802184,124.14149076320008,194.17147382460823,3132.0790183621966,392.89530052388454,4143.291170405934,1.6358397978599657
2019-11-26,2849.83666061706,7847.486388384755,1473.8929219600725,25518.765880217787,8643.479276123759,5929.62,9554.360280076386,9324.8,23546.58,891.86,13236.42,1992.0823156530464,22949.250275988466,696.8070559277999,123.93971077666184,194.50212199384205,3120.345958981137,392.9904914268021,4180.911022821769,1.6377413552177504
2019-11-27,2867.197017910719,7914.519501772887,1485.6805164105824,25605.964178561684,8729.107677847618,5926.84,9581.636181636182,9362.7,23485.03,895.03,13287.07,2004.7962881872304,22966.39515544373,700.2669769989046,125.2372084024077,194.5043153526971,3130.0732758120143,393.4602649006622,4220.94762784966,1.6437874667820283
2019-11-28,2864.592606049596,7907.3303660641295,1484.3310019075302,25582.705059496777,8699.114421441558,5912.72,9578.040571272628,9359.0,23342.42,899.75,13245.58,2010.6756784495356,23474.729300571205,700.2325740474724,125.37817102149604,194.16198730974992,3121.8417356379214,390.92599287300527,4220.753266717909,1.6370843732855276
2019-11-29,2851.0302260143417,7865.544159026958,1474.5393482799311,25461.93156031588,8624.712373796665,5905.17,9521.13238363125,9352.0,23259.33,901.58,13236.38,1986.3746958637469,23188.70915907873,696.3970739044235,124.15134349303659,193.06211926567485,3052.5950514723345,388.4313307906268,4203.739522888459,1.6080155875761473
2019-12-02,2810.6056503294517,7733.540933297229,1451.0154346060112,25077.20913439841,8508.13335668827,5786.74,9421.376547705753,9156.3,22728.59,892.97,12964.68,1961.4723903752435,23279.64779551623,688.6039886039886,123.45722708604717,194.85321518777693,3050.5629383536366,386.400559056784,4223.0819409828,1.6085381888643686
2019-12-03,2790.9410809347646,7688.026707570151,1446.025444374267,24815.302715871152,8393.434165787316,5727.22,9360.528723015002,9135.7,22736.52,881.28,12989.29,1951.4537214845518,23370.58407155574,684.6905537459284,122.54080915471378,194.1844684385382,3041.5060417999207,386.24712496805523,4146.848917307633,1.5939715634010725
2019-12-04,2809.857374977433,7733.047481494856,1456.8514172233258,24959.17133056509,8503.075467234445,5799.68,9425.043319653441,9270.8,23034.2,888.68,13140.57,1959.408005150528,23661.850671986784,689.9617067833698,123.54428194789256,191.8344112769486,3002.374246168202,386.1611544321951,4085.020868758695,1.5737671248507161
2019-12-05,2807.48378962536,7718.569884726225,1454.277737752161,24925.963616714696,8457.168246445499,5801.55,9453.160631214083,9243.4,22969.4,878.57,13054.8,1962.0223278874578,23798.442441322633,686.8557758031442,123.3295562678442,192.9214655350859,3018.900774961712,388.37132009868463,4112.868484214413,1.5580741255991895
2019-12-06,2844.6604575458896,7827.588389546975,1477.384935346776,25332.362781444976,8600.213827512473,5871.91,9555.182175143822,9382.7,23182.72,873.21,13166.58,1963.8916426167496,24263.804886569575,692.374326444308,122.65868615855119,194.4498563756713,3063.4307911074116,392.20174936856915,4147.676324170557,1.5750351798332551
2019-12-09,2834.3817787418657,7792.687997107737,1472.9031091829356,25225.596529284165,8594.392301294998,5837.25,9537.418883100265,9354.6,22956.9,863.77,13105.61,1971.1545735396037,24213.911677430617,690.5069124423962,123.16992579574247,195.07701273832322,3057.389969766207,392.11371048509284,4149.966084972561,1.5874216226486797
2019-12-10,2823.87090958262,7767.222572793654,1470.9366267015234,25134.52627783287,8555.218216318786,5848.03,9502.085048010975,9321.1,23122.82,861.67,13070.72,1995.6350458308484,24057.822944405194,689.3167490202761,122.15731441713346,194.1304419935318,3046.149768974616,391.7506616002717,4117.065774531168,1.5943460749297058
2019-12-11,2822.66846361186,7775.426774483378,1466.2443845462715,25077.538185085356,8555.127445168939,5860.88,9516.471556612401,9392.5,23155.64,883.96,13146.74,2029.8491541353383,24174.06648947758,689.813457013266,122.44248031784413,193.60917066710812,3076.9638495782165,391.1515043208537,4172.004571993451,1.592199385992771
2019-12-12,2846.8733153638814,7832.273135669362,1477.8167115902966,25275.87601078167,8603.075285350997,5884.26,9528.088248700886,9468.5,23390.95,885.21,13221.64,2036.188321253904,24642.75595479953,690.288946435873,123.38435508354917,192.53532240167672,3110.819936617689,392.9947325431076,4164.497346286352,1.6088445615355664
2019-12-13,2849.384048197104,7854.401582591492,1472.8711446812335,25299.325600215805,8811.791491911325,5919.02,9526.187431494338,9563.7,23329.33,891.08,13282.72,2093.4730860712116,24637.71668709508,693.4749206132414,124.26073543653855,197.50154149710195,3189.5033925053854,400.0643252283545,4167.124617429746,1.6322946516542944
2019-12-16,2863.8280689160083,7909.395190236897,1480.5635319454414,25337.30258435032,8994.616902924816,5991.66,9619.189707090063,9680.6,23524.76,880.76,13407.66,2102.3310088494063,24712.01413427562,694.5450823866545,123.41247862721741,196.28247152339586,3168.495982952746,401.25487579552447,4231.866427777091,1.6628574934617717
2019-12-17,2863.2466367713005,7913.327354260091,1486.6008968609865,25351.713004484307,8861.610927932172,5968.26,9640.404317599707,9615.9,23630.77,894.49,13287.83,2103.0695013155687,24804.65187991454,694.2992469417658,124.12691632799114,197.15015974440894,3205.7140225544426,405.92936290751555,4207.894914733446,1.680594570184234
2019-12-18,2871.5378385674435,7943.606586880231,1495.3027985242509,25411.03212453883,8874.08061194469,5959.6,9673.545312929535,9621.8,23628.87,905.64,13222.16,2139.9091970054938,25315.20379125929,696.7958833619211,125.02233775187796,196.62706921339085,3218.6591714473698,406.1030361031003,4224.9548299571425,1.686771803621384
2019-12-19,2882.0086315410895,7990.667146196726,1498.9120661751483,25514.260025175325,8858.78706357097,5972.28,9723.381757999265,9617.2,23708.94,902.78,13211.96,2121.778324795423,25435.792636451002,696.7602739726027,124.95581319324617,196.18438900078095,3208.1622055149414,405.46239234572494,4230.889446147177,1.6958055724972787
2019-12-20,2907.500676956404,8055.745103348676,1509.0712158137017,25683.807202816137,8899.62441314554,6021.53,9812.891665900946,9675.5,24003.64,892.06,13318.9,2120.5238793141234,25328.060371380798,700.9302165928672,125.81837163779906,196.41771473341308,3223.220635939424,405.59978358324315,4244.53390622081,1.7015570600359735
2019-12-23,2907.6569264069262,8067.866161616161,1509.8665223665223,25749.936868686866,8893.595426971537,6029.37,9848.783175681881,9659.6,23898.42,912.52,13300.98,2106.0205651271835,25589.31489906798,700.0548885077187,125.33632790740381,196.38178070898599,3232.8832664314964,399.237367696799,4236.317547529111,1.7109018353467285
2019-12-24,2907.0887445887447,8074.3867243867235,1513.356782106782,25717.397186147187,8910.96322241681,6029.55,9861.462068965518,9661.8,23898.42,912.52,13300.98,2098.550613081544,25587.33699192827,700.6233730648034,124.86072039944094,196.46795003916074,3226.2005244967777,402.2265408821221,4241.046192259675,1.6997128443927045
2019-12-25,2906.302407357317,8072.202686863222,1512.9474348570914,25710.440898025427,8919.294145144326,6029.55,9861.462068965518,9661.8,23898.42,912.52,13300.98,2098.206663407696,25580.557916698865,700.7193751712798,124.82694687485359,196.09077791977572,3226.2005244967777,403.0469752771883,4239.061612852909,1.6997128443927045
2019-12-26,2919.363849342224,8129.744098035682,1511.6867904126873,25789.68282573437,8935.479716677399,6029.55,9861.462068965518,9661.8,23898.42,912.52,13300.98,2107.510701641378,26037.34435224988,702.2589947816534,124.06619108160436,196.62163050624588,3223.737049442063,405.82504266074244,4251.928155704362,1.7027921101969352
2019-12-27,2898.9576343220147,8058.533530174921,1493.3387017402583,25629.90202657361,8945.588579452375,6037.39,9848.692060578247,9700.5,23757.6,920.54,13337.11,2102.0963730338635,25770.433436532505,699.2166387302022,124.07328888711267,194.91185609157807,3247.642114589146,402.7088555788611,4259.169606343458,1.7102543411803046
2019-12-30,2876.408607911421,7988.20430395571,1485.9808911509958,25414.894186980982,8884.653668247556,5982.22,9779.789977892411,9612.6,23506.37,917.79,13249.01,2059.1800820606577,25690.677448377744,695.0760293866394,124.25871831123786,194.01804313950626,3246.0171817957785,407.10332928621636,4250.139279245519,1.6930419241021217
2019-12-31,2881.537638244738,8002.675704602213,1488.1109525508384,25453.478415982874,8925.96449704142,5978.06,9781.592039800997,9549.2,23506.37,916.67,13249.01,2051.1996457358755,25661.03424938702,697.1083178789753,123.40189881843014,194.2410706954594,3223.0486034094415,409.36577368181725,4185.918086172344,1.6938640234925968
2020-01-01,2881.537638244738,8002.675704602213,1488.1109525508384,25453.478415982874,8916.467667572999,5978.06,9781.592039800997,9549.2,23506.37,916.67,13249.01,2051.1996457358755,25661.03424938702,697.0365028673465,123.82316033787252,194.0976370200197,3223.0486034094415,409.36577368181725,4183.56011766915,1.6938640234925968
2020-01-02,2916.0848549946295,8138.372717508057,1491.9172932330828,25840.31507339778,8946.761574210248,6041.5,9779.789977892411,9691.2,23836.26,930.71,13385.93,2111.097492321616,26358.363899077474,702.0166155331104,125.20039460372335,195.02572135201976,3271.613598331155,415.44610441767065,4187.512439367861,1.6743539808022418
2020-01-03,2898.611111111111,8083.127240143369,1488.2347670250892,25658.49462365591,8937.562291141467,6044.16,9873.415151794776,9646.6,23702.35,920.09,13219.14,2112.564939399362,25927.420509488198,699.8931881611136,124.12275005842898,196.06829389581864,3276.87877915347,415.592483504611,4190.75774078108,1.6837064657373166
2020-01-06,2899.758820902189,8103.13532827155,1485.7168378740512,25639.464046449313,8908.496501440583,6013.59,9838.939114391143,9600.9,23581.29,920.09,13126.99,2108.5721326313496,25696.204201431257,701.3534456038847,121.15329629588088,191.20682267633487,3247.319708012402,413.5821038819727,4174.4594217718695,1.6601086161075376
2020-01-07,2902.5195014794226,8131.0678741145875,1486.8734869541827,25628.691831794134,8912.508825606024,6012.35,9868.685935912827,9579.8,23723.38,924.69,13226.83,2094.058525578799,25711.46153591854,704.1263056292875,122.37060974703239,194.96150506512302,3268.916961467213,419.94255655597516,4204.871107825927,1.661300914825053
2020-01-08,2929.356145880234,8220.83746060333,1498.0549302116162,25884.817649707336,8934.80773767398,6031.0,9872.252085264134,9591.4,23832.02,914.17,13320.18,2128.325290658581,25749.98061779397,706.366523960779,123.30906222184504,191.4505177179159,3248.1534805460633,416.5468698351794,4214.768013353529,1.6558091206465269
2020-01-09,2948.5863497208716,8286.898973527823,1499.1806230866198,26073.2036736899,8940.016472526178,6042.55,9859.270572988984,9581.8,24016.7,926.06,13495.06,2130.225118036063,25508.668104017248,708.2537164143068,125.73556981524398,195.18104086162953,3312.476441764041,421.2250517961408,4245.167047489656,1.676404063638106
2020-01-10,2935.9377809746447,8252.88617155188,1490.4153929149434,25915.99532458191,8910.633550584229,6037.11,9848.643895214293,9573.6,24021.4,923.63,13483.31,2136.981614725063,25352.766223646515,706.572058418297,126.42910491024958,195.88181668856768,3317.9282499261417,421.02889963095794,4300.654811780405,1.7124108438690848
2020-01-13,2952.968118545128,8328.630444544231,1499.4252357431521,25960.52986079928,8885.052778911764,6036.14,9827.375335368673,9543.9,23896.59,919.39,13451.52,2142.2766926731915,25408.8359501895,708.5462736871066,127.54713868910241,194.82576376409082,3347.217774797843,425.2859487767385,4280.169255091601,1.7271177773990116
2020-01-14,2950.217908972458,8313.186862560095,1505.809408276048,26005.014152850792,8916.072055211136,6040.89,9894.902033615006,9528.3,23928.21,923.69,13456.49,2141.911842092674,25574.762748529745,711.0040934264388,127.79247168265884,196.26001715476042,3340.3458863119918,424.91336383274495,4317.508914452265,1.7397061223221153
2020-01-15,2949.771320957762,8303.02215047978,1508.7436104385258,26033.727916778764,8935.811995790951,6032.61,9914.280405091517,9511.7,23763.86,928.66,13432.3,2121.533020893984,25001.997336884153,713.1334662724335,127.91108038238328,195.15773153814771,3320.3808095086983,421.3703800104112,4330.071189798193,1.7387285579568394
2020-01-16,2978.1898177247017,8401.840711143037,1531.130466014187,26306.5816647212,8936.421819035877,6039.03,9953.0156366344,9572.5,23940.41,932.13,13429.43,2166.0620752141413,25038.98388723208,716.9500860585198,127.8979158668407,195.08583306162373,3335.5706713168806,420.4542487925859,4362.136529765223,1.7396536247136756
2020-01-17,3002.362488728584,8466.131650135258,1532.5879170423807,26463.56176735798,9003.472548099484,6100.72,10094.804469273742,9681.3,24141.07,934.22,13526.13,2213.777695316728,25668.82237604671,722.0431406384814,128.36656676239988,196.80140798952195,3371.3228213071575,423.6018639623002,4377.9851879396365,1.7427500600128545
2020-01-20,3001.0094637223974,8462.316358720145,1531.8972510139704,26451.63587201442,8972.664907651715,6078.54,10093.327749860413,9658.8,24002.45,940.2,13548.94,2216.7069095404586,25566.582779462693,724.2772769661175,127.1992371786498,197.00212678936606,3344.900045301955,425.765212369402,4385.492163786161,1.760740827205167
2020-01-21,2996.0212919523633,8454.3576326236,1521.0212919523638,26340.707325875133,8960.616942367691,6045.99,10134.553072625698,9611.3,23845.28,942.27,13555.87,2193.291038072943,25063.12576966322,722.8634543697364,126.60926382447079,195.95648068317118,3245.070994150012,417.80663535590406,4363.797319829556,1.7421766220431405
2020-01-22,2994.455963220049,8459.181465789237,1518.4891372937889,26310.529162534935,8970.406349958535,6010.98,10139.664960446718,9573.7,23706.29,942.92,13515.75,2199.803773453848,25515.366379310348,720.1550919571782,126.15246672374765,197.2288563338668,3292.407063197026,418.59936957926266,4401.270517092435,1.7561831434303374
2020-01-23,3008.449430070563,8505.952596345214,1524.3441288221459,26379.672516736024,8912.767851843058,5971.79,10064.160074453233,9518.5,23707.05,939.17,13388.42,2192.1591860030157,25926.489886665586,724.9284852662416,126.97282608520763,196.60778319424935,3250.935649013681,406.7581754752046,4390.349654681161,1.7374955520831723
2020-01-24,2989.0884353741494,8448.897959183672,1507.691609977324,26294.539682539682,8998.25633117846,6024.26,10137.1110903485,9562.0,23969.13,948.64,13576.68,2179.25016981031,25676.485261262827,723.2117594285912,128.22395113089794,197.77696617555512,3261.810649161196,407.82724104790367,4391.898169655301,1.7374955520831723
2020-01-27,2943.9371936830644,8294.890179705935,1492.2308948992559,25899.255763296424,8781.5295302411,5863.02,9996.217228464418,9366.3,23416.13,936.25,13204.77,2117.7892920483077,24691.959278750757,716.1605392578326,127.02161397324133,194.5373557231551,3263.238762405137,408.04866880355854,4350.266887539113,1.7374955520831723
2020-01-28,2972.455089820359,8410.161495191434,1504.5454545454545,26059.562692796222,8842.4231678487,5925.82,10067.208216619982,9484.2,24027.63,933.43,13323.69,2166.92381496952,25194.432427755666,720.7862068965518,126.87788366066641,192.98179551122195,3267.4351180734157,407.93925878452166,4291.3675685624885,1.6923651065153162
2020-01-29,2972.8453364817,8423.540096267368,1497.7931159749342,26096.131141585687,8849.488559096551,5954.89,10125.762237762237,9546.7,24164.73,931.21,13345.0,2192.0212691038,24769.988729673165,718.9788053949903,127.4754363062773,194.78775255155176,3176.756181431145,408.34517115194524,4313.00987548304,1.6850806575984705
2020-01-30,2976.4865844815085,8429.051849166064,1494.035532994924,26159.75344452502,8762.490355510712,5871.77,10058.880778588808,9477.9,23781.1,921.21,13157.12,2165.380276945042,24679.40570159042,716.7690354459048,125.66456042914143,191.14674319940104,3085.742119140397,407.56876837634763,4270.028635837446,1.6587513031391172
2020-01-31,2907.445466017667,8248.548765098252,1454.8945375878852,25469.65026140256,8669.693003331746,5806.34,9948.404006365252,9367.9,23237.03,910.9,12981.97,2110.022440477244,23945.315048885994,703.4663579406157,124.2260539878252,192.96644630160907,3057.794796109284,405.29140406731204,4232.838098685004,1.6228173630682516
2020-02-03,2937.5406871609403,8384.629294755876,1475.7775768535262,25677.947558770342,8608.048407942664,5832.51,9984.97331710514,9404.7,23460.01,903.47,13045.19,2119.4668791180065,24398.27595381259,705.0496801415543,122.33798069054191,191.10635996838732,3068.600867363274,370.6173221046125,4188.955982453486,1.6084656084656086
2020-02-04,2985.865628395509,8572.953639985511,1500.153929735603,26084.416877942775,8778.54867256637,5935.05,10087.456803960027,9562.9,23844.85,916.75,13281.74,2185.0813989699136,24592.287556662195,713.0197496333186,125.45360204926402,190.84482473544978,3111.772391106549,377.3467975133101,4240.114107883816,1.6310411029311729
2020-02-05,3031.8119829075367,8645.040458223473,1529.157196108737,26630.47549777252,8845.06176487972,5985.4,10269.148141229218,9717.8,24236.63,920.99,13478.33,2188.9407386298926,24904.922888695706,720.5175600739371,127.08955737420973,193.06668874446333,3135.867853735345,384.98272602829024,4278.633506087276,1.6484338725023788
2020-02-06,3047.019716770639,8717.408132598697,1527.6717817950002,26756.313464778472,8836.962025316456,6038.18,10290.963461358751,9811.3,24490.35,921.45,13574.82,2171.46740589266,24495.481127060077,725.7489545485707,127.91775828965694,197.66178175194568,3226.638187504768,392.43688147107815,4320.818290477796,1.7042431289155429
2020-02-07,3040.3928734582,8698.50159890361,1513.732297852901,26589.776153494746,8795.217621768066,6029.75,10277.961509715995,9811.0,24478.32,910.91,13513.81,2161.4032781777732,24058.258175704967,722.7633069082673,127.76728372465571,198.3929062070688,3219.0138901124724,393.2769161506691,4281.291227214534,1.705198970073544
2020-02-10,3072.2115296489783,8824.479882687196,1528.4300247456697,26832.38933186692,8814.440433212996,6015.67,10341.714285714286,9816.0,24507.7,902.98,13494.03,2170.992669494952,23853.6828275979,728.756753036716,127.86157866577133,197.7539553329159,3211.2482465136563,397.46215873974006,4297.401642358132,1.6940038327445686
2020-02-11,3075.989373396849,8830.102601685601,1536.7442286551852,26819.65921582998,8898.771877781073,6054.76,10407.021655573262,9882.6,24688.89,917.0,13627.84,2210.6275293208523,24398.46889142664,731.182128451753,128.34399194414488,197.64669559412548,3254.024785150144,399.87243723780597,4339.45382415352,1.712001848215317
2020-02-12,3108.1118366596156,8945.056562126369,1553.7386185965238,27178.72712222938,8981.249254976756,6104.73,10422.218045112782,9940.4,24861.28,917.56,13749.78,2239.4516258094473,24638.439852601125,738.9906983201444,129.45825325994406,199.35009816617236,3286.2073038219874,404.59989974408364,4392.649583242958,1.7313398202434915
2020-02-13,3112.06013927962,8958.142323479224,1562.2745929991238,27139.519439191998,8967.54512635379,6093.14,10450.678349349917,9909.8,24892.15,920.24,13745.43,2231.8200504730676,24523.710072407684,739.4375499704522,129.54140145582798,200.14052328755616,3291.199335351018,402.5964582933971,4402.218090545691,1.74093652055948
2020-02-14,3120.5317577548008,8983.733382570163,1557.9579025110784,27140.02954209749,8925.049689815094,6069.35,10454.495068107091,9956.8,24867.01,922.3,13744.21,2240.629372370354,24570.52328578794,741.8181818181819,128.56340051169448,199.24792867056397,3302.2996284028445,403.8992098517481,4420.18411753766,1.751942403348352
2020-02-17,3119.523787550182,8980.831526002492,1557.4546629135712,27131.2629781736,8924.005042319466,6085.95,10504.561700526714,10022.2,25120.54,919.77,13783.89,2239.0036705826183,24592.45435932435,742.5423610626875,127.95525904846849,197.5663713097888,3323.321229266089,413.31720568697824,4414.971651640487,1.747953599326442
2020-02-18,3122.952186805041,9018.476649369904,1559.970348406227,27086.90696812454,8891.845338472656,6056.82,10491.60391566265,10005.8,25223.51,911.82,13681.19,2241.4543950320713,24458.57176285392,743.8096236502778,127.44299097734799,195.60446974488718,3274.636914036945,414.2332165771683,4407.496282527881,1.7242192195708343
2020-02-19,3133.583194521562,9084.934295761614,1566.3242642976122,27159.0135110124,8916.680617003467,6111.24,10612.465843776501,10083.6,25477.55,916.8,13789.0,2238.394511580189,24701.108732059954,747.8072171082565,128.86616125058111,194.4548778461027,3297.4025741759715,412.3071023365907,4413.926420164953,1.7235426218770469
2020-02-20,3127.7051460361613,9041.223922114046,1572.6193787668058,27093.166434863237,8882.752030578118,6062.3,10508.27131417805,9931.0,25080.16,913.08,13664.0,2204.6497291367336,24184.2741212102,747.8075389887405,128.8197297487725,194.17896869701858,3283.365046142137,419.26969518917815,4394.306573821283,1.7057991733225597
2020-02-21,3077.685569386814,8830.419548178885,1547.8192715537111,26733.434762563393,8855.304389427103,6029.72,10465.084298766129,9886.2,24773.15,893.03,13579.33,2185.5270699743655,23879.38621826851,740.9271523178807,127.75056937526892,193.2548857579639,3231.123547646655,417.9784274616838,4363.0252100840335,1.6749841240338894
2020-02-24,2972.0748111295375,8495.74350469873,1500.0,25760.825502119034,8526.125804145819,5791.87,10092.171455487516,9483.5,23427.19,818.35,13035.24,2117.064523547703,23867.353901386716,724.9566844549171,124.97974948183072,194.59760359460807,3169.0244522032976,416.3309173361993,4246.516765045944,1.5909275258071183
2020-02-25,2874.9287749287746,8239.693042918849,1444.628251079864,24888.668320926383,8388.572794644992,5679.68,9875.13900669117,9250.8,23090.44,833.81,12790.49,2072.313424931879,23808.121636055206,708.5057789466399,124.44055545692541,188.5119459617229,3176.784733419565,413.74321880650996,4168.777585526515,1.5918229903670802
2020-02-26,2864.06580277548,8253.62558588365,1427.037956070214,24774.919584597003,8352.570716954278,5684.55,9898.446327683614,9316.8,23422.54,811.34,12774.88,2036.9233731577035,21830.89662577954,700.4928825009478,123.54820554984595,186.64383504639838,3152.4275112032165,409.76541796172086,4034.3419034731623,1.5740737933543536
2020-02-27,2707.9636363636364,7787.70909090909,1361.6999999999998,23424.21818181818,7961.576758624728,5495.6,9575.398761493712,8985.9,22799.37,768.83,12367.46,1938.448464868859,20868.004052684908,677.3685461149395,121.53373805038028,182.05988967691093,3127.247460002335,406.8462926189827,3975.9326386193306,1.5519613914777275
2020-02-28,2679.2001088287307,7769.800027207184,1338.983358273251,23043.90332381082,7651.4272426021735,5309.9,9242.29576008273,8723.2,21984.21,720.35,11890.35,1910.5001826158916,21118.361968476,658.0140787870582,115.47209075648122,177.40359120657826,3052.4727665663972,391.50415388506616,3802.809658755461,1.4854927819020491
2020-03-02,2775.489491647207,8040.3808155200295,1363.8315070953836,23983.58182144782,7622.576026573506,5333.52,9316.384233685983,8741.5,21655.09,720.35,11857.87,1951.6855622745081,21402.986872214864,666.6913846568693,113.11349151742716,176.98242122719736,3034.764240780285,401.70445015031675,3754.2952803312874,1.4886889937925136
2020-03-03,2688.0605029982994,7772.388794415108,1330.0635460485098,23196.464691667414,7703.4743722050225,5393.17,9440.711277491811,8811.6,21748.2,766.32,11985.39,1953.9050959396166,20922.05063140575,654.8742979406258,114.24211086751926,176.1297410192147,3026.548835602637,403.204926304693,3791.8391515687135,1.5055800985206946
2020-03-04,2810.8117816091954,8098.141163793104,1375.0000000000002,24327.2808908046,7877.92868288736,5464.89,9632.049234238466,8910.0,21946.03,770.54,12127.69,1995.093710858049,21000.283987974577,671.5814187489519,113.0514443003505,176.20091858037577,3028.634623269674,409.1844341732518,3764.2216139014527,1.5455794055839085
2020-03-05,2690.098745663197,7773.8635352726615,1315.5591139578328,23237.505560003556,7734.9521282731575,5361.1,9537.015795411808,8683.0,21554.88,728.17,11944.72,1897.9526068305006,19740.159684878206,655.0568879158789,112.31151971051678,178.74063521327412,3077.8633766054572,412.8194112253208,3764.057911308595,1.5782717619188182
2020-03-06,2633.67889420521,7598.45826687932,1284.086478823321,22917.579301789825,7472.451870266521,5139.11,9181.348420556342,8375.6,20799.89,684.74,11541.87,1823.612401106096,18765.05562683109,637.2846676787011,108.47522521855915,174.57302709069492,2974.9650126864567,406.4573853468992,3663.915478014853,1.5332621896230385
2020-03-09,2398.9518735260717,6944.431828107258,1147.209363263167,20832.404576818935,6843.048864418444,4707.91,8663.777673104098,7708.7,18475.91,593.07,10625.02,1624.7062524907187,15911.260445167492,550.2772643253235,101.60933435694868,168.0996714596578,2821.0311670900765,387.81481434912166,3314.2145384460487,1.4425282266991366
2020-03-10,2555.168439716312,7397.38475177305,1197.6063829787236,22179.21985815603,6820.265476599153,4636.61,8690.16254016254,7461.5,17870.18,628.25,10475.49,1682.772876035905,17603.73018221387,577.2552566131585,103.19563849267237,166.71242762440212,2880.357315032754,400.2217464444104,3425.771138539624,1.429831589988637
2020-03-11,2432.6737066288047,7056.5711243233645,1121.927411482829,20900.887390185464,6686.601809182455,4610.25,8647.486772486773,7436.4,17928.64,602.48,10438.68,1604.965704398053,15696.275478235231,550.4766198634549,103.7915902109993,164.80125620676486,2879.4661401867024,396.5960376348199,3295.101571042182,1.4104095373949548
2020-03-12,2217.8274474742957,6438.801966919982,1003.9606616003576,18954.51050514081,5887.455035971223,4044.26,7823.706366474317,6390.9,14894.44,538.55,9161.13,1494.2380595995292,13543.027204537822,480.12713496853735,94.72535156762136,158.5683284206929,2817.381276620404,389.65710215710214,2958.0114872023646,1.3662927541413419
2020-03-13,2440.9309863593394,7090.334488812859,1088.9659208571559,20875.721424391122,5932.681039248204,4118.36,7923.825757575756,6629.6,15954.29,551.97,9232.08,1563.9682073625706,15316.50377507064,540.5491781894077,99.53616124472805,145.4223501439119,2793.1927801861902,388.72573579476114,3084.2433184855236,1.3181926419811882
2020-03-16,2133.7118841098095,6174.184029330233,927.6759366896182,18052.86595725655,5650.90230925347,3881.46,7801.137872179026,6107.2,14980.34,484.4,8742.25,1488.144871699691,12726.63871031196,475.7527430466955,91.73662734819749,143.61044007095197,2665.045469777331,373.7427595995243,2736.4735488812294,1.2570259928750493
2020-03-17,2299.890879330727,6669.800854778576,1006.1925979812677,19311.97599345276,5802.9481067455745,3991.78,8022.898167390895,6498.5,15314.77,491.94,8939.1,1460.0069707387397,13543.379617025139,491.48016520987414,91.07373740978073,143.65419692619489,2731.173946477104,377.970830197493,2888.0694001145757,1.2276681176548314
2020-03-18,2197.0682546953735,6403.88456252863,908.0714612918002,18230.801649106732,5405.734957706017,3754.84,7908.51669195751,6274.8,15120.48,487.35,8441.71,1371.9548946209075,11999.630476702992,451.196262862193,86.15504294664001,141.79248082058237,2648.7113983911786,371.7364880236602,2619.2850532772795,1.1635406383678844
2020-03-19,2253.5565636253095,6688.098021793013,990.272646494879,18788.009166160035,5534.604641168887,3855.5,8336.250593260558,6395.8,15466.97,525.29,8610.43,1367.9780616733228,12541.168373527144,478.2199593980601,85.13471011589776,139.83973979893554,2613.9831426851297,372.56501516417444,2568.6195322359763,1.075042960712152
2020-03-20,2155.137914913511,6432.463768115943,948.0037400654512,17927.985039738196,5650.751143043763,4048.8,8181.254150460109,6443.3,15731.85,555.13,8928.95,1312.0353301288126,12383.792167506788,469.9472759226714,88.79235872313821,139.66864953803315,2750.929740227625,379.10992522317747,2611.615246977173,1.1472785876492566
2020-03-23,2086.5429450713423,6398.088221579782,934.8316702415368,17338.366128881844,5379.028436018958,3914.31,7719.9791883454745,6230.2,15559.8,513.07,8741.15,1212.1783321443543,11523.333212485952,442.08799691238903,76.26991495375236,141.61066621944573,2599.9424794933407,366.53408455889604,2470.7193130248106,1.1070321776078498
2020-03-24,2268.3566595606635,6875.391602558161,1016.3685234961536,19190.75910649736,5935.382267996295,4242.7,8251.436130007558,6717.3,16948.6,552.45,9700.57,1289.6401841612378,12673.908539023592,495.061688831918,77.24615121092852,150.76958333333332,2706.4438314286053,374.38814744826317,2615.180164011376,1.1753750684431465
2020-03-25,2274.9126998713473,6785.7930527476565,1020.3730931814003,19482.218342216504,6210.503330057866,4432.3,8480.339622641508,6942.4,17243.68,552.45,9874.26,1363.6388055348768,13677.148357312946,519.6516446516446,80.90358377969775,161.5223732595133,2801.2894852774834,376.4980916646754,2736.9613668099555,1.2552444205550362
2020-03-26,2384.4696282864916,7069.392565729828,1070.099728014506,20446.210335448774,6434.753263996458,4543.58,8653.610379842044,7033.2,17369.38,573.35,10000.96,1410.9861215334952,14024.741467992566,527.92833581269,84.66811092610264,154.40602250165452,2732.5622078294396,371.37565527229845,2811.5915651719683,1.2589799681940017
2020-03-27,2280.981870400287,6733.4230838269605,1015.9666128163705,19419.1168551427,6160.923524150269,4351.49,8511.229895931885,6777.9,16822.59,550.85,9632.52,1299.5435380568224,12920.886159477031,495.7113507960965,83.28249311307188,161.26948348997755,2739.9217141223758,367.4360660713834,2679.799667957942,1.26702416428171
2020-03-30,2377.4891383055756,7036.703475742215,1048.4431571325126,20209.52208544533,6253.149761168867,4378.51,8666.531267712073,6659.9,16872.41,558.7,9815.97,1299.3712101639792,13005.209785335936,510.17344363880284,81.01019759612933,160.19616401561254,2709.8102264887807,366.9844871320952,2893.4234259388522,1.274338384812907
2020-03-31,2343.02420451455,6980.418819689966,1045.32680627323,19868.69730758771,6385.904075658636,4396.12,8776.550424128181,6785.4,17050.94,558.3,9935.84,1320.6676695545557,12716.669133845926,528.5691261322245,84.18574566773871,159.46227767006658,2775.345397250932,368.9185556849744,2823.9749687108892,1.3010343677010343
2020-04-01,2253.283473184969,6713.40751550529,977.7362276541407,19102.070412258297,6157.78956875141,4207.24,8668.790772430746,6579.4,16544.97,536.45,9544.75,1267.720093690914,12329.489128451925,506.36205899363796,80.72104499016717,153.74817021276596,2725.6111311164764,368.1253251633042,2911.8203715496,1.252859978145976
2020-04-02,2327.22416651317,6895.662184564377,1000.0092097992263,19721.35752440597,6255.24483506449,4220.96,8775.163274964505,6574.1,16834.03,541.44,9570.82,1276.9865346745437,12656.169698455933,521.6663409549866,81.51336391378982,152.0692980584596,2764.672141368438,378.85424182738876,2876.6853634714666,1.2891908456283538
2020-04-03,2302.3868998057173,6821.241557960959,973.3092793042835,19476.861874363956,6143.5053885422585,4154.58,8753.139501846765,6581.6,16384.35,540.74,9525.77,1223.3840065098386,12023.02332416965,516.040777774159,80.55555476042977,151.99752644148757,2775.5877012757414,377.8257495222753,2811.0523104232543,1.285081218765594
2020-04-06,2467.9699805429445,7331.826183637543,1055.1097933846013,21013.610673584735,6326.012805258089,4346.14,8967.342683851402,6844.3,17039.31,586.46,10075.17,1293.2740014068136,12980.347144947471,545.9422193040053,80.956876839786,157.57316142166428,2840.9057741306506,378.3859337443829,2981.6710845411994,1.3470655009359425
2020-04-07,2441.8418877972636,7241.997979983473,1045.9737397851438,20800.53254981177,6459.208514974806,4438.27,8999.810821036703,7002.0,17411.72,607.73,10356.7,1303.9793939416827,13423.704797566936,544.9284870751869,86.77553737517619,160.01840827527974,2875.2307281941853,385.23639491242704,2975.3022149209764,1.370324170787057
2020-04-08,2532.676367655185,7451.556456069257,1097.4949346104256,21581.84748572481,6476.990645676477,4442.75,8941.501564129301,6951.8,17380.82,609.09,10332.89,1325.8202529460837,14131.716303898485,556.4763093908128,86.84641251576187,163.78842247799594,2846.313327119117,384.5651536381114,2988.005279467463,1.3566607860065314
2020-04-09,2552.6763656327207,7460.499588251441,1140.7539573611493,21703.14758898344,6659.81990197196,4506.85,8960.877808323065,7070.6,17621.62,607.29,10564.74,1341.9356792253307,13917.254599853091,562.7185228835199,89.240968783739,163.18658793757908,2865.452894598754,384.73800105228287,3124.9752022970506,1.3864990372635633
2020-04-10,2551.042428675933,7455.724213606438,1140.0237746891003,21689.25566934894,6654.131313706509,4506.85,8960.877808323065,7070.6,17621.62,607.29,10564.74,1352.551995602065,13909.529437043404,563.1979030144167,89.67926886112872,164.41249631097432,2865.452894598754,380.89829230889194,3127.1519373095343,1.3994539670123873
2020-04-13,2530.1236830050393,7505.652771415484,1110.4351809436555,21429.931287219424,6697.99380946922,4506.85,8960.877808323065,7070.6,17621.62,607.29,10564.74,1342.0052340796744,13889.202878762519,562.2837940236551,88.43834994121251,161.89925611052072,2875.4554221714716,378.92118015408,3150.2841939067894,1.3771317800221758
2020-04-14,2591.8040251343227,7754.976778071213,1126.7917311720241,21810.181222110914,6657.826061964706,4523.91,9051.63218827102,7108.6,17558.43,628.19,10696.56,1352.7839097375522,14094.579508478613,567.0514922925549,88.17739715492743,166.81228234094962,2873.7555789461308,382.8217054263566,3219.583479995307,1.3958914303324588
2020-04-15,2551.434595288294,7693.81244843707,1085.3240443670363,21545.833715280958,6422.269389628269,4353.72,8854.455633669011,6839.5,16719.07,607.57,10279.76,1293.1694171707081,13794.62259280971,550.1022893326839,87.931926533599,166.73139738177477,2856.777430060519,382.1195574635867,3166.5309314179794,1.3958914303324588
2020-04-16,2583.3256436283104,7873.359785918612,1087.099750853557,21719.737934852816,6469.459770114942,4350.16,8980.981828560556,6763.4,16768.14,606.75,10301.54,1296.6341417512756,13719.443195542744,552.267365661861,89.05421464103604,164.88759723053255,2854.7161509739103,385.20280485897507,3163.172925305146,1.400093486832681
2020-04-17,2642.544585401728,7951.958080529507,1129.8952013237724,22285.797021511306,6652.8251997470825,4499.01,9138.539785150679,6875.8,17055.47,606.75,10625.78,1347.6054017321042,13869.994117698703,572.6812926957435,91.44109918580386,170.17841258980496,2888.8309595468877,386.79148382902645,3211.036016267299,1.4362565641410352
2020-04-20,2598.876921660683,7880.63150142686,1116.956641811654,21771.55481911074,6655.023183925811,4528.3,9306.010461245838,6831.5,17064.14,606.75,10675.9,1319.8350065557138,13671.620732636246,567.2705981849526,91.5398738252204,168.2343582944874,2884.908490493327,389.07079646017695,3122.4709073409745,1.432378595358102
2020-04-21,2520.3168170933873,7610.26892613741,1091.4440965186957,21199.926321606188,6387.397384362793,4357.46,9075.903041825095,6634.9,16450.85,591.02,10249.85,1279.6082525215722,13679.672613892259,547.4124242522441,88.48884022022125,164.76482652538027,2826.6261961473806,384.76072982273877,3020.3627002950197,1.4194069755147047
2020-04-22,2586.4455326619236,7849.3763281899655,1110.1543010255937,21690.677261387784,6576.216524216525,4411.8,9157.136065417893,6719.8,16765.28,595.41,10415.03,1290.985693624938,13658.537947845518,564.938835426521,91.09954935965439,164.11928651059085,2847.3797422345633,388.7624475848261,3050.834988897978,1.4189234695022939
2020-04-23,2595.843384672481,7881.564297643347,1126.424197439228,21817.82334384858,6679.977070793923,4451.0,9142.743161094226,6746.5,17011.11,610.48,10513.79,1280.489150251026,13355.008548727748,568.300642821823,93.21924691811874,167.5457250032337,2857.1639656816014,390.58885314777126,3083.3936170212764,1.4325270647384056
2020-04-24,2621.5137233157743,7979.410405692634,1139.4972738194251,21971.41668976989,6574.728540404617,4393.32,9141.168091168092,6613.9,16858.89,606.41,10336.09,1279.2071810841899,12449.183199609986,572.0631592740615,90.79473604387994,165.54509905032012,2843.647493302946,384.06717075175663,3094.1670847227547,1.422479423480952
2020-04-27,2657.876269621422,8061.089566020314,1183.6380424746078,22284.192059095105,6710.421209686676,4505.26,9229.944197484157,6731.8,17380.21,626.16,10659.99,1307.5414149066366,12776.678560638846,582.0808107396683,92.10656227595891,170.3467516252637,2889.9767898589535,384.4944069110644,3176.6695519804202,1.4382409921534305
2020-04-28,2646.3863216266172,7955.388170055452,1199.7042513863214,22274.999999999996,6842.165700177986,4569.79,9362.35917826375,6836.4,17677.15,634.96,10795.63,1363.0801186153426,13660.758536687805,590.4840520372449,93.22275566196,170.97189553787615,2927.452054794521,384.4780094254644,3187.3193557095296,1.4518996178994228
2020-04-29,2702.9977011494257,8197.434482758621,1251.273563218391,22651.825287356325,7009.284199667603,4671.11,9336.854060193073,7055.7,18067.29,641.94,11107.74,1428.029908380892,14332.505018998958,609.618441971383,95.02139129891684,170.36785868160274,2929.558193306031,384.37500000000006,3251.483345892992,1.4683051869722556
2020-04-30,2658.054211919321,8113.124030300264,1196.185087158894,22219.330108606373,6783.0,4572.18,9113.571834185122,6922.3,17690.49,628.25,10861.64,1376.8249387660182,13389.305969032215,583.5656783820931,97.40332833016204,171.94899523160763,2902.26765514683,387.3792492940728,3281.574709570075,1.4683051869722556
2020-05-01,2576.886663632226,7833.363677742376,1147.4556213017752,21596.44970414201,6563.102152374446,4572.18,9113.571834185122,6922.3,17690.49,628.25,10861.64,1351.4230289645357,13363.635307299663,570.62968709594,96.2963644186646,167.1083003279247,2887.6105105896827,386.53255963894264,3066.5213070672826,1.4683051869722556
2020-05-04,2606.105610561056,7985.616061606161,1158.7550421708838,21772.790612394572,6563.746292493725,4378.23,8916.78852910455,6673.3,17035.61,602.36,10466.8,1385.247309616443,13038.474254070583,581.2939338713877,92.07458292101025,168.49321538990037,2789.745407289267,389.1191608954429,3134.457341503653,1.419115004492363
2020-05-05,2646.162361623616,8126.49446494465,1174.8247232472324,22032.370848708484,6712.284124160882,4483.13,9024.829222011385,6747.7,17387.38,610.39,10729.46,1407.7225465526883,13143.373384382572,589.2721061621337,91.66665049747395,169.8350934903047,2839.782988899597,391.686865849117,3209.438789137854,1.419115004492363
2020-05-06,2638.6475220009265,8202.306623436776,1169.9953682260307,21921.852709587773,6693.071118225474,4433.38,9090.796846804067,6671.7,17159.31,600.67,10606.2,1405.1728133621766,12814.420006807242,588.5592665356909,92.20945721153453,171.20598629957678,2883.7571608633057,393.32151146113125,3192.8619289039107,1.4493781702047719
2020-05-07,2659.396344840318,8288.406867269707,1184.1702049104672,22037.92689680635,6773.913043478261,4501.44,9126.950085405198,6730.9,17245.04,602.47,10759.27,1411.4175780755497,12362.879027663479,592.8984310487201,91.58897758978918,170.86209292227528,2870.608162703424,392.1213779445487,3215.368339027753,1.4602495570664928
2020-05-08,2702.642867026429,8414.113740141138,1226.5485909321528,22444.83188044832,6794.848901098901,4549.64,9171.90168912507,6783.1,17439.3,604.05,10904.48,1466.7329399817165,12914.981294500985,599.8012916045703,92.22834892872643,174.51431289457753,2874.892622386749,395.7072534637326,3247.4561773387145,1.4635397471286846
2020-05-11,2711.250925240563,8505.125832716507,1222.4648408586233,22411.158401184308,6779.739755735646,4490.22,9211.626580473428,6672.2,17381.36,596.34,10824.99,1454.7121337695833,12571.392455380214,605.5276713776251,92.12842244641249,175.21512352309344,2932.3599349213637,395.43321864247736,3279.014710297208,1.4673793547897949
2020-05-12,2645.759587020649,8298.810840707965,1175.8296460176991,21907.06120943953,6775.665442215315,4472.5,9256.804564907276,6762.7,17559.32,596.65,10819.5,1415.5181110752158,12195.12019418996,591.9596673868919,92.36372770882748,175.2256732341048,2876.562221932208,394.48164561492564,3222.4972415232755,1.4601938649933908
2020-05-13,2606.886988675757,8193.362606886989,1140.0508435405593,21491.07464756182,6675.391486234384,4344.95,9155.532319391636,6631.4,17183.44,590.84,10542.66,1389.9155042534298,12212.490087543676,578.2731265980462,94.04350313180461,175.04793574019692,2878.2987537049603,395.97497393117834,3235.4087599952263,1.4580963187279736
2020-05-14,2639.9814900509023,8277.390097177233,1145.349375289218,21865.19204072189,6497.527301533411,4273.13,8992.233748929284,6545.6,16867.76,588.12,10337.02,1399.3990524413978,12579.53637217596,580.4947136128586,92.12129147074012,171.84209163862283,2843.067635443884,392.4312480028173,3186.8303331140482,1.451102483886774
2020-05-15,2647.651627218935,8334.467455621303,1162.1579142011835,21898.50221893491,6491.432089092843,4277.63,9011.783711869239,6474.9,16852.35,593.26,10465.17,1378.6394528918818,12242.561957379638,581.1027749565902,91.49302453245231,173.07998617949383,2837.7448262292737,391.42116979314477,3205.5994780700457,1.4527747207188195
2020-05-18,2706.656892839144,8461.840839327439,1222.055252668713,22538.47986438814,6758.956307967371,4498.34,9253.130046546976,6779.3,17401.45,609.52,11058.87,1431.418537781969,13009.719518350277,583.1278561330835,87.69875807955184,171.9068476775956,2843.8589403894825,388.4666941637451,3264.092294817383,1.4560248344495306
2020-05-19,2675.94983063261,8408.95358418017,1197.2168818090267,22161.365925112146,6733.108979752089,4458.16,9180.359157578036,6609.1,17034.54,601.16,11075.29,1386.3856631289943,12842.751709877526,590.3020354563362,88.16121905187363,173.67998300042498,2874.179311157597,391.79057321555223,3327.149226487926,1.4732187353560295
2020-05-20,2706.6308406958738,8539.739502686947,1226.8239366062483,22384.46124419346,6764.212051953843,4496.98,9237.522407774319,6683.6,17213.11,610.52,11223.71,1414.4451969415902,13009.54925408951,593.6513136342791,89.53208844311693,174.46124523506992,2864.0623991266943,388.1213926643083,3349.2592926470143,1.487214369538731
2020-05-21,2692.580247477284,8478.9552988448,1230.5922104013514,22349.764850920048,6714.5727521348435,4445.45,9216.652546361669,6686.1,17087.06,608.34,11065.93,1420.2608095872747,13655.317259300682,587.9130946927557,90.21626870579794,174.39380568519306,2861.5407279948618,385.8116433081781,3327.576738609113,1.4822168982116763
2020-05-22,2710.9246009906437,8553.100348559898,1243.3773619519354,22440.983305815447,6693.037020492489,4444.56,9120.76626188459,6697.5,17316.29,609.2,11073.87,1444.0439535606338,13623.77975993103,590.1051734871073,89.5644710207125,173.77506925207754,2714.7665587317747,379.43753296710366,3295.8599394429953,1.4620088308411563
2020-05-25,2711.4220183486236,8554.669724770642,1243.6055045871558,22445.10091743119,6702.393200626258,4539.91,9248.366751388498,6856.8,17595.9,624.32,11391.28,1457.8694862170175,14428.994930013982,597.461379513923,89.6552851123841,176.67504258943782,2717.254361093189,379.69045262305406,3371.923862135223,1.4796626137788296
2020-05-26,2724.372808814825,8505.413650229932,1268.560761280335,22761.10731685107,6814.645103324349,4606.24,9247.323864170821,7003.9,17860.46,635.47,11504.65,1485.2049112409532,14558.560307970089,605.141592043089,89.596975400546,180.11151566469093,2745.8869807720534,380.7831225351933,3501.226640821395,1.4997524770764217
2020-05-27,2758.8641526578826,8552.803271240346,1305.1885506587912,23215.147660154475,6840.625695836116,4688.74,9127.778299671207,7174.5,17910.25,660.3,11657.69,1502.918451613429,15151.782714688119,610.9349190617772,90.91027691694886,180.68438145851786,2739.2256555242725,376.8396238371651,3474.415666456096,1.494881400089787
2020-05-28,2735.0304671631684,8457.675468291582,1264.427894380501,22929.93906567366,6916.298726575099,4771.39,9300.131172116557,7224.1,18351.16,665.04,11781.13,1483.3230404186506,14519.459960423814,605.5096418732783,92.25667358271062,183.7614555821071,2698.8782266297217,376.8504424387502,3505.6481231838475,1.4927589556412444
2020-05-29,2742.868726912334,8550.202720965852,1256.0050454995944,22869.72700243265,6759.2880978865405,4695.44,9202.929888608069,7096.5,18197.56,652.58,11586.85,1467.684731665993,14755.097872053077,600.0654257581209,93.21925994234846,182.82613963982783,2663.187501449813,377.42894472742427,3457.2915665545406,1.4786859686573364
2020-06-01,2744.256847777279,8578.401436910643,1262.1194431971262,22878.329591378537,6918.844319775596,4762.78,9190.885294942505,7221.4,18523.71,658.35,11586.85,1507.3460029551127,14834.303649146303,608.5751149634433,95.39241640340165,184.16018363939898,2749.014838238871,385.0342707388368,3552.624542124542,1.5012321985475323
2020-06-02,2757.873064184048,8601.172679258796,1269.5461462715962,23044.17688658133,6988.528734340768,4858.97,9262.332464631423,7408.1,18971.09,670.97,12021.28,1539.1781148371165,15668.475941350587,617.0198675496689,96.99654977919862,183.90123558484348,2768.528047626739,386.0040337829321,3601.5813350615686,1.527219644973878
2020-06-03,2779.837991810575,8619.289656400213,1292.5850097917037,23384.27096314759,7143.9556749496305,5022.38,9435.532289446865,7626.4,19641.81,674.07,12487.36,1565.623620038271,16348.860879654047,621.1873350923482,96.93913757256625,184.84355076017653,2797.5274282954206,383.335835272336,3660.1995934208094,1.5701560648832071
2020-06-04,2745.0608572940555,8481.046039865938,1280.7020638560593,23180.29634856236,7044.870299394545,5011.98,9280.353688864327,7566.8,19634.03,669.79,12430.56,1522.7027016160644,16163.27680209473,611.9887625767673,95.67950873178053,183.42215218006226,2771.4960047772056,379.5735337898183,3669.198407838335,1.5738575671997774
2020-06-05,2829.9929115718587,8695.800106326422,1335.4155590997698,24021.779195463405,7276.736617663562,5197.79,9358.407567269722,7872.6,20187.51,683.46,12847.68,1598.473269911105,16908.533142755048,631.4327195934798,97.32223744789569,184.85450943930144,2825.076271234767,384.35206906258793,3704.1582018586555,1.58032086336146
2020-06-08,2862.0417921020007,8787.621746059855,1360.8110501151054,24413.352222418984,7291.4160189253125,5175.52,9397.232506479082,7896.1,20231.38,683.46,12819.59,1645.2948055905583,17924.185658036033,636.2000529240539,97.74856516349725,189.27078229626,2828.9473984677393,385.5608143640598,3728.6791397314764,1.5928027126554125
2020-06-09,2827.702345265385,8776.009522130134,1328.7339093634278,24045.406453888198,7111.99416287815,5095.11,9452.269141531324,7752.3,19930.2,678.68,12617.99,1576.836962995155,17410.010887267297,627.2595806218364,96.19703903783297,189.0305759076583,2847.492258302793,386.1351344615308,3772.074521960652,1.6094053290982884
2020-06-10,2805.505232609269,8812.19769589306,1290.4669773986457,23735.81039486413,7095.039515722213,5053.42,9453.30724799702,7663.9,19758.01,662.67,12530.16,1538.4320662552518,16737.994855885237,620.2924206661422,96.4298157366659,189.8756055505378,2847.2396821968878,384.30813301781046,3783.862391531786,1.6165580710473035
2020-06-11,2656.9607929905305,8401.389503495886,1200.3009115850962,22239.28666253651,6777.870726674474,4815.6,9195.041631583872,7278.0,18806.86,644.9,11970.29,1431.8485700899878,16839.203620875163,590.1730912869808,94.79241898089359,186.1264701010436,2775.3698769911007,383.53324355641854,3616.211854638112,1.601268197232623
2020-06-12,2701.945628997868,8518.84328358209,1232.8358208955224,22748.347547974416,6802.428969359332,4839.26,9154.63040837305,7292.7,18888.16,646.8,11949.28,1506.082208645358,16321.24420680497,601.6806722689075,95.75023352290862,184.5868917576961,2788.0864831376234,383.8444268854022,3566.0584809586244,1.5827525033216798
2020-06-15,2708.044860473331,8588.855528081951,1253.6294595549275,22750.9360649947,6750.932264707519,4815.72,9195.216741405082,7259.3,18969.29,647.98,11911.35,1486.841577174874,15822.19291409388,602.6031498112717,93.98676484506126,177.18029953917053,2721.035224645808,377.27088743173476,3495.035898689316,1.49641888705494
2020-06-16,2774.094460227272,8785.395951704546,1289.2933238636363,23339.82599431818,6970.511389012952,4952.46,9374.336696562033,7495.3,19625.63,676.91,12315.66,1507.0392567817476,15833.019882011393,613.5291033036182,94.91779992548436,186.78420181968568,2795.2154043999453,384.97550831214056,3635.880319393031,1.5591523310167799
2020-06-17,2768.900351282849,8813.668904797902,1268.6468940370848,23228.787407176842,6982.970407593523,4995.97,9548.142255498362,7478.7,19585.89,672.5,12382.14,1510.3953857448146,16250.786199624119,610.2464927232201,94.89442670205895,186.63364361702125,2814.747831285822,386.2400923770137,3668.524459682851,1.5755410506795788
2020-06-18,2780.6846074887317,8874.949792475565,1273.7805150176284,23278.52903110635,6902.595098147943,4958.75,9547.755178554691,7390.2,19485.76,662.39,12281.53,1476.3032877883827,15947.78100373289,613.5450846567791,96.7775716620849,186.5364429054195,2813.6144079492133,387.8943922644978,3630.7758172532954,1.5619705832826947
2020-06-19,2771.5308222242106,8898.738480808806,1269.240404401897,23147.051981748235,6957.762052189297,4979.45,9646.955459500094,7414.2,19618.93,668.34,12330.76,1517.6636330225922,16265.05372722067,613.8033077960082,98.59003968708915,188.16213953877704,2843.301585836501,393.50765999974703,3633.4931213696123,1.5751138311253652
2020-06-22,2768.969804618118,8931.145648312611,1273.1172291296627,23112.753108348137,6911.588267847261,4948.7,9517.279204950308,7345.7,19478.73,670.36,12262.97,1504.712444017649,16115.885828269082,614.2453697622487,99.44336610828115,186.43348566680515,2811.6589716383237,390.5101143359719,3646.3732556356385,1.5696698624980625
2020-06-23,2769.092677750265,8959.471170852494,1272.851078882207,23130.615493455956,6997.863034933289,5017.68,9589.667758540008,7438.4,19841.58,676.04,12523.76,1507.8565594952988,16466.109648031706,611.9912529782304,100.97527234366886,187.19118379545077,2835.6803342612043,390.075542136978,3648.751761750107,1.5582657015427357
2020-06-24,2710.922502666193,8806.585495911839,1235.10487024529,22614.592961251332,6759.039735099336,4871.36,9381.250585041655,7195.5,19162.98,665.01,12093.94,1478.676272687202,15685.252495034863,600.651614374613,99.79357485652694,187.09996678844237,2835.8266342440284,392.1484178804621,3641.951710875736,1.579266154250811
2020-06-25,2748.9392048493496,8929.399179889464,1259.8591549295775,22950.25851310394,6804.826479216251,4918.58,9482.03176393196,7270.3,19234.75,650.6,12177.87,1484.3516622707898,15974.413127959324,609.4462966594757,100.24234423989283,185.11259875259876,2851.4072028535265,393.3337531486146,3571.2218777815287,1.5606031502112947
2020-06-26,2682.1017916035303,8697.04964791871,1228.9687137891078,22297.486406988148,6772.182517866961,4909.64,9442.322519981195,7178.4,19124.36,641.95,12089.39,1447.1179960218892,15246.610176376444,596.1651149163357,100.88630249261423,187.14061266054284,2827.7046055321675,393.2817448574182,3611.7342631675538,1.5783928069682494
2020-06-29,2715.9224337306528,8783.268101761252,1264.1967621419676,22768.0128091087,6811.191947924074,4945.46,9416.379633096218,7278.1,19447.02,635.86,12232.12,1456.1952276486397,15759.299406569711,604.7541517421035,99.99077522442708,181.88241131232945,2788.0590165439066,389.94793073342925,3550.9281875915976,1.556062644476984
2020-06-30,2759.9839757856316,8954.660375678804,1283.1567702305706,22979.50681029111,6811.371163612276,4935.99,9437.523487410746,7231.4,19375.52,638.9,12310.93,1459.9305577060045,15478.25117036434,612.5967213114754,99.86837273526254,183.8348729792148,2806.126399347497,394.1776442201685,3624.4572130895685,1.5615061583925225
2020-07-01,2769.1610380376824,9024.733380732314,1268.4944898684678,22871.462851048705,6827.006651884701,4926.94,9479.208944006012,7227.4,19330.88,641.43,12260.57,1474.513147038707,16075.258791387825,611.1340071304746,100.71359906803673,182.930042173158,2798.651497445063,398.6426192421291,3647.111821282611,1.5642843883423054
2020-07-02,2784.7064056939503,9081.521352313166,1273.8967971530246,22978.078291814945,6922.1963394342765,5049.38,9592.806026365348,7498.6,19886.88,662.0,12608.46,1500.0486899243524,15975.255644090304,617.1799665453115,102.92731405991502,183.29713623572255,2887.074681406065,407.86266461863875,3715.9746219470876,1.5790886502795278
2020-07-03,2782.478442528225,9074.255489376834,1272.8775891190328,22959.69419503956,6833.8512763596,5007.14,9531.09939759036,7403.5,19726.65,658.55,12528.18,1506.621990726037,16181.418060200669,616.4320635233126,103.57853009530366,184.44253348767984,2912.099162171468,415.74295976198107,3738.520118489262,1.5944722650231125
2020-07-06,2811.6721195508,9225.97046600053,1275.8687770802017,23244.34521177823,6943.488346404506,5081.51,9639.353201090531,7556.2,20031.86,655.79,12733.45,1499.7889949588402,16334.220453851296,615.4207896541589,104.44559290649647,187.0732992917147,3002.91408245166,440.1184251968504,3707.9107330004313,1.6206528743805693
2020-07-07,2790.3832505322925,9176.623491838183,1256.210078069553,22968.57700496806,6887.6154445309885,5043.73,9606.587615283266,7447.4,20012.68,644.12,12616.8,1468.4636924085978,16122.743277452977,611.529933481153,104.95360425260908,186.5975494038533,2969.8857237590537,443.51549110502583,3705.832177744908,1.5983530280649927
2020-07-08,2797.8287731685787,9260.81200353045,1259.8411297440423,23007.30803177405,6852.741136528079,4981.13,9576.975912683478,7326.4,19899.53,641.07,12494.81,1458.4633869422673,16478.63242216533,613.4887974394147,103.45920433215855,184.642254680107,2976.3784550368214,449.52023336252466,3648.8758089368257,1.6051868484839473
2020-07-09,2793.6275813170255,9348.355933705574,1239.8475582735086,22783.02756359124,6757.464395420273,4921.01,9555.704192180874,7236.9,19505.95,636.84,12489.46,1440.039057531587,16445.859524006966,610.2791547091051,104.384113300473,186.21556391288178,2994.5741526755064,458.243484650762,3675.1002776920704,1.5996192612487643
2020-07-10,2818.619469026549,9395.964601769912,1259.0088495575224,23075.48672566372,6808.231877582933,4970.48,9620.963039593717,7321.1,19767.6,632.97,12633.71,1437.812675461009,16627.211755026055,615.4422056573679,103.72969898152006,184.52657284768213,2932.7173968800403,448.21349578493704,3640.2318501891086,1.594868828018958
2020-07-13,2781.8903191676945,9161.38247222712,1237.497795803209,22999.294657026974,6836.9845574804895,5056.23,9626.165778899167,7426.9,20003.25,630.72,12799.97,1409.4062694261386,16100.530990774952,610.0408110384143,103.55960591032702,187.2205423171734,2924.777992770934,454.71668399004693,3657.753029005017,1.606853564235626
2020-07-14,2805.33426917003,9202.123179505177,1253.0794876294087,23374.793823477805,6805.14260543993,5007.46,9586.52588301252,7352.0,19879.75,629.24,12697.36,1414.4699095606225,16414.764091585086,617.5871624669717,101.14625012906107,184.77593259162302,2884.07176816844,448.1185404055264,3635.702833363931,1.6033320606203008
2020-07-15,2827.4635236384347,9245.48919949174,1295.4212855452831,23546.510099461066,6938.25458955841,5108.98,9706.765033407573,7487.6,20281.38,637.29,12930.98,1436.1258239806582,16606.13080574906,626.6281785158276,101.36430810994804,188.054747367127,2878.5915206561153,441.7681760903773,3717.197162772132,1.5999011814628052
2020-07-16,2824.6398453970482,9200.48313422347,1289.142656359803,23484.46064652143,6891.229810925527,5085.28,9673.122566289634,7474.7,20356.09,637.55,12874.97,1428.5019788688228,16567.801357674816,624.4911167923368,102.43161979393702,186.46652745362977,2817.3288579245755,422.8852594999152,3680.780135329598,1.593217865845651
2020-07-17,2821.7798389919494,9190.750787539377,1289.2194609730486,23339.123206160308,6917.3585528124495,5069.42,9697.736376339079,7440.4,20419.39,641.48,12919.61,1409.8427076177945,16714.585093248425,625.1659470258427,103.9257071274391,185.6026495481866,2832.9178099206215,421.5941983643793,3694.456724734409,1.6056180840743146
2020-07-20,2841.027433164424,9406.858291106062,1282.5004368338284,23310.204438231696,6926.460176991151,5093.18,9741.296864824635,7478.0,20621.48,653.15,13046.92,1410.8128283923652,17121.608106114014,628.0919184095017,105.01660552941046,185.0485073107156,2825.552667632649,434.5636849249092,3677.677553771677,1.5938918456429367
2020-07-21,2825.677727174149,9265.113858165258,1290.401214487096,23283.79960962915,6924.81776010603,5104.28,9710.878661087867,7494.5,20723.42,638.27,13171.83,1432.3724030687422,17498.1211836543,626.2085857934769,105.56295882877582,185.88433108602064,2879.068748841832,432.5719540686982,3806.0593508500774,1.617156663570931
2020-07-22,2831.4779602420053,9253.353500432151,1287.9343128781331,23341.261884183234,6831.499009465112,5037.12,9690.902339398443,7390.1,20598.78,647.76,13104.25,1446.9652913957823,17612.47012927795,625.4718804354828,104.7984813452888,183.51772534785243,2788.367124385196,431.35598975213753,3749.252939179807,1.6127622314366554
2020-07-23,2790.3242497412903,9021.576405657124,1285.098309761987,22984.07209382546,6825.008240852652,5033.76,9673.35569219303,7384.9,20454.46,640.35,13103.39,1433.9568433512484,16925.32843575234,618.3531076171184,105.05446607323015,183.59917688831504,2810.8883956139325,429.11757101170906,3730.4890738813733,1.6047138047138048
2020-07-24,2758.7765957446813,8890.854495538779,1259.0511324639672,22709.239876458476,6721.347821314894,4956.43,9518.413940918832,7294.7,20075.27,634.32,12838.06,1438.543337331698,16783.5937115785,614.0846872201612,104.26812626473442,183.91083986743192,2741.594442533264,409.6662774561526,3671.715478621278,1.5830275823369448
2020-07-27,2756.5927753903757,8965.89371569587,1263.3706335361446,22622.44819810237,6692.11290764593,4939.62,9480.701430549147,7170.6,20019.96,626.08,12838.66,1465.0194994916974,17277.652370203163,617.3408931642989,102.67092993703614,183.44383428894452,2695.1548413246132,408.6136855676373,3677.414821124361,1.5851481256477147
2020-07-28,2747.0467736428814,8878.53362922499,1254.4895868897233,22515.611130078523,6765.187637969094,4928.94,9553.964860091102,7246.4,19902.63,633.62,12835.28,1469.2166762614552,17242.45811906359,616.0053585098238,104.16430841107017,184.0118573865021,2725.2761276127612,412.4979426126077,3678.2135874877813,1.6045028649424875
2020-07-29,2763.2632293080055,8940.756445047491,1272.5831071913162,22506.41960651289,6757.546701934205,4958.74,9541.014210086376,7206.2,19880.57,632.37,12822.26,1455.6780599624124,17323.97184993192,621.0830737939364,102.92182436656068,181.03063368897512,2726.8298028557965,418.24138557500146,3661.3215483084423,1.6157119195842138
2020-07-30,2740.1198615683293,8937.12332236009,1262.0072592217437,22211.226470836496,6620.968276776832,4852.94,9387.520922447462,6996.6,19228.47,618.86,12379.65,1423.148673298895,17193.96459974129,615.1538969409249,101.8158940860514,180.0389264990329,2703.3586049208484,414.9036232364046,3674.4607724070925,1.6092008688368662
2020-07-31,2777.7853260869565,9124.71976902174,1257.1586277173915,22442.527173913044,6551.610753165963,4783.69,9292.254829123329,6877.4,19091.93,617.61,12313.36,1410.687862987567,16723.781820545533,613.0240799924057,102.41893002291201,174.09783480352846,2683.734150972219,422.27469404397493,3594.785324439054,1.5939300316749454
2020-08-03,2800.824619569838,9268.72396497492,1280.9657400323047,22668.026863895266,6705.401800600201,4875.93,9458.779472954231,6975.0,19379.79,615.07,12646.98,1409.9438451607477,16427.157634090818,614.9504824784154,100.99545833361107,178.08304248405344,2688.4599530637706,429.8989849786583,3588.9668120155034,1.6051683935052803
2020-08-04,2801.652262328419,9270.606676834435,1285.5532960515168,22732.13014743264,6684.015281545872,4889.52,9427.627794786158,7021.6,19613.95,628.5,12600.87,1400.400157581203,16204.136849014616,623.969465648855,102.44044338257228,180.90042873742837,2738.1983623471565,429.3774602711765,3663.1488896978517,1.6242920344525422
2020-08-05,2805.1673269830567,9271.179296973785,1303.4139762286102,22929.71423754531,6748.902769332818,4933.34,9371.665893271462,7039.7,19740.2,637.75,12660.25,1428.0236082670378,16376.493452703347,628.2137637415009,102.42890849830778,179.75210570436312,2725.781546914532,430.22013744159347,3638.2546226129134,1.6418410754994355
2020-08-06,2819.989054014229,9352.982781122382,1300.5683492611456,23059.80718225066,6672.874224977856,4885.13,9327.462244047068,6957.9,19475.15,640.6,12591.68,1428.4236393388514,16440.581357711835,628.2541289628551,103.07574358175732,178.83730206214352,2716.193277768699,429.82332925662666,3681.125258925307,1.6578863560767443
2020-08-07,2842.9589412962337,9340.838140481845,1331.167288768239,23272.378690193415,6679.415347137637,4889.52,9355.166325961716,6950.5,19516.43,632.63,12674.88,1441.9685935366408,16031.008961090616,628.1730312153384,104.01070049467887,178.83265927201379,2685.0128605045693,428.00374974129215,3646.3450327908677,1.6715379311815421
2020-08-10,2862.898279093542,9344.317600954166,1350.0340773555972,23676.469585960127,6738.225959129128,4909.51,9377.297648917387,7053.9,19651.57,617.33,12687.53,1451.632177075214,16076.54052373922,634.9540581929556,105.45832194339916,179.53720603015077,2673.1689932341296,433.4477505093707,3721.8730584150576,1.7078630778149133
2020-08-11,2839.5996592844976,9184.684838160136,1341.6524701873934,23583.39863713799,6840.815872839437,5027.99,9421.211840029691,7263.5,20209.11,626.39,12946.89,1471.753136501758,16175.79355655822,634.6428457080652,106.05694633616685,181.9728043513038,2729.7201263379543,429.3441406752954,3735.024185452222,1.7361409200864242
2020-08-12,2868.593007467753,9345.078071961983,1343.5590631364564,23741.378139850647,6946.2670058621825,5073.31,9564.213268819205,7296.0,20437.36,634.97,13058.63,1466.6712222418366,15940.712758152386,637.7602665129092,105.34338098246998,181.3228558955431,2759.090213565917,425.6070559164251,3727.4329827973984,1.7486215052372016
2020-08-13,2855.4511596411035,9346.961232436093,1337.2185542576603,23613.272388691385,6840.230012164105,5042.38,9525.680066846162,7250.5,20257.31,637.27,12993.71,1474.1824650882243,15837.277127047437,634.4302176696542,105.31209237472102,184.045992479715,2750.1166288803624,424.22211117746707,3686.3765659989103,1.743883070054945
2020-08-14,2848.0895081275066,9304.876504116528,1332.3875870804306,23585.408486383785,6729.697773357644,4962.93,9448.359207957608,7154.3,20028.11,634.37,12901.34,1496.2394144096559,15785.658661184312,630.3080448065174,103.878209540845,184.47748425680223,2746.8079536654263,427.8971443150548,3710.0372445117328,1.7213570713570712
2020-08-17,2849.1912384161747,9376.352148272956,1335.6950294860994,23458.22240943555,6764.298724954461,4971.94,9511.81995722124,7090.1,19950.32,637.12,12920.66,1491.8871727061758,15228.660550458715,636.2975712373302,104.46031257470685,183.55519351506,2755.8795548814633,438.0076311760274,3693.4099197665937,1.7213570713570712
2020-08-18,2841.153298130919,9396.395943340876,1315.706981812086,23282.264688626266,6742.809587217043,4938.06,9437.906070168927,7043.5,19845.61,643.98,12881.76,1478.4617508609815,15644.604537093806,634.2891696636008,105.44539921174307,183.28692402496722,2745.81833729319,438.03181022843546,3717.34587949613,1.6674761762742674
2020-08-19,2850.9820485744453,9416.22808870116,1328.042238648363,23394.19640971489,6763.658496099153,4977.23,9520.740603933882,7094.3,20055.4,646.27,12977.33,1489.0424157780358,15329.07246266672,635.4460318982325,106.23558292569054,183.97969987660713,2730.0130109508837,436.0543677943448,3742.1363346782755,1.668768645637451
2020-08-20,2854.320883567996,9497.470702301662,1318.8601298372819,23387.345080515977,6699.353832442069,4911.24,9498.53296193129,6993.3,19766.96,636.92,12830.0,1478.1230966041987,15394.333396548454,636.76301317304,105.29819215347635,182.32296107414638,2701.3669523337344,429.83578978166264,3711.115153720211,1.6233181295816468
2020-08-21,2879.6812749003984,9588.708993811986,1315.9955920996865,23675.790455200477,6659.5173370319,4896.33,9505.302325581395,6982.1,19695.43,633.27,12764.8,1470.0399693457728,15310.796748457931,637.4975876487616,106.61947850238698,183.64153513340278,2750.845062708801,434.0945007289076,3710.052816901408,1.6369686896238211
2020-08-24,2910.824567356634,9653.647777400745,1330.5649813369528,24014.642008822528,6765.368205241868,5007.89,9582.959933066839,7109.1,20113.36,632.56,13066.54,1466.8242917478258,15464.8858250754,640.3683855854699,108.63824688743382,183.97974946972425,2790.814364978811,435.03212043938794,3724.164287016222,1.6656276585857575
2020-08-25,2909.6915927334176,9688.61005492184,1327.5961132234897,23868.56780735108,6708.907040062232,5008.27,9514.786571189436,7108.4,20030.05,629.34,13061.62,1475.7617554858934,15662.44881056458,640.39257192341,108.2527440363022,185.01981495453282,2781.24536208477,432.1920571086311,3745.8722679879625,1.6865339803749708
2020-08-26,2940.4758885930432,9860.158066015807,1318.7861882422553,23948.193229364777,6750.334970969184,5048.43,9603.772706101538,7123.0,20137.29,635.84,13190.15,1454.3613845175953,15167.84866412933,649.2136493744572,108.95491608165304,185.74734827338705,2783.2655489985204,428.39010618056835,3739.429584568826,1.6877782605908207
2020-08-27,2947.5131111487062,9833.649128743024,1323.430891558112,24101.057350702085,6700.156337241764,5015.97,9547.324258810366,7090.7,19847.38,633.09,13096.36,1437.7332910701125,15280.84495706118,648.2003029033609,109.65748539410684,184.22654389585648,2766.8074814223023,430.840588246121,3761.8661344795823,1.6685170556041875
2020-08-28,2946.669466610668,9824.132717345654,1325.7790844183116,24068.76942461151,6688.240901699096,5002.94,9476.496363975386,7133.0,19841.01,634.47,13033.2,1458.9535472633895,15921.392887482561,642.7343850198795,110.76066143575498,182.44090093681487,2756.884604123063,436.4919922185653,3758.5402227722775,1.679414366848369
2020-08-31,2932.442508272944,9865.08608050936,1308.4907636241778,23817.743894776522,6680.37414584967,4947.22,9449.524519858287,6969.5,19633.69,633.98,12945.38,1410.0959183048565,15155.934995309963,636.0495729788737,107.17942656230109,183.04599928805914,2716.3225012946655,435.36787507722045,3744.9792992646603,1.648339734414195
2020-09-01,2960.5859637340495,10023.228676964405,1325.201477501679,24047.73337810611,6586.203022302118,4938.1,9386.319668355598,6956.9,19595.02,639.6,12974.25,1444.2426565627186,15893.408832817386,641.4714859437751,108.57933756707733,183.31540167960705,2716.2995119583675,439.4851051796846,3684.375406132995,1.663327575465821
2020-09-02,3020.531421341206,10169.91986503585,1343.137916490932,24547.02657106706,6690.635733994031,5031.74,9631.645334817289,6996.9,19858.21,644.2,13243.43,1438.7019996117258,16091.438045237439,648.0664769787894,109.58198557765152,184.66973825316757,2737.422015899221,440.18626453264255,3753.1408232745284,1.6746371833100782
2020-09-03,2915.539428716088,9668.874731024009,1303.4724273237418,23874.714147082403,6557.422247128047,5009.52,9496.97082326705,7006.0,19551.48,646.08,13057.77,1419.9413386862593,16059.92091332355,634.5676631308261,109.62970219753656,186.47115384615384,2725.7428116757133,437.2414898074885,3751.443476126182,1.7039813379229907
2020-09-04,2894.391891891892,9555.008445945945,1296.706081081081,23761.241554054057,6506.316616178616,4965.07,9403.621376308232,6989.7,19391.25,639.29,12842.66,1427.1981518100124,16131.966187847065,628.9409862570735,108.07083971835885,184.4922086182223,2700.815862287695,434.10753192566216,3644.667240743019,1.683035682559536
2020-09-07,2899.7799966153325,9572.795735319003,1299.1199864613302,23805.474699610764,6615.487465181059,5053.72,9515.616337091109,7080.7,19738.01,641.33,13100.28,1433.6228299978281,16164.41943080669,628.2502664814756,108.05455028234434,183.85913922841104,2682.7316466468105,427.47544070463186,3660.591748768473,1.6914040053631854
2020-09-08,2828.1470163823105,9207.783719548426,1277.1326712503183,23343.425855190562,6536.926807760141,4973.52,9476.231857261717,6955.0,19380.18,627.56,12968.33,1406.6637419203885,15844.171886011098,619.4316140620991,107.38175085134209,186.38688235765196,2694.202795481277,431.0763296767352,3680.1231240428788,1.7118716547049726
2020-09-09,2879.7424383631283,9439.600101669068,1293.2983139879693,23672.346013725328,6623.529411764705,5042.98,9645.537121141904,7020.9,19771.32,631.74,13237.21,1433.8325858424837,16166.900756535897,633.8372280419018,107.36665847931658,183.7751535945105,2673.4403338941943,422.9264694030637,3627.311263999013,1.7004688115091435
2020-09-10,2826.22936944562,9242.141345746932,1276.132035548032,23304.765129073214,6506.25338679961,5023.93,9639.420935412028,6999.2,19820.22,637.95,13208.89,1428.1326107293273,15718.089361397593,622.841011163865,108.56654929804716,185.2908293460925,2642.7617241210646,419.8617922425324,3629.299754299755,1.7061411627344052
2020-09-11,2820.216941712742,9161.819946819734,1263.8922888616892,23353.429282910565,6515.54331389069,5034.14,9701.254530248118,6943.2,19820.75,636.03,13202.84,1441.746289976986,15607.76395544413,623.8900634249471,108.57844171729386,186.09071394498332,2672.30610675784,422.0418951632825,3602.790297291481,1.709723213011842
2020-09-14,2850.737214592636,9315.569972196477,1294.9448142219226,23585.255708147273,6522.621495832883,5051.88,9715.189520624304,6951.1,19793.8,661.13,13193.66,1473.6379673044228,16028.148302070762,626.7280516657075,108.99230470931828,187.7384652163519,2678.0293232183803,425.12077294686,3622.5476651008566,1.7248579141801648
2020-09-15,2871.058962562782,9446.098003629764,1298.4003714177184,23631.967247710294,6642.593700701735,5067.93,9775.134733320943,7036.0,19956.95,663.61,13217.67,1465.5408381826715,16045.738511378633,629.8319193212742,109.78349698088934,187.8194266495836,2692.9976807743815,429.93776450087125,3633.495238388757,1.7389181842118373
2020-09-16,2865.1743398781314,9352.124238320921,1313.752538930264,23724.085985104943,6670.851624231781,5074.42,9816.76435017211,7110.8,19963.99,661.19,13255.37,1484.1613728466941,16102.696284329564,625.4070196846601,110.84481504951417,189.30352390936213,2697.1845274456764,431.218442648625,3682.7440796389046,1.7415351178220089
2020-09-17,2833.278474068448,9208.15293075073,1301.9369540448158,23548.955563995445,6624.2417606481995,5039.5,9779.964670881369,7086.2,19739.73,663.25,13208.12,1461.4235269848846,16123.09228700057,622.0519888457964,109.68929228819466,187.9078968573731,2659.969620142501,427.5699040086823,3631.156030119738,1.7296141349665028
2020-09-18,2803.843230002534,9116.715938846188,1298.0657150097136,23361.280513556885,6553.979597403306,4978.18,9767.534754402224,6929.8,19524.94,658.54,13116.25,1439.4623959740045,15407.96030819153,619.2976845337087,109.7992630359816,188.67862046684434,2660.6404795709104,436.5438846048264,3611.145320197044,1.7314786902659949
2020-09-21,2787.4097357913515,9157.080961685499,1261.787443717611,23063.206184691193,6319.314099074578,4792.04,9600.595072059508,6692.3,18793.35,630.32,12542.44,1412.6052709552584,15218.412897658183,611.3692946058092,107.52673522437988,189.63591346348986,2631.68367963608,433.97957655048435,3573.4638517245617,1.7333763765361345
2020-09-22,2831.884181756064,9364.229586607447,1278.5787495729417,23307.29415784079,6339.815116911365,4772.84,9621.453126451732,6648.6,18895.59,624.62,12594.39,1408.6101686391787,15188.23575325679,621.4744413049063,107.0422630769099,190.16077170418006,2614.2768172574,432.31207246249005,3542.6606235070735,1.7082314170633468
2020-09-23,2775.851127690593,9118.420375611011,1244.7131463853873,22950.9733299031,6436.726677577742,4802.26,9593.294947994056,6654.2,18929.89,622.34,12642.97,1372.7040556352022,14670.764916367203,609.0705271923644,107.15821066259832,189.97876149401904,2624.3227111450074,432.8221013397804,3594.9255089965714,1.7122937826571947
2020-09-24,2781.0433441836562,9141.913654274456,1243.6354291588145,22970.22443035806,6360.218459858002,4762.62,9454.244977316916,6643.4,18906.83,619.96,12606.57,1399.2771317080708,15082.134556337207,612.9222485738094,103.6681421526169,187.61433447098975,2583.9318077270536,423.7462053739431,3546.534282955094,1.6737242887758033
2020-09-25,2835.6774415405775,9382.35900962861,1267.9762723521321,23361.38239339752,6402.92602739726,4729.66,9463.899953682261,6628.3,18698.36,617.9,12469.2,1406.6590236714844,14989.048652908588,620.4996467792691,106.82601941664204,188.8857956857957,2580.3514811627197,425.07984302263327,3603.9502144885505,1.6681111786192713
2020-09-28,2872.9641693811072,9529.855991770959,1294.6511229213097,23644.822561289217,6522.092639454285,4843.27,9545.948698953605,6791.5,19160.1,625.2,12870.87,1423.6442371115297,14333.292453044445,625.9453916164593,108.42288566134602,191.02713682157946,2601.2387880265264,424.3434381567191,3607.783131799861,1.6951482836116865
2020-09-29,2840.1481607629426,9439.075272479564,1281.275544959128,23375.90258855586,6459.4742606790805,4832.07,9463.687667684337,6713.6,19061.18,623.36,12825.82,1405.815815963606,14139.31962921832,619.2889849910964,107.58829892548839,189.70905867182464,2560.099651878372,422.1228436161043,3612.589220684632,1.6999094507163617
2020-09-30,2869.453924914676,9528.592150170649,1286.424914675768,23704.522184300342,6466.872450666961,4803.44,9457.803360876427,6716.6,19015.27,624.75,12760.73,1445.7902334342002,14383.534026637475,619.687359856493,108.34273979998027,187.6426027840725,2581.321522887324,423.75468817731206,3554.515340422931,1.6999094507163617
2020-10-01,2877.5214911907397,9640.403438590518,1303.2598519022895,23675.98093454762,6451.009436032477,4824.04,9487.647113335188,6730.7,19061.5,631.51,12730.77,1427.8934677559264,14396.094839609483,620.9703763010408,109.98974314519948,187.02202145680408,2579.2639014870397,422.7110359090054,3591.1079858138687,1.6999094507163617
2020-10-02,2858.250106700811,9453.708920187793,1313.9564660691422,23630.226205719166,6518.078409718388,4824.88,9513.22260369305,6754.5,19064.31,625.67,12689.04,1446.7491518075885,14112.23206244371,622.8805951006799,110.19262571690585,186.6431639516979,2583.8661533971062,423.90115760234283,3541.335453100159,1.6999094507163617
2020-10-05,2892.837138250022,9617.66103708733,1342.5782907578716,23889.196299753883,6546.530072703237,4871.87,9548.711770157553,6837.9,19265.51,633.43,12828.31,1457.0470434782264,14625.558794206958,629.0740444586598,110.45716261828991,187.1108435668994,2600.6269661077217,421.4907018596281,3620.499664858936,1.720929214196571
2020-10-06,2864.0391989774175,9505.411163187047,1344.0903280783978,23666.604175543245,6530.501591482823,4895.46,9494.48877342735,6936.2,19429.81,644.35,12906.02,1448.717350517667,14568.128837627411,623.045399244413,111.65093688634447,189.05792658329972,2624.1628731506607,423.24948075824983,3610.331839651205,1.7256621031210566
2020-10-07,2907.2011562659413,9662.1322904268,1369.6990307770789,24063.47559938786,6531.469683655536,4882.0,9444.590711041068,6910.1,19435.08,641.99,12928.57,1481.2723044188233,14473.893543841574,632.2942723366044,111.92761668627935,187.90870437224225,2659.5789496780144,422.2426712238728,3663.752124302015,1.7536329841162555
2020-10-08,2931.1025128619412,9712.130617798375,1384.8803095369701,24172.379778051785,6575.405598636088,4911.94,9525.357076609163,6992.8,19582.43,648.56,13042.21,1527.5672953693343,14871.250664439214,638.7730772948416,112.6696380337931,189.64688427299703,2657.0769610938746,422.3352033660589,3719.0309309766876,1.7486877312005618
2020-10-09,2940.2418400135293,9791.93302891933,1384.7031963470317,24172.932521562656,6638.329563634356,4946.81,9581.310927490485,6950.9,19595.38,651.47,13051.23,1539.2458837176475,14895.569528379006,638.6633152874452,112.90978848187792,189.12394907518618,2634.156810065201,433.14197659511314,3735.8877188686174,1.7486877312005618
2020-10-12,2991.55239546301,10052.70018621974,1395.8439140003386,24409.61571017437,6636.125393929342,4979.29,9652.696283878178,6951.0,19718.77,637.39,13138.41,1534.145685334821,14916.881149485089,639.6733692670174,112.43836264088893,189.34809516154957,2692.5710290888833,441.6610724570396,3741.7622650720036,1.7591057118811517
2020-10-13,2989.8944321471135,10100.374595607014,1393.5382257789884,24416.660990975648,6574.208468696658,4947.61,9629.55095956773,6875.2,19558.69,636.32,13018.99,1519.833236679162,15055.606333873384,640.0971974728658,112.91598240030147,190.5059326822181,2708.279862881252,444.33381915920575,3776.713806766229,1.771529037109116
2020-10-14,2969.839107857325,10018.4983400017,1380.4801225844897,24273.431514429212,6574.786750858537,4941.66,9595.991049785567,6916.6,19607.73,632.81,13028.06,1516.8967731898308,15121.353599780794,637.1547900411176,113.458448637987,191.24761210943822,2706.6241660814608,443.87594049301805,3767.919143876338,1.7634230176603058
2020-10-15,2975.179364537069,10005.013665869492,1399.795011957636,24337.37615305774,6434.109211252068,4837.42,9415.468063218928,6816.8,19065.44,619.26,12703.75,1527.9823961304248,15069.152480489252,637.4196466065833,111.07589784504347,190.3881914635134,2664.3881242279867,443.52243430995287,3763.134581591226,1.7548027973275266
2020-10-16,2972.5341296928327,9958.668941979522,1394.0358361774745,24408.114334470993,6524.031520361493,4935.86,9523.353237544316,6849.7,19389.68,620.18,12908.99,1529.0257209350204,14859.974001239474,635.8471642563654,111.83383109287325,189.49071188635722,2684.853188889256,445.5031915300233,3732.2060422960726,1.7473582878123044
2020-10-19,2912.3140987507436,9755.145746579416,1371.3180929718706,23961.434520268544,6475.899636843843,4942.62,9502.99524120556,6860.2,19374.21,618.13,12854.66,1510.6527286618727,14952.883493232695,626.2084957006215,112.47677204580874,190.7961955426591,2687.515809876313,441.55490693578025,3741.717271826291,1.7488188389596837
2020-10-20,2912.2219402858836,9740.751078406496,1368.2737037976826,23943.82982322592,6448.6394744046,4929.28,9457.70879940343,6927.3,19482.13,623.27,12736.95,1529.9052264613006,15171.238871284142,625.9051668599407,112.0797706723295,188.94443999037924,2679.748271273695,441.90315714792484,3687.1267177392915,1.7545082576997468
2020-10-21,2896.029672089691,9681.100901964091,1351.917727387676,23780.510831998654,6405.167156400731,4853.95,9312.715577514682,6811.5,19085.95,619.98,12557.64,1544.5896572398403,15118.501868154171,619.972420870346,111.7444845222905,190.57164738602924,2689.8791672099796,441.78012727872004,3715.6751080172826,1.7583807998101342
2020-10-22,2922.228803520054,9736.004400067693,1379.463530208157,24000.389236757488,6404.660430619361,4851.38,9320.516405667411,6796.6,19076.95,608.9,12543.06,1560.277386665289,15422.228947567528,625.254477515784,111.930750631903,189.4537750696098,2704.049616530116,439.4281338404774,3718.1492968773528,1.7517479916691463
2020-10-23,2921.6676502824384,9736.346007925134,1383.104291375095,23889.697327375434,6443.762713728077,4909.64,9344.551132655914,6893.4,19285.41,612.32,12645.75,1563.2882277987678,15192.768192048012,624.8249277224542,111.66823191837874,189.35977131814158,2716.6687562346347,433.1715251159976,3711.3712273944575,1.7609049139242772
2020-10-26,2879.7375105842507,9618.069432684166,1359.195596951736,23442.320067739205,6388.011470166539,4816.12,9313.206491326246,6796.9,18945.14,595.97,12177.18,1547.2158225505327,15208.922078606434,615.3663696390794,110.43736178373798,189.77657512116318,2720.8066735090515,429.87573329969086,3712.8910066952167,1.7439936309049917
2020-10-27,2874.432010851136,9690.869786368261,1348.321464903357,23281.781959986434,6335.275904014155,4730.66,9220.824396157792,6651.3,18654.95,595.16,12063.57,1531.1865763082833,14797.92305806672,613.8678153529638,112.24775468392367,190.66244520214318,2702.8973022484893,431.20180029836405,3656.9667301241957,1.7479508350394084
2020-10-28,2784.9218849772255,9369.43510280533,1313.932995615342,22578.817419437233,6173.273621938409,4571.12,8998.643465244644,6474.4,17897.79,595.16,11560.51,1495.3805363880485,14127.657210576996,594.862291520225,110.53896004164662,191.1169053739748,2713.016744441394,433.52164533658924,3633.456693857965,1.765663349043109
2020-10-29,2835.2119914346895,9580.805139186295,1337.5417558886509,22834.35546038544,6180.6555198759825,4569.67,8940.162784170643,6411.8,17872.28,564.93,11598.07,1473.9473483953398,14311.122800518613,600.9063444108762,110.47385006561021,191.01056078591893,2720.207999114897,437.5218439481103,3588.381095725467,1.754176844898821
2020-10-30,2807.0735685466566,9366.97570606919,1320.6970555412481,22750.09872092025,6196.966666666667,4594.24,8980.095541401273,6452.2,17943.11,569.5,11556.48,1499.253572536009,14036.465499854336,598.710924911376,110.30748600409986,188.47617094577967,2668.742700578418,433.4759214247693,3575.6911476398727,1.7135525709146153
2020-11-02,2843.360247380175,9412.137089847107,1347.3544064593711,23127.512454904656,6275.281584641847,4691.14,9151.95812692775,6585.6,18400.03,572.88,11788.28,1486.5003570781244,14053.261934499547,606.8046664283625,110.62311318531471,191.08752358297104,2711.9181324803617,433.9416269232497,3606.7397957637654,1.7477489799174817
2020-11-03,2876.059584275897,9527.141576678476,1378.0357676383967,23458.14161936062,6451.248606465998,4805.61,9342.379529323869,6751.6,18986.24,584.48,12088.98,1513.9710428376886,14233.130171723464,616.3746871648195,110.91695620104018,190.33809951793444,2742.8902941985157,438.2645267268764,3709.427662957075,1.7739447068798448
2020-11-04,2937.0863186625725,9886.369839645173,1377.5844421699078,23752.69532582736,6516.681435533894,4922.85,9630.924070779889,6781.9,19358.28,588.24,12324.22,1526.3396693642653,14736.64706635246,618.0555555555555,111.99342992675483,193.3515299877601,2740.5077718495513,440.324307002083,3710.8851616062684,1.7700388199340737
2020-11-05,2969.170261354986,10057.455806478898,1404.0852575488457,24012.670219064537,6563.88086241387,4983.99,9687.329636244007,6924.2,19731.38,590.16,12568.09,1567.2386137765243,15416.491974354656,627.6863253402463,113.67478674786321,196.89834592607718,2801.5001853426656,445.3187786337693,3780.1939476033613,1.8115698385656283
2020-11-06,2955.5667845713324,10017.879400370557,1384.672393464713,23853.284487114706,6548.861432766359,4960.88,9663.51806777757,6870.4,19681.68,588.1,12480.02,1576.134532156327,15842.819917116665,623.6261609907122,114.22589400230484,198.21732398956976,2793.2030133995254,442.1922170562384,3783.855863565512,1.80716133953544
2020-11-09,3005.2054678572945,9914.748825595669,1443.1757586017184,24679.817173811847,6893.186249930358,5336.32,9668.668213457076,7459.4,20750.18,655.5,13095.97,1650.4079557510668,16269.323861314557,638.0930686625447,116.34282583237402,199.55685880698937,2838.1482774420174,451.5006607887328,3883.833394993218,1.8304075633709058
2020-11-10,3000.7447843933815,9778.562058313233,1470.1112944860563,24900.275062418008,7073.12552653749,5418.97,9596.785846609857,7711.4,20851.58,651.77,13163.11,1682.0173594488272,16421.83494842138,645.0787465497646,116.98919414610283,200.1654812135825,2869.5236640555104,450.5411560013305,3909.3039028300145,1.8606713445856249
2020-11-11,3033.333333333333,10007.1574121243,1474.732552215996,24959.780947529292,7165.263276074997,5445.21,9754.811521718995,7793.7,20993.02,658.42,13216.18,1695.0903760284996,16505.06291239508,651.9970101719151,118.08825479791776,204.14415139923494,2877.011424904427,448.5035498678002,3986.8329469942814,1.884834101662016
2020-11-12,2995.9427409791633,9918.338133152634,1447.1201084194477,24631.687277655426,7042.484168425731,5362.57,9724.105984806374,7726.0,20817.73,657.01,13052.95,1654.5909870293951,15907.108828230474,638.4684800825062,117.29993285594743,205.60628398791542,2857.371527152224,448.20263216881744,3931.5154670750376,1.8892814896783303
2020-11-13,3029.53354740578,9996.019942538449,1473.7535913469665,24911.112050025353,7039.3290984063315,5380.16,9716.279285118992,7783.7,20903.58,655.68,13076.72,1689.769374734367,16212.120039321626,640.0849311542916,117.68836899100761,205.01409246921057,2854.119110490365,443.74336475614274,3934.3974201474202,1.89733036115063
2020-11-16,3059.6507508014174,10059.161464484561,1506.107642989708,25266.104268601317,7147.871097011187,5471.48,9800.722088502129,7986.2,21317.01,691.36,13138.61,1698.3001099120702,16579.157255237948,650.316169828365,117.80870901607273,208.99427234591806,2874.6344280515177,449.4033091838499,4003.5365665421546,1.9257209062821834
2020-11-17,3042.6789176430925,10030.633060777207,1510.5032453848103,25106.09457978589,7106.939094512366,5483.0,9769.853893101537,7934.3,21435.11,690.99,13133.47,1740.2086070420953,16966.762114188987,651.1933097458989,119.10956567971272,210.45724455950167,2869.3185459561923,450.043391338446,3999.26085484814,1.9324996955674623
2020-11-18,3009.904247690556,9956.215463787068,1492.6561775003165,24835.221664487286,7149.5241294367925,5511.45,9779.5685984077,7981.5,21622.66,708.16,13201.89,1749.9129239135161,16692.085663276943,650.8769667268507,120.51643432204611,209.02742007555756,2883.070940973938,451.13644400722694,4025.4565626059357,1.9390477061005613
2020-11-19,3016.311578947368,10025.01894736842,1502.4252631578947,24827.983157894734,7074.7193834813215,5474.66,9711.877430105536,7930.2,21536.24,699.2,13086.16,1746.0474077533863,16930.386477263706,650.9984540066993,119.05488995731807,208.09627795591996,2870.926350530736,450.8614845418847,4018.782187030046,1.9433789536320778
2020-11-20,3000.8772669759596,9999.974694221846,1505.9805989034162,24684.504428511176,7117.268041237113,5495.89,9713.697362332254,7977.9,21706.96,699.45,13137.25,1758.8987852891548,16625.64182965547,654.7527047913447,120.18480638166292,207.33731319038336,2878.2803140352885,455.00453058627716,4028.833097159756,1.9341180391443982
2020-11-23,3021.3579934127188,10033.468457055991,1535.5966556878643,24990.516003715904,7127.084505457409,5492.15,9691.951468000369,7981.2,21701.79,700.43,13126.97,1769.474933080363,16671.93006971292,659.8372828824175,120.95756055938597,206.19013771657038,2891.1435791358076,458.90016605863985,4037.5362274251606,1.9696744946379787
2020-11-24,3057.5357443229605,10123.90243902439,1558.8982338099242,25270.17661900757,7227.9694347679515,5558.42,9689.314739564094,8143.2,22145.06,702.85,13292.44,1795.2159477370183,17179.61035912683,668.5061784304845,121.86121664317274,210.67302737520126,2889.1110410848755,455.0144801806514,4112.976352606166,1.9871106826480036
2020-11-25,3046.4140333207442,10150.992488144699,1548.550086029628,25072.365604935167,7179.386654684341,5571.29,9687.143252978665,8164.7,22303.58,705.21,13289.8,1774.2142169749566,17361.4723732955,667.893224879765,120.28483485747653,211.27915478246896,2891.296216995604,449.5869771832801,4130.7215921382,1.9686414577484508
2020-11-26,3046.286193873269,10150.566512798992,1548.485102811582,25071.313470415444,7134.129386702545,5566.79,9722.876725016207,8104.6,22201.44,726.92,13286.57,1692.78872514955,17336.211506401185,668.102669934219,121.32885079851958,213.6229422418998,2907.257452574526,450.8351256996611,4101.352203201285,1.9902454922350477
2020-11-27,3041.208676390688,10202.574497429681,1550.7752747941654,25001.35411877795,7087.294785463854,5598.18,9714.32007400555,8190.7,22352.46,736.6,13335.68,1738.7692602961486,17295.122351781905,667.8697806086341,121.18474842166687,213.91923246758458,2904.095152225204,454.0323451847616,4075.8865116853444,1.9994002065111758
2020-11-30,3035.7334450963954,10225.264040234702,1525.414920368818,24843.788767812235,6997.811156401809,5518.55,9673.52723915051,8076.9,22060.98,736.92,13291.16,1735.1261239897021,17117.5508920852,659.8671910257237,121.41829591536212,212.47182702355116,2840.4968970890327,452.9734412924516,4013.4242610837437,1.960789358192467
2020-12-01,3034.2156497245346,10235.789735305083,1521.1051737707633,24708.106540739816,7096.904351692324,5581.64,9635.048409405255,8140.8,22099.92,758.22,13382.3,1774.2615693432617,17726.13573076617,659.7232897770946,122.13024121152345,212.72614651578323,2848.347878294058,456.11839078286414,4023.634309444563,1.9982022437818117
2020-12-02,3028.235391218224,10192.613073621658,1517.0270716408056,24664.732585011556,7130.049641478213,5583.01,9634.715169421106,8220.8,21972.2,759.47,13313.24,1805.2634950946656,17698.513766837783,660.9987539538004,121.48335821816966,211.85708074779654,2833.7993570368158,454.7390265375425,4034.40404040404,2.0023496310929527
2020-12-03,3019.864931642234,10193.691319387251,1522.5662987975622,24682.523472245102,7185.861381753765,5574.36,9551.745474695233,8200.7,22007.4,766.82,13252.86,1818.5976739247687,17948.420404868655,662.8981146570212,121.45435638121586,212.5956147654732,2835.8098107762576,454.1030029954439,4052.3758767496706,2.017313361365915
2020-12-04,3051.5756475829075,10282.321399109058,1561.1697739646925,24928.444151130177,7261.895787139689,5609.15,9581.676989923268,8322.9,22178.8,784.95,13298.96,1833.3887651121145,18199.756803891138,672.7202323330107,122.76357507435607,211.8742277839379,2851.745152943302,456.0236436776528,4063.021803037727,2.047855391697468
2020-12-07,3048.812915479582,10338.948759238614,1561.7903299062718,24831.57025475866,7242.724560822009,5573.38,9619.302799925828,8275.6,22107.18,786.85,13271.0,1796.6322115125017,18395.109311740893,675.4468606827128,123.90850056159067,210.69396825396822,2818.633262974325,452.92339602119665,4090.8255193969485,2.0827978606380153
2020-12-08,3058.952325869619,10396.40584978931,1584.549285301165,24930.90969181195,7237.318620689654,5560.67,9654.56065391046,8227.6,22053.42,791.17,13278.49,1758.2161673408104,18361.129487696653,677.5553621506624,124.2712887765857,209.93955738875232,2801.606117732264,452.06174158830936,4095.59617857799,2.0597189070471513
2020-12-09,3039.784812745707,10212.249120629009,1574.3016759776538,24886.248706807368,7279.500970335459,5546.82,9699.637310517996,8235.3,21969.59,796.01,13340.26,1780.8060950069712,18087.716490059865,676.9335098653407,125.51261503538684,212.9760165184244,2829.7314178638353,447.08620580608437,4146.867584974269,2.0983665232456303
2020-12-10,3021.9970341077606,10220.637666831439,1584.0336134453783,24715.15900477838,7228.25694102185,5549.65,9663.469046291131,8182.3,21915.51,774.32,13295.73,1791.5458922282394,18872.303455511115,678.619931449266,124.46811271480868,211.51177865612647,2809.129200038291,445.03741370304414,4148.160883868164,2.0984085022501016
2020-12-11,3024.403533393874,10218.665896144637,1578.2217452323948,24805.060678609756,7147.887323943662,5507.55,9635.38247566064,8063.1,21702.16,779.04,13114.3,1787.4996413713957,18761.030220563673,676.4989172242153,125.0732606920505,211.51954287528275,2824.460807297217,442.4607003007775,4131.485259360617,2.1004238669709814
2020-12-14,3003.4089505537486,10243.352958129195,1575.9067890814772,24588.538021326527,7166.416150090516,5527.84,9628.729230483617,8140.8,21759.73,788.02,13223.16,1772.3810197919993,18435.261663677527,668.3937155208569,125.40519847806769,211.56614300977404,2807.4853452769776,443.90240836643375,4133.945130656073,2.0894574006974436
2020-12-15,3040.0888669464325,10363.74557722373,1612.5730272360734,24849.26355632354,7214.976460814179,5530.31,9597.382830626451,8152.4,21935.05,787.32,13362.87,1799.9702370494992,18796.400886831845,674.8914663383658,125.55394937392799,211.80825396825395,2782.0606999925694,444.1112816770265,4124.584668014306,2.0807130888945915
2020-12-16,3033.994589720469,10376.416099680302,1600.7213706041478,24718.862201819822,7277.158203665762,5547.68,9696.568991097924,8139.5,21986.52,792.31,13565.98,1808.5387485725732,19002.668429496225,673.2359940824597,126.01210088412961,211.93980198019804,2801.0088178940796,442.85947322851445,4148.570807453416,2.0860445688740374
2020-12-17,3034.300619497881,10404.915226605804,1612.3655037495926,24701.14933159439,7253.969660059794,5549.46,9730.760709010341,8153.4,22012.07,790.77,13667.25,1823.0707063229136,19079.330293117615,673.2731000897091,125.79038161548829,211.91043478260866,2810.4545143296587,445.2878682961216,4197.880774129415,2.079652594282969
2020-12-18,3026.360447091458,10406.820592314594,1607.236681080199,24621.889532512032,7203.022781179326,5527.84,9714.631219422137,8037.4,21976.12,800.06,13630.51,1794.859301714316,18870.658022016676,666.7985450832748,125.913611785381,211.32606893284375,2793.943675337136,444.08101632306705,4152.850788515972,2.0682971230750864
2020-12-21,3017.739300882065,10407.154524665144,1609.22084286181,24678.577262332576,7058.269622132995,5393.34,9507.814374019743,7789.8,21410.51,769.62,13246.3,1770.4096859040617,18467.64408090375,662.2617534942822,120.96496170242196,211.1978812554352,2778.483312209548,447.08801725804136,4132.782700291221,2.068971936173223
2020-12-22,3031.5382718079427,10530.231028529146,1636.010852585711,24677.71931266957,7089.047566736241,5466.86,9610.503464203233,7934.2,21844.33,780.21,13418.11,1739.1505447894938,18583.888340078393,666.4713375796177,123.29867669502511,209.7127558305569,2768.7468198778834,442.1087020713832,4081.386518243661,2.0274110771604024
2020-12-23,3027.824731271027,10479.289406744894,1646.9188479527365,24722.9260687618,7192.326856003986,5527.59,9605.978411292554,8073.6,22130.18,787.48,13587.23,1783.0521035183106,18529.798512040514,668.870153924762,124.84529117644723,210.1556074951472,2788.2197290431836,444.76922883918155,4129.227996021879,2.049685842876877
2020-12-24,3038.283557597637,10506.014112241548,1644.1992123400064,24778.363964555298,7230.190147892805,5522.01,9606.864735190993,8111.5,22130.18,787.48,13587.23,1789.7177943476338,18530.67291660113,668.565965583174,126.32904449932269,211.14247258620003,2793.617989899739,442.977688697324,4152.135937451329,2.076801846795854
2020-12-25,3033.8030476814683,10490.521055218745,1641.7745371128956,24741.823693265607,7218.15053285968,5522.01,9606.864735190993,8111.5,22130.18,787.48,13587.23,1787.2103708160093,18501.13465932737,667.7573365586607,126.13758723254637,211.00775746061905,2793.617989899739,445.86879066243364,4149.550789154189,2.076801846795854
2020-12-28,3057.760314341847,10559.446627373936,1634.1273739358219,24888.63785199738,7158.9430222956225,5588.38,9783.622439564495,8155.6,22288.52,810.44,13790.29,1794.5619347702072,18582.880943466866,668.3529786556229,127.2696598907524,211.76587019951108,2778.6039734120345,445.8895490430547,4134.620180526691,2.0867665742880277
2020-12-29,3042.7300187770425,10490.831904645276,1599.6081312760223,24765.833945628212,7277.65224579774,5611.79,9862.468839442343,8174.8,22259.35,809.22,13761.38,1832.960403551582,18710.001410194138,664.794293720545,127.53328161823728,217.2944746590999,2798.996012494535,442.75767235452213,4160.514762954454,2.1024106264348967
2020-12-30,3034.919085955924,10465.96730909978,1610.1406847198502,24729.251036838254,7263.261688455574,5599.41,9856.810019338796,8154.4,22232.9,809.08,13718.78,1825.6665400373352,18634.30405511195,663.8773819386911,127.96259831109224,216.28315864134285,2846.8772776131927,446.1622848024733,4176.368238492547,2.14422058055369
2020-12-31,3074.965206713058,10551.19115841179,1616.749897666803,25056.471551371265,7233.004926108375,5551.41,9856.810019338796,8073.7,22232.9,808.99,13718.78,1813.9109280743892,18759.277793977413,665.2693840812652,129.07683220648977,217.59500495540138,2870.2869640833756,456.6357473016113,4149.614463903238,2.147200801052128
2021-01-01,3075.216964139512,10552.05501883085,1616.8822662518419,25058.523006386113,7276.999324172111,5551.41,9856.810019338796,8073.7,22232.9,808.99,13718.78,1813.1496602418115,18876.65344964314,665.8258799305064,129.59599394837647,219.062659642401,2870.2869640833756,459.49449370483734,4153.670271463253,2.147200801052128
2021-01-04,3020.938775510204,10366.08163265306,1588.4979591836734,24672.56326530612,7281.054730777754,5588.96,9946.637643571694,8099.2,22315.87,822.22,13726.74,1826.8521893783234,18316.19420408226,663.9580937779482,130.60107458418503,215.77977439145062,2887.209613939582,463.87255304499433,4181.806181181181,2.2115608499387855
2021-01-05,3030.953155497723,10425.309043591411,1609.5559531554977,24716.65582303188,7325.375283886336,5564.6,9905.603927380513,8091.5,22200.6,813.62,13651.22,1835.1409676922394,18364.721628232543,673.179498700215,130.8598220955881,214.99865421152631,2904.9157937867058,465.8534588620548,4215.974509432772,2.254345761280888
2021-01-06,3040.5938184473107,10335.67778048187,1669.441064330332,25009.653605905736,7553.389269154339,5630.6,9929.853090640303,8350.3,22734.32,813.62,13891.97,1882.2541387190877,18180.30697369124,677.25585562524,130.19646494000457,212.97181989924434,2908.259337635673,467.2018075124737,4181.842463369094,2.2225125793698335
2021-01-07,3099.5681225554104,10648.207301173401,1708.678292046936,25294.271512385916,7579.682750234899,5669.85,9941.588267847259,8385.8,22746.08,820.03,13968.24,1880.6105423106899,18432.721850713897,687.3876188029799,130.57009480994017,215.7781004709576,2898.196814442317,471.61683577507847,4249.042509416643,2.2624984141435998
2021-01-08,3130.108846877813,10804.468450773385,1711.8094770439477,25450.503314510188,7630.173179396093,5706.88,9975.970066518847,8407.7,22793.94,819.27,14049.53,1910.781170774792,18892.604676454594,692.2064516129033,133.0772041280179,221.54972049444925,2932.789799804328,472.9546474227325,4291.818874634829,2.361785023901218
2021-01-11,3126.993663072998,10728.688996790386,1720.8542506789565,25519.45518887334,7562.689804772233,5662.43,10036.395531345213,8357.5,22722.01,800.56,13936.66,1902.2154435294576,18478.88696486533,686.8361763759252,134.48448931112023,222.10932196700608,2961.6656850416266,470.0746055430331,4243.971357054593,2.3575065518532385
2021-01-12,3113.432713571955,10707.207797526415,1742.94373003522,25447.374887378162,7561.699507389162,5650.97,10052.921057496764,8345.9,22646.07,796.73,13925.06,1901.8276708371443,19083.51480920025,689.6422816629068,134.88024680031018,222.3617558818885,2998.801614109138,479.3774516327319,4252.444529334988,2.34300983390298
2021-01-13,3133.7363767221877,10799.054081842483,1737.174583590376,25548.402220851327,7567.756773433556,5662.67,10047.128566135607,8361.1,22743.65,802.19,13939.71,1895.053570096865,18925.923338998706,691.3832199546486,135.35952756196284,225.35410809740648,2994.644012430134,479.70191580138743,4253.428326071054,2.345129908825457
2021-01-14,3121.8456983056426,10785.1949333772,1772.7833525250865,25490.639907879588,7658.5711872994425,5681.14,10061.952893175074,8372.4,22637.72,794.03,13988.7,1921.763215250331,19542.22816582656,694.8841447539702,135.84029040008076,227.38499326519292,3028.6971447398487,474.832152952012,4296.005501711288,2.366251248882578
2021-01-15,3119.412251655629,10760.347682119205,1757.615894039735,25508.50165562914,7576.726659167604,5611.69,10105.97417077023,8230.7,22381.35,790.14,13787.73,1919.1873655245092,18822.292948803166,693.4312737673481,135.05840547043596,227.26257072276675,3047.455819459701,477.49669491687797,4282.096604495457,2.307370215565907
2021-01-18,3119.9287961583045,10762.129491637688,1757.906938234807,25512.72561682398,7560.211485460373,5617.27,10125.106936953693,8254.5,22498.89,787.76,13848.35,1953.8886185553308,18953.624887638256,693.2173687285001,133.22025732015007,225.49570841151342,3082.9705191198464,480.7138803695651,4237.6061309504885,2.2724003257132517
2021-01-19,3132.2175042255844,10881.131219854064,1773.6241085047616,25502.345714639076,7543.911895263245,5598.61,10094.64501160093,8199.0,22441.72,799.97,13815.06,1907.684340734218,18564.444273458237,690.5295183842569,134.97494875495104,227.2406650529741,3153.1656880265505,475.74608345953646,4278.707998857759,2.3189964157706093
2021-01-20,3181.7693705600527,11116.182058483397,1784.7513629605155,25762.74574591112,7602.943996390503,5628.44,10151.604526061954,8204.1,22650.78,800.76,13921.37,1901.6673303960672,18675.782408491374,699.0419514109146,136.83277040712497,227.55801986517213,3193.118735646271,479.77032197078563,4332.638786676479,2.3289141130901645
2021-01-21,3167.6011180532723,11123.733969089115,1760.4570864847092,25629.735284445906,7581.620095963872,5590.79,10134.760401188709,8122.1,22428.93,796.77,13906.67,1867.1706600986124,18179.0109231691,691.6585334114126,135.3746524869991,228.41032565528198,3177.516828403372,482.91233850909947,4355.320887186852,2.371845570855063
2021-01-22,3157.0266272189347,11130.062458908611,1782.3471400394478,25474.17817225509,7530.165335732762,5559.57,10141.779550937094,8036.4,22088.36,778.98,13873.97,1838.8224076536344,17645.63070308624,683.0144852727683,133.48437352842896,226.7209090549155,3120.566511598334,479.3442498240809,4312.920881560171,2.347836162880232
2021-01-25,3176.0112035587777,11233.207018700057,1782.0825438668753,25504.572040530522,7479.130287838676,5472.36,10135.157699443414,7897.3,21735.95,762.13,13643.95,1848.0489760615537,17687.375685612682,685.9295182670546,132.57990110284706,228.84822740084957,3207.364631688654,482.98583742276696,4333.830131766947,2.3924832995347725
2021-01-26,3165.6757534640847,11205.180708030097,1767.9042802516344,25440.59865959459,7518.230608440202,5523.52,10154.71890339909,7964.9,21987.0,764.7,13870.99,1853.8309135310733,17883.300447604204,681.6403213267686,132.44534402878773,226.56597484027145,3115.923499353306,475.929836165666,4347.911317809703,2.34417969274869
2021-01-27,3097.2502064409578,10958.381502890174,1741.2881915772086,25023.261767134598,7421.176337646195,5459.62,10138.763365876337,7852.7,21662.73,743.49,13620.46,1801.1577182573592,17672.527908253523,664.0670859538785,130.4852458122029,227.1103620573423,3125.7366904939718,476.9936072128977,4290.162606770009,2.3278192349840836
2021-01-28,3124.1276911655536,11001.534273694631,1737.6969397013943,25244.04850284583,7386.282609925867,5510.52,10074.113277623026,7932.5,21916.5,754.25,13665.93,1803.7691963012753,18022.31503308598,673.0230165873729,129.39668156459533,223.16913335971506,3037.719909562442,469.9084258453982,4213.203446746499,2.296522721660593
2021-01-29,3060.388085527129,10769.735920570183,1708.5980307337372,24704.494706051995,7233.529013321291,5399.21,9800.185065235495,7757.5,21572.53,749.46,13432.87,1719.9307318013934,17355.203125117834,661.9382294151782,127.73532663342674,217.7105418486601,3002.4691751192922,468.0075118093077,4160.960987436632,2.202772514654509
2021-02-01,3129.237147595357,11113.922056384743,1762.9850746268655,25051.334991708125,7325.727880367055,5461.68,9924.43171317686,7798.2,21825.51,749.73,13622.02,1748.8447690148298,17936.962925652882,674.0523276446108,133.4745628168421,221.99344080923026,3084.504275602908,471.0519399770523,4210.293513633061,2.256957622926005
2021-02-02,3177.0747706231573,11303.009922364761,1786.3909992942251,25480.53306762984,7395.619361062249,5563.11,9994.051803885292,7950.9,22066.87,760.59,13835.16,1808.6653082437572,18287.442191390965,688.1374650815306,137.25261581479717,224.33101320889025,3137.0271458755647,476.37542117852826,4271.611660297508,2.296331724245323
2021-02-03,3182.6581910341106,11309.601562175414,1794.5905521625327,25529.60239311978,7379.735782729488,5563.05,9971.941513973718,8012.8,22527.9,764.33,13933.63,1808.6314832301614,18584.02601535154,689.470263243419,138.92684593274342,226.66060054595084,3147.4139782636707,474.2836561034751,4320.46214231451,2.3272802986362082
2021-02-04,3236.5642633228836,11517.442006269592,1841.103448275862,25961.011494252874,7433.247614149381,5608.54,10036.918953885963,8122.6,22900.55,760.78,14060.29,1810.3314641535142,18370.28365462373,696.6081261607637,140.77586224800262,224.46402407634736,3135.1022473967028,474.15281877070726,4298.284625158831,2.30208022666269
2021-02-05,3227.1919628030555,11504.732646961142,1854.3091996014612,25862.039189637995,7400.307902839548,5659.26,9933.016254155891,8214.7,23083.42,764.6,14056.72,1824.383409924951,18588.878238822585,698.9908854166667,140.02367158729697,226.76849736033412,3141.753196601733,470.57373418330985,4360.773276384152,2.335381368616416
2021-02-08,3249.85682865087,11609.445159148441,1900.4523384653694,26049.516537328298,7439.308929182346,5686.03,9952.75161588181,8219.0,23425.92,778.01,14059.91,1824.1160071070244,18513.808437415413,706.4495114006515,141.57833257832303,231.80706736078244,3139.230382132188,476.6022897668402,4397.862644210795,2.282806799887751
2021-02-09,3227.353742057926,11558.461919300273,1897.0212063701626,25889.776384190114,7446.343270820271,5691.54,9996.918663829,8101.0,23300.49,756.88,14011.8,1848.3938776850816,18329.346967267822,708.3008320332814,140.8269389749992,232.78840236686392,3143.1546508280103,484.3490748695329,4355.96474983237,2.287736863573998
2021-02-10,3226.5060240963858,11530.392804093084,1883.5121307146394,25943.05991087638,7447.474459220363,5670.8,10022.91454494954,8065.4,23264.68,762.83,13932.97,1841.06629624308,18145.30300825028,709.8499122864011,141.16346436586244,233.24730758609806,3194.300206830181,489.58848972342366,4369.540863469811,2.292887462470235
2021-02-11,3228.672712283594,11562.877164056059,1884.023083264633,25911.541632316566,7436.323253032632,5669.82,10049.92128900824,8037.6,23307.24,774.38,14040.91,1819.4814612314137,18326.04437890274,707.9618454350788,141.88765655001552,232.68736717827628,3207.97486657169,489.1041384768567,4377.761303722639,2.292887462470235
2021-02-12,3246.559405940594,11629.925742574256,1888.910891089109,25955.775577557757,7526.457655188167,5703.67,10068.8228761799,8055.0,23410.6,776.09,14049.89,1828.1065700555016,18349.524855766645,711.6844294255266,142.1666204088554,232.0942684173284,3211.4916715448885,489.5071767584176,4355.869196557131,2.292887462470235
2021-02-15,3244.2841241703427,11621.775157686441,1887.5870882631818,25937.58502700252,7744.724021321717,5786.25,10134.299740644685,8203.5,23604.31,796.38,14109.48,1823.3681042748353,18334.313281495866,714.2838507696322,143.41334586672306,235.36340165858238,3207.97486657169,489.1041384768567,4405.822776690934,2.338438217526026
2021-02-16,3248.463571782587,11603.750206509168,1877.4905005782257,26038.947629274742,7750.183739090491,5786.53,10098.694565318026,8153.7,23440.81,795.91,14064.6,1831.7217498207149,18366.879921259842,714.3656837857189,143.3655969406694,237.30625438118236,3272.6098039946146,490.0330607050819,4432.604530454007,2.364251279943197
2021-02-17,3265.7667386609073,11601.179597939858,1874.1568366838349,26261.023425818243,7721.666091358877,5765.84,9998.409027842014,8122.7,23178.56,788.75,13909.27,1850.4194061420917,18478.041590861987,713.8429346759956,143.6772874366389,237.69766164469556,3332.362084860959,492.8442892331835,4433.482936252415,2.357003174030116
2021-02-18,3237.361455748552,11468.453267162944,1834.8966087675763,26049.081885856078,7649.000115593572,5728.33,9891.7489616982,8058.1,22921.83,782.23,13886.93,1812.600413361977,18166.286929155456,708.930784787005,143.19024925547072,236.66319661865998,3268.690505443318,491.1624438282819,4424.38911555884,2.3139248097754788
2021-02-19,3223.624061391204,11448.527106196882,1870.3605908078225,25987.556729103064,7660.926386399122,5773.55,9859.767891682784,8151.6,23136.31,781.42,13993.23,1813.0751152855285,18155.554874216246,715.0184827766691,141.45373702696332,234.90038344158384,3259.3148412073765,495.0907232302581,4411.9888300808525,2.3238190669189183
2021-02-22,3188.9601842711418,11132.815070746956,1851.8180322474498,25930.980585718986,7649.956614797246,5767.44,9825.828970331588,8112.2,23009.18,781.99,13950.04,1783.5103090329033,16955.25959367946,713.5572220410825,138.6683262514843,236.09199091834338,3221.658121928543,485.8568056448072,4415.653306417478,2.294468243620786
2021-02-23,3194.674677970287,11082.925223260218,1836.5447137742294,25957.73488620931,7696.079911725419,5779.84,9690.381804895873,8252.1,22939.38,773.52,13864.81,1816.291779361558,17430.438531471707,713.0537121187355,139.454500258083,235.83350277625715,3249.078817577242,485.17969311839323,4453.328341201367,2.2810853784484615
2021-02-24,3226.8228524455403,11177.944923962186,1877.8298397040692,26273.62104397863,7741.638086380282,5797.98,9733.871699482806,8269.6,23098.15,774.8,13976.0,1821.7991885877755,17589.65312732858,722.0316709376436,141.43601638996242,230.40611896257184,3161.363551744864,475.7293298187976,4440.528712287483,2.2190296959279237
2021-02-25,3144.602750975159,10773.467460480393,1806.7501539724901,25786.910285362344,7655.610542064679,5783.89,9653.024814345226,8317.8,23063.55,787.43,13879.33,1744.9281811469357,16666.50335166915,706.594982078853,141.8729836419248,233.2207491013104,3172.8493659401174,478.0845880324918,4418.316470017779,2.2947408164171814
2021-02-26,3155.9705200397484,10924.43689963564,1822.6647896654522,25614.74826101358,7481.024635089137,5703.22,9572.616448326055,8225.0,22848.58,792.38,13786.29,1770.6497133751768,16274.627836980395,697.6602105810477,136.4307526201449,225.03115288999376,3077.7950063190983,470.4030999820958,4258.375981111608,2.2320462862815402
2021-03-01,3238.2936343265,11277.973275790522,1888.3890779317787,26172.719727778236,7613.277097296048,5792.79,9728.84143571104,8378.1,23264.86,802.6,14012.82,1799.3254224145378,16229.882690398264,713.9322745767162,139.84062727221018,230.60209118824582,3150.6140219507497,477.82206049404107,4379.399490437643,2.2320462862815402
2021-03-02,3200.9676618972785,11048.540236539575,1845.5958977752048,25962.716069803984,7633.158289572393,5809.73,9802.582691436339,8355.8,23083.55,817.03,14039.8,1833.0536535726783,16251.746621498562,717.8919803600653,141.33653479157206,227.9879835646174,3109.0302933162366,470.0249217202377,4373.355537590946,2.251949454744536
2021-03-03,3166.213527851459,10773.99701591512,1830.064655172414,25920.167440318306,7721.769809138231,5830.06,9725.4243409173,8329.3,23046.77,815.1,14080.03,1835.331545126371,16399.893798260946,714.1023121765901,145.06309098936012,228.9805562011,3190.4437516016055,480.5121238529759,4394.598601308454,2.274732166573208
2021-03-04,3148.7884358288766,10631.241644385025,1793.883689839572,25839.02072192513,7722.805387830935,5830.65,9650.85734805638,8354.0,23093.1,817.24,14056.34,1819.4844288070926,16607.501289514406,712.1965699208444,145.75832091928115,223.87394080092864,3129.4564059748786,474.2646821425113,4364.416255124108,2.2469472129937245
2021-03-05,3223.6449068635675,10840.870951501929,1839.4109749958047,26427.504614868267,7701.84690440237,5782.65,9565.184851217315,8286.8,22965.63,825.02,13920.69,1810.7900662806887,16984.97626279008,727.0509463356426,143.74997377557503,223.51184760724797,3147.0028714033106,474.08770672297663,4328.432017543861,2.2458330241187383
2021-03-08,3226.1291684254957,10645.132967496833,1859.8395947657239,26848.83073026593,7842.579515611322,5902.99,9760.616438356165,8444.2,23681.57,827.06,14380.91,1846.9600459823328,15892.699607752984,734.480229379209,144.53031316445194,222.8590812172902,3098.273419562846,463.9353699475431,4352.763909968677,2.2243166194004367
2021-03-09,3256.672268907563,10986.403361344537,1886.6050420168067,26750.20168067227,7858.4155525716615,5924.97,9818.220453928925,8496.4,23816.5,837.61,14437.94,1867.3779339577536,16122.25215049092,736.7294008113321,145.68936291676178,224.8746175000968,3119.3705584856975,454.7504165106097,4387.907202799468,2.2199082534591428
2021-03-10,3268.894105810346,10957.34887230653,1916.3913809004775,27078.913389787875,7855.632774630615,5990.55,9847.251556999729,8525.2,23925.96,841.12,14540.25,1908.8464305327623,16669.721448262102,740.0877251279325,146.3062956049687,224.6368559492496,3130.603161194951,453.55817310170625,4354.2929407568345,2.1782595248965406
2021-03-11,3286.6177206741195,11178.600033372266,1951.0595694977471,27102.94510261972,7864.308644137046,6033.76,9831.282746160796,8593.0,24121.37,850.07,14569.39,1930.0563464900242,17328.05883328059,746.8367075119871,145.64619291052765,224.61853133410224,3165.7511298324243,462.8196645489527,4363.215597075548,2.215027525228397
2021-03-12,3298.7619206960017,11142.596620378117,1968.2031119290614,27420.64580893425,7875.911473500291,6046.55,9770.103650292926,8644.5,24113.22,849.81,14502.39,1927.4331741323804,17200.861848152,752.3205902079142,144.9346813999913,228.03736955187233,3099.8754213293787,465.2104059021619,4396.167614097775,2.241030419534242
2021-03-15,3326.85666387259,11282.238055322714,1978.3487007544006,27622.347024308463,7861.74363752839,6035.97,9823.131157913765,8635.4,24139.45,849.81,14461.42,1939.2080767404004,17141.52668223846,758.2711568192511,144.56876066015704,228.65130391366134,3115.7653593252758,462.2653796803167,4402.769200767056,2.253727588222671
2021-03-16,3329.448832129054,11318.744748781717,1948.848932952445,27580.196605612502,7941.184709658593,6055.43,9935.076252723313,8657.7,24261.12,860.26,14557.58,1963.9698111239586,17030.313440526956,758.4126341364649,144.97837745064436,230.6412549140523,3142.6812896520364,466.56421316355323,4443.136897595262,2.264145511452974
2021-03-17,3317.572418398865,11290.758827948912,1950.4048751982637,27561.04015360214,7883.737467941244,6054.82,9889.08103214124,8599.5,24281.05,857.19,14596.61,1951.0597133777508,17421.56518359629,761.1685120990811,141.7194423798075,229.4395612824053,3140.0967959983777,463.5392266966149,4422.661980539555,2.2605386720865197
2021-03-18,3286.022407788175,11007.65389618564,1903.0590407452478,27579.455331291178,7921.575042355554,6062.79,9913.062330623306,8624.6,24360.49,844.56,14775.52,1948.9293103095104,17328.806295600472,755.8542814894474,140.5408799941957,232.87541905899582,3175.8037864633397,468.22227381781596,4392.718629940743,2.260869244609622
2021-03-19,3287.21438172043,11101.512096774193,1921.66498655914,27409.248991935485,7818.098123761799,5997.96,9901.029159519727,8493.0,24199.42,833.07,14621.0,1926.5141258328742,17774.55590985907,755.5533151863427,142.8594993681008,229.84145965128835,3135.036875229794,460.575868254972,4363.3400546377,2.2698982868579454
2021-03-22,3302.2626330344424,11210.542193916031,1899.6396547389593,27429.146065532557,7812.870252061795,5968.48,10029.575163398693,8343.5,24262.84,832.06,14657.21,1923.3846366883477,17492.206932749137,750.3847440615592,142.85573034688218,224.57201139250253,3117.1118089503275,464.70451911935106,4382.46365524403,2.2557574406420686
2021-03-23,3299.738418698844,11161.674120327398,1844.3084971732342,27358.999240570414,7774.38783799466,5945.3,10021.363431151243,8390.3,24113.86,831.86,14662.02,1888.614321258699,17306.145524554595,747.9855198766508,144.41253414088578,225.34229648338837,3090.4869320030366,463.0786265127332,4339.830148619958,2.2253871619970225
2021-03-24,3292.25429611445,10972.564124269871,1806.7129433674766,27444.391771776856,7778.10092115173,5947.29,9996.268521864837,8443.7,24208.66,837.09,14610.39,1888.2124035489537,16876.376067346355,750.2473498233217,142.23066203859236,221.1406773063449,3037.9816533727976,457.8925858411558,4351.382353885163,2.2422902214339704
2021-03-25,3323.1501551277147,11031.221046368311,1855.6844744783032,27727.043223256405,7792.236749941629,5952.41,10033.276080274814,8409.5,24218.55,837.09,14621.36,1931.9868873154874,17119.79350877061,751.7827053986655,140.29429307648098,223.66586220319195,3049.687648592369,457.7817020282027,4374.965048481139,2.246497699982078
2021-03-26,3368.8252246143416,11136.395999321918,1882.9293100525513,28032.61569757586,7880.044423661444,5988.81,10025.983044733044,8498.2,24393.26,851.82,14748.94,1950.807758566737,16905.72874091421,755.4933755857467,141.80846758932356,225.60757780784846,3091.910264383995,464.43371463754494,4418.387180317254,2.2773130639907144
2021-03-29,3375.6290377422647,11101.368582114927,1834.988099285957,28197.364841890514,7880.865750219363,6015.51,10041.289387902934,8492.1,24421.4,862.83,14817.72,1969.4465239924848,16970.233412975558,756.1069475389911,141.94467227101734,227.50480024775473,3099.351437664738,465.90498864599437,4410.677218474312,2.2754144557364273
2021-03-30,3378.75554796859,11134.679071355411,1874.1891430522364,28223.76237623762,7942.43828065443,6088.04,10053.715422165973,8595.2,24636.39,873.62,15008.61,1986.0864085438407,17268.726308089055,755.7822210213455,143.9647056413536,227.62228838792004,3134.460141271443,470.56203123478036,4369.057900538157,2.3055664033164107
2021-03-31,3386.94799658994,11293.154305200342,1893.0264279624894,28117.263427109978,7888.643440455908,6067.23,9989.48367845194,8580.0,24648.56,865.05,15008.34,1970.6510336830736,17650.927691516088,758.2637616235662,143.51098051534578,224.67698467698466,3105.769756930384,469.37017810910316,4398.548434109532,2.3047828410964475
2021-04-01,3413.322577906088,11446.132291755117,1913.8150632588945,28150.810902606776,7913.666529629412,6102.96,10022.563778959706,8577.6,24710.0,875.22,15107.17,1976.5175313203472,17142.37056207517,766.7647954522383,144.49557283610855,225.59967759269207,3164.346518684563,469.9142513483102,4417.153853617517,2.3249019179650143
2021-04-02,3417.0945256715404,11458.781026861612,1915.929955797348,28181.91941516491,7922.041272267623,6102.96,10022.563778959706,8577.6,24710.0,875.22,15107.17,1976.9972286372201,17163.814799922562,765.6507636167049,144.5498114422041,229.25817846720932,3164.346518684563,472.7546906045524,4415.440173288934,2.3401871969326766
2021-04-05,3452.052823160924,11602.124777787183,1917.2860408025056,28381.605011428088,7926.701570680629,6102.96,10022.563778959706,8577.6,24710.0,875.22,15107.17,2010.700346537026,17564.30893397601,767.4384020008788,141.996925042537,231.180131381814,3154.3267606247887,470.7954677288372,4422.302885082408,2.353176697682134
2021-04-06,3430.2530206710726,11534.020965772743,1902.2018271376246,28148.22548730686,7943.134858273675,6131.34,10123.065085543587,8634.6,24761.12,877.04,15212.68,2003.5343892103638,17693.885387725597,762.7487770555518,141.5898393498441,227.82224779439971,3143.1919885302173,470.059806995294,4442.944801109785,2.3467767354596623
2021-04-07,3436.615566037736,11530.357142857143,1872.5151617250674,28172.39723719676,7966.354275135948,6130.66,10080.786303107165,8597.4,24740.73,881.49,15176.36,1996.6950913268658,17646.363418146902,762.5505193894251,141.3675827443389,227.96189234779945,3095.0931502709236,469.56728850437094,4443.731759725474,2.3533634372468417
2021-04-08,3439.0985016997524,11608.100054559953,1882.4023166995426,28122.356989969365,8003.481669356699,6165.72,10178.819255222525,8637.8,24576.51,884.77,15202.68,2012.7582613344694,17818.26807228916,765.1433152936461,141.16052081144514,228.2409249798333,3134.7536661011272,467.7079195869156,4495.921500610266,2.3719673702241977
2021-04-09,3470.163052613885,11682.795427802994,1885.5858127416373,28408.64851235502,7965.1598042038595,6169.41,10215.907644759567,8565.8,24429.41,891.69,15234.16,1984.5805175745847,17395.338867165843,767.9090970034189,140.88535375221562,228.05531295487629,3103.31105776509,463.69702758315657,4479.364134088944,2.3500438961799066
2021-04-12,3465.695575518428,11627.906976744187,1875.3924943329698,28331.290403828396,7948.220363426594,6161.68,10181.524312511383,8532.6,24457.18,897.55,15215.0,1973.8834107635262,17396.08773316935,765.6843090082866,134.61732094683222,226.71525059482693,3073.8868572724964,458.64840955421363,4463.36,2.3585263300412946
2021-04-13,3466.3458319384,11714.178105122195,1865.5172413793102,28186.53331101439,7928.3051432516395,6184.1,10108.488594019813,8525.1,24600.35,899.9,15234.36,1979.3666104848237,17461.90270570929,764.4678862331419,135.50926518344917,228.305337067874,3073.8551481255768,455.2746339280005,4460.932225063939,2.366274164283528
2021-04-14,3442.9549248747912,11567.479131886477,1876.227045075125,28156.00166944908,7983.4109864826005,6208.58,10100.688094160252,8588.4,24574.74,902.04,15209.15,2009.7698508573671,17758.558585157734,762.3225118325445,135.5254138369883,226.98946319782365,3108.90314807743,457.81692436512856,4527.528365136669,2.3641834066325926
2021-04-15,3484.9335673101023,11731.227542408287,1886.0783822177655,28441.530876577253,8045.970389999423,6234.14,10147.426603841974,8571.6,24528.69,905.31,15255.33,2032.8386101939222,17958.20686782122,767.5016655562958,136.8409184403369,227.7578947368421,3097.1355427194594,456.40513204839954,4572.077598212262,2.380807930237758
2021-04-16,3492.256987901544,11724.939507717983,1887.9182311222364,28536.22861910722,8101.015579919215,6287.07,10231.622456395347,8613.5,24744.38,898.63,15459.75,2039.767252025033,18081.55922486638,769.6433932681722,137.66035522512607,227.6681239453904,3112.3452943704337,459.55715355038484,4558.126028458039,2.3916167575125424
2021-04-19,3459.293726630661,11561.91940174491,1854.5907769007063,28315.43830494391,8135.371026788309,6296.69,10187.985094974098,8711.4,24691.46,875.76,15368.39,2015.4375697000698,18114.438070130764,759.1011533872465,134.04276266535368,228.03326163773235,3118.4269735150424,465.21295197253386,4554.632888545091,2.390440747881451
2021-04-20,3435.762359783963,11455.147486497715,1818.2052347320316,28102.45118404653,7944.261725535611,6165.11,10060.824555030877,8459.4,24088.65,876.76,15129.51,2018.9363021021845,17911.2805173687,747.3014827018121,132.8596135136832,223.69421169959259,3115.5543911802133,465.36566033635256,4504.509772457397,2.392242499870015
2021-04-21,3467.735770668882,11591.375155795595,1860.9306190278355,28365.02700457,7980.659722222223,6210.55,10156.841246828562,8519.8,24161.38,875.44,15195.97,2042.1248995498916,17911.94855957869,757.7925531914893,132.7829852533427,219.17851925886063,3065.0853229528643,465.97967177859135,4507.827095277975,2.367546505031202
2021-04-22,3441.2283621837546,11500.008322237018,1858.0309587217046,28142.39347536618,7990.602326384891,6267.28,10175.777354727586,8656.8,24398.41,893.76,15320.52,2049.860328780622,18244.711744207376,753.5984029279654,134.40601118990793,224.9916750173437,3082.4760281498397,465.6277844372793,4525.882352941177,2.362538662859862
2021-04-23,3454.6859504132235,11584.140495867769,1877.5702479338845,28135.11570247934,7957.064220183487,6257.94,10138.987960532271,8618.6,24386.09,899.58,15279.62,2045.6359623901365,18189.51609860632,752.7821939586646,133.51967749059563,222.22704648135385,3109.8604352708408,463.3237694749632,4520.29385403329,2.375205009691367
2021-04-26,3465.425355842436,11700.413770274745,1901.6964581264485,28121.1271102284,8011.413449922338,6275.52,10106.926838102137,8701.9,24513.84,913.12,15296.34,2039.2584064717494,18360.931790499395,761.5184294871794,135.2382570344965,223.03568420246572,3088.252454627393,460.3421759634468,4548.924686057397,2.3778249109478695
2021-04-27,3462.38835593781,11652.514058881905,1903.134303671849,28105.301025471384,7992.3701018470565,6273.76,10059.018772104833,8756.7,24473.06,903.44,15249.27,2012.9933542418,18109.456056790947,761.2929050335235,137.06586634346488,220.60485466443467,3086.356874350156,460.3276053427226,4517.969618139192,2.3889949700207294
2021-04-28,3450.0453608247426,11588.478350515465,1900.338144329897,27893.096907216495,8002.838591047521,6306.98,10057.48188405797,8799.6,24459.57,910.37,15292.18,2007.9360116613489,18684.689829749794,772.4800750117206,138.5913102469602,220.640719927096,3097.770816017731,461.2658485666276,4539.565622489959,2.3689983320426515
2021-04-29,3474.8102310231025,11619.265676567657,1893.943894389439,28102.607260726072,8008.14448406764,6302.57,10039.425516491483,8823.2,24278.2,910.37,15154.2,2012.0849887149438,18559.03174946672,771.2385367328429,139.54915875727872,220.07248901681564,3116.4066405045246,464.3125306749443,4537.4642021975205,2.3517029836480967
2021-04-30,3478.5108153078204,11616.206322795342,1885.565723793677,28182.07986688852,8011.275862068966,6269.48,9987.622326930048,8815.0,24141.16,910.37,15135.91,1973.2473610077307,18193.111046502734,770.8474346825503,138.90327802656682,219.34097137637028,3072.2618251824915,464.3028344139362,4510.658063687724,2.345071629182094
2021-05-03,3475.6362430572826,11518.793003398825,1887.9631932355135,28279.225731575898,8037.605950527591,6307.9,10075.208408843784,8893.7,24419.97,910.37,15236.47,1992.5035590222499,18153.915268175308,771.8992640604955,139.19571397730442,218.97423620611033,3023.965620201331,462.6469458317326,4522.601421999164,2.3431213145216274
2021-05-04,3466.2172284644193,11347.066167290886,1871.2359550561798,28408.68913857678,8001.352210343832,6251.75,10001.759504056889,8830.4,23977.53,910.37,14856.48,1990.9532460791218,17994.236927992173,773.4694567458841,138.77698288553165,219.3075810625666,3055.4813721084506,464.4968436210288,4533.173844723086,2.3317997273589377
2021-05-05,3471.2560386473438,11313.026819923372,1866.8748958853907,28511.027819423623,8152.999768357658,6339.47,10133.065766669706,8967.8,24463.89,911.42,15170.78,1989.3912396548146,18597.23291570425,782.2700573795539,140.07583211058972,219.77597254004579,3046.7530796693577,464.8464690782998,4579.265593236746,2.3317997273589377
2021-05-06,3482.1979114868227,11298.557931377425,1857.6330183988068,28632.960384551636,8144.762891344383,6357.09,10142.492012779554,8982.2,24495.07,910.21,15196.74,2019.5709100363802,18823.62359219872,785.068212824011,140.76846753899002,222.84888314845765,3057.0754515564286,462.4794850753923,4553.290992327035,2.3616371592656704
2021-05-07,3479.6119697467943,11305.68891811904,1867.5024662939823,28590.72673462677,8190.3618609994255,6385.51,10192.073337590075,9059.2,24612.04,897.01,15399.65,2032.0429638132364,19152.695057165503,787.1184143655768,140.99024366502425,222.2057220708447,3033.9388348073217,457.9794236053422,4566.049330968886,2.3549862628256593
2021-05-10,3452.9513602638085,11048.524319868095,1824.154987633965,28642.06100577081,8294.923148579413,6385.99,10168.817990675563,9144.3,24802.9,906.07,15400.41,2063.263376616502,19222.78812343304,787.6601253747615,142.18749502301262,223.67462302038342,3028.351151424653,461.62938599308774,4630.7505084089225,2.380788393903869
2021-05-11,3417.928877181429,11021.92130391834,1816.7517286796176,28209.713533091865,8088.934163804644,6267.39,10014.872869771258,8987.2,24396.01,896.04,15119.75,2047.1385371424333,19387.766364202544,782.9342946537886,141.83110181694366,216.80565344246142,2965.5383768505626,461.90278035633116,4581.517704399471,2.3719615393143
2021-05-12,3365.9514538977714,10795.857841106785,1768.8178278518762,27825.084914257313,8153.92584832082,6279.35,10054.583561144524,9007.7,24452.93,894.7,15150.22,2002.0826445602154,18683.959981895085,780.9598580010924,141.2435148804689,212.59448640483382,3010.25132486698,465.5767355944378,4508.3019230153905,2.3261183048852265
2021-05-13,3404.3874172185433,10865.057947019868,1797.144039735099,28163.451986754964,8100.191938579655,6288.33,10080.303307144162,8966.2,24486.01,899.42,15199.68,2027.309795584492,18817.66310702315,780.8399128777567,141.25064891289065,207.5777811389246,2955.2553721167014,461.21158077739784,4468.212446008639,2.301286965238671
2021-05-14,3437.5308845330264,11060.764289243947,1832.1775654752103,28316.69411958491,8178.357039187227,6385.14,10153.172646763443,9145.6,24766.09,907.08,15416.64,2040.2323959950822,19035.99290918604,789.3175477988705,140.13516273887691,211.51129688206055,2974.2839557267625,468.07873642999255,4490.955597528572,2.3091095489162274
2021-05-17,3425.7302723607336,11008.845552538467,1832.5680901834935,28246.35069530157,8180.110497237569,6367.35,10170.21645812403,9155.6,24862.68,903.48,15396.62,2053.443966144696,19183.71837183718,795.3770625937543,142.1849854843672,209.65061784207356,2989.0209964431674,471.1583924349882,4488.211387309093,2.284718830861183
2021-05-18,3377.37686139748,10884.994272623138,1808.93470790378,27868.31942398953,8165.581287364326,6353.67,10163.048435647177,9183.9,24880.45,900.65,15386.58,2052.6812670131158,19126.551370182584,792.1334599213345,143.79454682242667,213.44082951386278,3013.5862061697035,471.0001909976443,4505.359135397073,2.3043377221330585
2021-05-19,3380.712994907179,10924.708394940035,1801.9057006735663,27842.97683587974,8058.202898550725,6262.55,10038.353176406436,9070.7,24486.69,881.04,15113.56,2035.4614986381412,18971.612883264752,787.1437275743009,143.69848971754232,210.9080995713319,3014.7459315841916,469.7604656654689,4400.240589094141,2.3043377221330585
2021-05-20,3401.308472358521,11069.463526333006,1805.49558390579,27873.855086686293,8146.9158010793235,6343.58,10144.710270171927,9124.3,24702.11,888.41,15370.26,2054.426450853346,18990.698178328767,793.8563775683191,142.65298886093797,211.26503759398494,3000.009490267204,467.1682383143126,4463.833900352931,2.2920719597582013
2021-05-21,3411.7560134635905,11059.018143009605,1818.6273704950333,28082.948854773826,8151.992101289348,6386.41,10253.544026306176,9204.0,24975.0,867.56,15437.51,2048.9828931770285,18764.97195031417,795.4293487502125,145.6169372072168,213.3652049427366,3006.9249706792893,466.288995215311,4462.549828614956,2.280188979108273
2021-05-24,3435.417860358517,11182.09871490546,1823.1480723581894,28152.557911107477,8173.387423935092,6408.49,10243.252121543936,9205.5,24891.24,880.26,15437.51,2039.0187893592242,19085.308056872036,795.1319010062551,145.6740974871986,213.556768558952,2994.4047763333315,467.5024230985054,4472.450171385046,2.290261490276058
2021-05-25,3418.463045341387,11147.345223033915,1800.39178876056,28006.742031587968,8120.822503321203,6390.27,10299.480732440557,9208.7,24892.9,868.11,15465.09,2000.7970086564567,18826.905266702895,793.2746955345061,145.34988961977675,214.26466063857728,3041.8075648377085,477.94435001814253,4501.581045172719,2.3023623876522774
2021-05-26,3441.592847769028,11268.044619422571,1844.8736876640419,28152.107939632544,8138.20140135503,6391.6,10359.415791875856,9196.9,24778.04,873.61,15450.72,2026.8800449101489,19143.58942687747,801.089641636493,146.8674713170885,215.22535317102492,3075.755993904593,483.3472352329744,4502.602844083291,2.3033076475719687
2021-05-27,3445.038543546006,11264.785960308349,1864.0888961784485,28263.605051664752,8177.144854097501,6435.71,10354.519722425128,9186.1,25056.19,883.39,15406.73,2040.6648985382099,19467.566213762446,804.8931326242821,147.3705038493928,213.1955044432828,3075.1972620971574,485.9552438209752,4507.129561985834,2.32061902527711
2021-05-28,3448.535805102124,11277.778689196948,1861.1844803543595,28323.72241817734,8172.47759804492,6484.11,10432.934623813002,9224.6,25169.39,887.6,15519.98,2060.062023252339,19708.11718633506,808.2894513334466,148.59298095290387,217.54102765028546,3080.4160893523854,486.0772698003864,4542.118748616075,2.339287810317507
2021-05-31,3438.382268749489,11244.573484910445,1855.7045882064285,28240.328780567597,8162.503632242692,6447.17,10375.684806428051,9148.9,25170.55,894.85,15421.13,2085.7795406820865,19781.800514074355,800.0406752084605,149.16651598892952,215.38980520934396,3072.054461053707,486.5847943455457,4530.526016131583,2.3542482603552033
2021-06-01,3440.628838123311,11247.424875133054,1878.9322852697942,28310.251371489394,8203.046979088223,6489.4,10428.527131782945,9189.7,25321.82,894.13,15567.36,2079.1205629105684,20387.201881889203,811.5169396683284,148.44807899792872,215.53100456279455,3101.73148781643,487.48965543787165,4535.3970219385965,2.3659776023499175
2021-06-02,3446.1714847268854,11265.522889198262,1881.7705347637375,28335.41888461223,8248.331882796634,6521.52,10458.014223194748,9180.7,25379.69,900.49,15602.71,2088.681734091437,20909.016109125816,813.0452534875808,148.99574860032496,216.37120645836447,3093.3050373232822,483.892453798768,4582.730793650793,2.384520948119661
2021-06-03,3457.7354444994235,11227.535873330036,1879.6387926768928,28514.79465611084,8217.70487989298,6507.92,10446.138488066068,9142.4,25452.33,894.94,15632.67,2070.5835441251947,21047.38859295829,813.0885058254411,151.06514958215848,217.27314191715269,3076.25637213254,483.8015517851969,4585.568924680247,2.3953368296047146
2021-06-04,3476.526670502178,11354.06427221172,1879.1896112435275,28566.113257171037,8224.59569517161,6515.66,10576.489945155392,9088.3,25570.46,901.6,15692.9,2078.434803372637,21176.744375279708,815.6367964631866,151.06879829783873,217.22975305862045,3064.9652095113433,483.8518975466194,4639.805386841352,2.4025329783999823
2021-06-07,3467.344845973995,11388.260388038887,1902.6047007670536,28409.89376102383,8232.676089106031,6543.56,10628.401717993238,9163.6,25824.71,902.02,15677.15,2130.3469273627306,21260.981954153798,814.4302594051338,151.87727826250426,217.90305988361177,3044.4688861626973,483.83890844506004,4632.101396266023,2.3924433360552624
2021-06-08,3472.652591801528,11439.17686683644,1925.3758317588106,28423.41247022098,8251.5438739315,6551.01,10674.807692307691,9153.6,25809.16,913.48,15640.6,2120.647302350984,21178.665839887733,813.9717851329353,151.9742763616501,217.28102025506374,3043.571319046788,481.6359272521916,4637.732201341855,2.397612596983634
2021-06-09,3464.326765188834,11421.79802955665,1910.615763546798,28281.724137931033,8208.914908416416,6563.45,10799.908382959231,9156.1,25741.75,913.34,15581.14,2109.4398489124987,21064.658142872202,810.2162565249814,150.69790191272403,216.15338526063508,3039.6503770132936,483.85604113110537,4614.09513534097,2.3725140159339038
2021-06-10,3483.017007641114,11519.456084134417,1899.112644811437,28318.322241393478,8255.989750160154,6546.49,10829.635063267926,9133.8,25638.19,924.3,15571.22,2123.333736694304,21137.71277676214,813.1979350631708,151.97142597208895,217.63535247256877,3042.4069192576835,486.40184033311056,4651.71831703666,2.373205178212648
2021-06-11,3507.961678229269,11619.937231582424,1929.146019160885,28476.709613478688,8312.333236236529,6600.66,10877.549145691713,9205.0,25717.42,925.83,15693.27,2129.7744666890912,20887.182011085744,817.1399456521739,152.94404876330557,218.02025907516193,3068.8993637079443,485.65989028718946,4654.403742719837,2.393676425088032
2021-06-14,3511.1395329647657,11695.799983496989,1919.4240448881922,28380.02310421652,8321.220236362578,6616.35,10882.62105649303,9281.1,25757.83,927.29,15673.64,2108.9898413800515,21226.37649264376,819.0867704015765,152.82113642431688,218.6123917688069,3064.6113469374745,485.21522709101697,4653.21900155907,2.4166468507564725
2021-06-15,3502.0534388916385,11605.525317499589,1913.3019957116942,28285.7743691242,8330.890295603693,6639.52,10941.60242290749,9230.7,25736.75,920.03,15729.52,2096.669343712032,21263.838377234206,820.2903455043823,152.97167815005332,220.5506030414263,3042.5414599424184,479.8964991214011,4678.712949754319,2.408109725906931
2021-06-16,3521.3639584809707,11705.098169994582,1929.7928217099507,28374.39659844095,8379.439034346025,6652.65,10995.714416811968,9202.2,25767.54,911.6,15710.57,2066.173466886714,21316.056365900116,823.6232769742651,153.7222454505395,220.59805693628556,3023.153508002573,480.6088803742947,4686.823186014785,2.4187974917004795
2021-06-17,3545.3980517299287,11892.29929459187,1920.9439032583136,28403.972119583468,8362.672433949028,6666.26,10989.121683440075,9195.9,25713.6,914.77,15727.67,2063.9331355850327,21474.594177622756,821.7973101480777,151.96917195877595,221.10046096994174,3080.2556220676265,481.2572440647505,4666.455294863666,2.4356103274127014
2021-06-18,3512.434665317822,11828.005395380205,1886.4862586410388,28064.474793458106,8170.7748733771905,6569.16,10913.224273441783,9030.6,25218.16,905.55,15448.04,2051.691905981801,21264.45309265546,812.7494081839703,152.25632186951526,221.5819148529243,3129.2462977650775,482.69821155629876,4645.483372734437,2.4287487365479516
2021-06-21,3545.179155827809,11866.64428967022,1918.3435428379628,28427.43140052027,8258.05659494855,6602.54,10963.924686957316,9051.7,25397.72,905.55,15603.24,2060.551916473337,21630.129765819132,821.6368512169456,152.29992340466393,213.08379293294283,3080.474684399751,480.0459385280206,4575.8291171262335,2.4113379663387846
2021-06-22,3556.482412060301,11937.412060301509,1922.9061976549413,28430.134003350086,8283.205794731,6611.5,10939.906874828814,9053.3,25315.57,908.1,15636.33,2063.0862246995594,21747.943724771572,824.4836854819503,151.99191185052695,218.62042082954892,3063.6776347472255,481.84943012948077,4645.197393394913,2.4133448681262615
2021-06-23,3556.6511549909865,11966.402548945625,1931.3880853561395,28402.498637487945,8281.987941228123,6551.07,10862.351652364434,8954.1,25077.14,910.34,15456.39,2083.2792140383513,21677.624083248233,823.5274077607061,151.78777847872885,218.18716941212028,3106.1412349298566,484.140110477202,4636.175956804827,2.42266196360302
2021-06-24,3575.6704659738516,12043.00201139792,1955.7660073751256,28659.755279919544,8296.83178715211,6631.15,10941.105637657362,9074.1,25422.22,909.84,15589.23,2133.0554418769484,22085.844375095927,823.9850391023463,152.14320245871863,218.25570672713528,3119.2582672743374,484.1148362534478,4623.642198919607,2.425470354214182
2021-06-25,3586.6778382907414,12032.165898617512,1955.9279430247173,28851.14369501466,8298.238269666841,6622.87,10958.630136986303,9095.0,25510.5,907.76,15607.97,2136.3543002332035,21606.465524559826,826.9165247018739,152.84669260208418,219.8236339572698,3157.521265241437,490.7371959172285,4645.604220964974,2.4373044453627726
2021-06-28,3597.6941137011563,12158.73721281234,1947.2916317289953,28746.662753647484,8234.91675398766,6558.02,10953.27435242612,8913.7,25227.1,903.34,15554.18,2129.6050280310187,21690.261193712286,821.1241758988649,152.77710610042942,220.1608306806124,3161.6795575335955,490.9585625133936,4637.05365358378,2.4500730891093516
2021-06-29,3607.464066571405,12211.759267042113,1940.6909304866774,28824.31705471968,8243.254245173297,6567.43,10972.86079182631,8915.1,25357.36,893.6,15690.59,2135.028778168462,21591.894183483124,820.2934896804148,152.5198736440224,219.1406297535747,3136.922053262792,487.0427443789906,4610.070402525651,2.4391670253662445
2021-06-30,3624.594104499641,12232.910218023868,1948.7622822924134,29100.080124826043,8208.397970490467,6507.83,10894.654260171501,8821.2,25102.04,884.89,15531.04,2126.6143150737066,21520.26407793354,822.6909338322845,152.81180022924056,218.54812509488383,3130.2405125142513,491.66666666666663,4625.553447185326,2.4521206170690704
2021-07-01,3645.518987341771,12255.17299578059,1965.704641350211,29226.607594936704,8278.331590565818,6553.82,10925.953293194672,8932.3,25286.06,888.13,15603.81,2125.710319277096,21005.984220379778,820.3745165886425,152.26541790486084,217.21428571428572,3128.0157985253986,490.7061839195914,4580.652523405731,2.4502676431722996
2021-07-02,3668.2174462705434,12338.246944795615,1943.3291192583229,29318.449220396116,8298.79419817091,6552.86,10914.833059660647,8907.6,25282.41,886.66,15650.09,2140.5697188486283,21261.0535434645,829.3747434669586,152.62518289448835,218.49379435988914,3077.654451172448,480.1781041284224,4635.819986679776,2.4469895239160424
2021-07-05,3668.835876253899,12340.327067352273,1943.6567478715338,29323.39205934418,8362.894660052523,6567.54,10917.323481116584,8946.4,25441.34,876.96,15661.97,2146.4334239130435,21013.783454887125,830.3162784343192,154.09835278096628,217.228940372199,3054.5109211775884,483.0691590978738,4643.1178393474875,2.4473369351158936
2021-07-06,3673.6499344525732,12402.11443312048,1923.7112530130673,29244.61453884214,8288.642465273724,6507.48,10915.179711731435,8860.8,25227.92,878.55,15511.38,2114.612869384163,20349.568103069636,826.4395507448,153.91472076989993,218.96804525647883,3055.2002220154436,482.9813340295001,4604.381954791871,2.464753652152514
2021-07-07,3696.1496056314136,12437.503180391823,1910.6521923500973,29413.781697905182,8370.619220414375,6527.72,11024.913336982303,8854.5,25284.99,877.22,15692.71,2128.145156147027,20587.66704756348,828.1821270812097,154.55230287579985,217.42124626350886,3050.6543595786347,488.0251564086606,4649.341963322546,2.4555945885342703
2021-07-08,3648.1087470449174,12292.958459979738,1884.228301249578,29062.757514353263,8183.750436503317,6396.73,10878.17916438606,8650.1,24641.47,859.46,15420.64,2049.8795079026777,20134.327519644277,810.2526103065005,152.87374470113267,216.20938100730487,2948.2706015841736,480.6936295872305,4604.778272596123,2.4238097722005705
2021-07-09,3679.621052631579,12380.564210526316,1920.0,29364.345263157895,8336.997366110623,6529.42,10937.611749680715,8776.6,25051.82,874.25,15687.93,2109.5926702258657,20081.78230344949,821.8035448518468,152.9388738267999,213.5954437734118,2966.9115173872947,480.0831844029245,4585.072810943705,2.376203627126654
2021-07-12,3696.6781890228485,12421.58334035916,1923.8006913413712,29505.25250822022,8339.676966292134,6559.25,11021.364714468164,8816.7,25283.2,873.87,15790.51,2114.6644954764747,20791.58519097901,822.104871195965,153.23833261697138,218.25072574484338,2984.963034080246,484.1413161646475,4622.293656046138,2.3807906952867754
2021-07-13,3710.2666440217395,12464.037024456522,1901.2058423913045,29627.029551630436,8357.933016599214,6558.47,11011.722313446451,8694.8,25156.65,869.72,15789.64,2085.8675245785403,21080.576983174065,826.6476617118035,155.1395505772254,220.43475591034695,3045.1611146805476,490.71754883427855,4637.929027768992,2.4053734108806424
2021-07-14,3695.4464813719696,12372.18045112782,1860.57278026527,29511.894905803838,8303.015045957496,6558.38,10986.453201970444,8658.3,25194.33,871.07,15788.98,2100.6866894429995,21389.31920776906,817.1451732756873,154.97536538201035,219.7779058154721,3026.857510103155,482.9663584600116,4648.106553750868,2.4206011447551825
2021-07-15,3690.5620450313186,12310.0812595226,1853.9783307939733,29614.88065007618,8208.393327480246,6493.36,10925.7343550447,8527.0,24875.5,863.78,15629.66,2133.3682707465646,21107.451564828614,815.404778707531,155.78318395219804,217.84985748401508,3049.536517618866,489.46665094525014,4612.321911348633,2.4134810995806433
2021-07-16,3665.221074030154,12220.26088429612,1832.3225478570216,29381.5432830764,8172.223193982858,6460.08,10971.08191935778,8506.2,24792.78,866.81,15540.31,2135.13957691579,20855.0448690354,807.5419744795164,156.01314309705515,215.52435927037635,3053.0465402771265,484.9038229008032,4607.249357326478,2.425346566896848
2021-07-19,3608.889830508475,12097.440677966102,1805.6610169491526,28781.389830508477,7931.846100359255,6295.97,10821.091041780697,8301.7,23965.92,833.16,15133.2,2072.017272835082,20069.95748662886,789.3585908939847,154.18957035316254,214.09677918860328,2996.48790058862,484.3317490990756,4534.901814334175,2.4068971145784643
2021-07-20,3669.5187165775405,12307.002801120449,1862.5753331635688,29294.61845344198,7960.124934929723,6346.85,10897.354497354498,8358.0,24107.33,838.83,15216.27,2074.340147857415,20385.665168374937,802.918926156524,153.69147754643714,211.62231494359452,2981.466493125814,485.20811518324604,4513.161366606509,2.3923951333589883
2021-07-21,3695.6842462268946,12406.265897914194,1894.2173986772934,29504.832965914873,8136.115793756902,6464.48,10966.593687283343,8567.0,24675.61,854.22,15422.5,2105.994709250814,20579.373120669366,815.8111576387952,153.6055141365831,211.77736777367772,2970.6077155155954,489.4990397661356,4560.241467523554,2.3716325341632314
2021-07-22,3710.3729504714975,12475.235748874353,1868.5583212981055,29584.020049273637,8150.5351190128085,6481.59,10925.925925925925,8621.8,24805.21,858.13,15514.54,2121.0340780519105,20603.957566007073,816.6514552276645,155.97954201345343,212.46336572574427,3025.6621811871787,491.9150277026495,4630.244789217991,2.3956203518754653
2021-07-23,3747.379597383844,12602.556697528242,1876.879300093434,29781.321668223904,8204.99708114419,6568.82,11066.256157635467,8717.2,25124.91,864.44,15669.29,2129.6120953156833,20421.618178997476,821.0102786042737,156.20344557136931,211.66346523242413,2990.0281252393925,487.7133888608557,4627.57243882596,2.401555570314287
2021-07-26,3747.3942886196087,12575.80713498856,1878.586560460978,29780.789763579356,8224.572699601968,6578.6,10992.182083561393,8775.2,25296.4,869.9,15618.98,2152.1446270158735,20626.789441375076,818.1947165732045,155.87955011359233,213.7241035091761,2851.9667463346386,475.0362730873299,4626.498357578602,2.3828153862067945
2021-07-27,3725.0,12407.396750169262,1854.9678402166553,29670.37914691943,8217.14822645055,6531.92,10966.146688560482,8699.2,25086.55,876.35,15519.13,2156.462861656998,20399.436859509544,813.9283435747625,154.60289636700787,215.63657389561328,2725.349136596468,460.6023188104399,4630.154517133956,2.3750091840183387
2021-07-28,3715.5015197568396,12464.184397163122,1878.5545423843298,29492.51097602162,8234.514728318272,6609.31,11013.711001642036,8733.7,25261.67,877.99,15570.36,2176.6585412383156,20832.84805793611,817.972909225689,153.89266278171036,211.87325241972653,2775.3557187370625,458.28195322458964,4596.263469324198,2.3811646657250476
2021-07-29,3717.319986541049,12431.241588156123,1884.278263795424,29512.558882907128,8313.85952548743,6633.77,11026.035395000912,8786.3,25516.46,882.74,15640.47,2187.6843032911906,20802.347138080575,823.5266288185995,154.575335208489,213.44821757836507,2849.1038126532667,465.8771261245416,4614.675086322208,2.370496812679104
2021-07-30,3702.5187431555896,12360.104456237892,1875.3685451941708,29429.25617049954,8236.472241742797,6612.76,11053.475643130814,8675.7,25363.02,888.26,15544.39,2156.1270660741043,19680.683810400962,821.6608692715545,154.83011363859626,209.48702395577394,2817.2271597703766,464.2182937004589,4574.063853483479,2.346709658507988
2021-08-02,3696.3181396916334,12369.256045159658,1866.6273485550591,29352.228494397168,8283.19784782736,6675.9,11102.919175332969,8758.7,25351.6,897.45,15568.73,2152.6405768644845,19942.507874240047,819.2538218061821,156.18368436818525,214.13666319805756,2840.97110928228,473.398610151371,4646.116348300669,2.3671496874931144
2021-08-03,3728.8399932557745,12444.183105715732,1874.5405496543585,29604.113977406847,8336.133270764898,6723.81,11095.803685458857,8772.8,25356.15,895.19,15555.08,2188.697376474917,20041.2902807285,822.1213649352833,158.2612888360793,213.68143166357453,2839.7007967911536,470.84375651448823,4661.075081067598,2.367663085216094
2021-08-04,3719.405254709808,12486.719608008787,1855.470136014193,29393.148601841684,8359.866220735785,6746.23,11109.961685823755,8792.9,25490.22,895.71,15692.13,2164.2504092151185,19906.873360518424,822.7012462108454,159.10140323430093,212.84012345679014,2869.160907871951,476.1421982989509,4678.096514745308,2.4018538992656158
2021-08-05,3742.690552644922,12586.716241338518,1889.4794659455808,29630.091262464088,8381.413689600377,6781.19,11129.191753329684,8836.5,25665.55,903.33,15744.67,2168.1537277582147,19580.785112325633,826.6432479902724,159.44197869239716,213.49029873729597,2846.2785052109075,475.1569365976145,4700.0200237782365,2.415419437604141
2021-08-06,3772.069889044765,12613.833269565957,1911.1167793223656,29935.390894018623,8401.6867185657,6816.96,11107.735814632366,8879.0,26000.28,893.47,15761.45,2168.4331143286104,19958.947855976203,834.0388066777284,159.81096450571525,214.52010641168988,2861.3867879158834,475.3073548793202,4714.297864356961,2.4167245532877137
2021-08-09,3775.747508305648,12658.812505324133,1903.7481897947014,29901.908169350027,8412.219142537006,6813.18,11230.386790731618,8865.9,26139.43,893.07,15745.41,2159.905389360801,20018.61600423091,833.23172796857,159.36430635143358,214.86804402394287,2876.2434204046795,481.0225496762671,4709.732600274897,2.429667938476213
2021-08-10,3785.622866894198,12617.824232081912,1910.7167235494883,30089.308873720136,8459.586532782043,6820.21,11276.85641306331,8899.0,26201.21,897.15,15770.71,2170.70521156177,20090.669209459847,840.4279240911723,159.25145768200076,215.1863425925926,2917.7307920075446,486.6975373605556,4743.376297550726,2.413608591139457
2021-08-11,3788.8235795212536,12577.851605758582,1916.9775960473637,30228.264758497317,8533.43576409408,6857.99,11300.766283524903,8975.8,26457.06,900.1,15826.09,2193.6339998820063,19920.078990746333,841.7549477126408,159.17719115442463,216.56002160160466,2919.74153980944,486.7944621938233,4763.559338002073,2.3926629223500044
2021-08-12,3803.248358768863,12632.15960439935,1913.2662631085343,30266.72350584022,8466.607815442561,6882.47,11338.414522897281,8979.4,26557.84,893.98,15937.51,2180.1153482333702,19584.78013954243,839.4637449385825,160.29484444584207,216.32384850005792,2905.4256601292864,486.08609267166236,4745.145233405246,2.366114294564039
2021-08-13,3788.6882048672937,12569.235987450182,1885.109810904774,30115.64487407784,8487.108341661278,6896.04,11370.589308520342,8999.8,26652.56,895.29,15977.44,2196.127822627424,19586.401945811416,835.4834338369808,160.64789466212935,216.49113982821328,2875.107714598528,482.4501230559774,4767.763264795951,2.3312823453305107
2021-08-16,3803.1326937770614,12559.43628491383,1870.6256897869089,30244.842516342647,8412.982889398481,6838.77,11329.264732713007,8926.6,26448.76,898.9,15925.73,2191.785981331931,19231.73122695476,831.6116399972992,161.05792120521522,213.88863848305874,2853.0054049341816,483.36928230982556,4723.710441066533,2.3312823453305107
2021-08-17,3798.531169940222,12515.95217762596,1859.2399658411614,30182.134927412466,8425.566115217647,6819.84,11382.448458310528,8865.7,26224.79,899.88,15921.95,2201.0890949672034,19011.529096860537,828.6371011357489,162.04608572720292,213.71104617182937,2820.429760033303,475.6459629373622,4651.4940393249735,2.2847703300937
2021-08-18,3757.0611338797817,12402.587090163934,1843.2206284153008,29850.315915300547,8421.119398602219,6770.11,11444.398832329867,8970.2,26357.21,898.58,15965.97,2213.2108458493312,18510.14432956971,824.123043712898,162.0021069375778,214.5761512134412,2836.6682019563973,480.95564128559954,4632.356900277863,2.2966353074607766
2021-08-19,3773.3812949640287,12454.42788626242,1826.3275094210346,29885.346008907156,8246.331775700934,6605.89,11315.07024265645,8902.2,25928.78,881.95,15765.81,2170.5892097851897,18529.629453907102,812.8722125784484,162.30495033927147,212.91789588698975,2781.7544515072773,478.9624638187608,4569.138764767093,2.2550008735150247
2021-08-20,3797.272804992733,12579.858083269213,1853.1247328374795,30024.869624690087,8254.70214872183,6626.11,11326.090129538405,8915.3,25918.27,883.11,15808.04,2159.4262734021445,18766.391390396857,816.3410894059605,160.3314105428106,210.30167380303624,2731.473858346478,472.337208079108,4550.715462031107,2.2314731101259917
2021-08-23,3813.988931460195,12722.562792677734,1880.2043422733077,30085.747126436778,8303.959817778297,6683.1,11381.928480204342,8968.1,26046.03,897.44,15852.79,2181.2940017457177,18585.529854760625,828.3088730308333,159.98969444274564,213.39832350201803,2744.667431819424,478.71606754635445,4597.285784434079,2.2457431887386177
2021-08-24,3816.4440663547425,12777.371331348362,1897.8392173543173,30086.14206720545,8322.564821303435,6664.31,11345.24721766101,8948.6,26027.91,907.56,15905.85,2187.7229122785607,19490.219285801144,833.5698357997161,161.3730198091314,215.17768466790812,2808.954881676993,484.2089350150845,4632.6129908619405,2.2757135398538115
2021-08-25,3819.393476044852,12777.658851512062,1902.2001359157323,30076.02786272511,8358.314337483194,6676.48,11279.483670862981,8977.4,26060.27,914.43,15860.66,2197.8024238836297,19687.73119103101,834.0979624881933,161.52370851173188,214.10765310062553,2809.0183066486643,486.73387070328124,4655.354471846221,2.291655742957849
2021-08-26,3803.6078965282504,12717.673587474472,1883.9176310415248,29963.51259360109,8306.592830078693,6666.03,11320.041963145412,8892.7,25861.52,915.75,15793.62,2185.1530234655347,19230.9187508099,824.9228498591173,161.87541880407161,214.44144701244494,2776.912319038514,481.82092687409744,4613.2333651507215,2.2784595328783985
2021-08-27,3823.119966087325,12827.045358202628,1930.6061890631624,30060.025434506148,8338.302712160981,6681.92,11347.381864623243,8922.2,26006.63,914.39,15851.75,2200.6396363836325,19659.13496782602,830.392749244713,163.76508080168887,213.36271709764569,2768.1058526168995,483.59730136896576,4642.180274006572,2.2818718645104448
2021-08-30,3838.9336271933544,12940.4848690345,1920.818852250572,30007.493430533184,8337.330145214908,6687.3,11345.174238277687,8867.9,26024.27,929.26,15887.31,2213.9291065506154,19574.618691863794,829.6677428033361,166.5070189391766,214.29125539790252,2779.9954282728672,484.7201011974596,4641.575952498763,2.276237774286728
2021-08-31,3829.8585824371244,12921.70378524854,1925.455161317639,29943.88178507918,8293.668821713552,6680.18,11321.939427111842,8846.6,26009.29,923.15,15835.09,2248.799762399361,19527.997895636734,826.5069136796884,168.96419797354423,216.17315684161923,2818.8317947880078,486.84112223030485,4668.172975652066,2.3289437286161463
2021-09-01,3821.3447081679196,12931.311766196468,1931.8016724385504,29827.291156347663,8315.701325889742,6758.69,11341.716839992703,8991.5,26181.66,918.06,15824.29,2205.7327760094454,19443.795751194924,828.80476620812,168.38064877662737,218.45909317771716,2823.882523976913,488.8394929360155,4683.509317736365,2.3353164344957658
2021-09-02,3820.58947368421,12910.467368421052,1940.2273684210525,29847.42736842105,8345.156968955675,6763.08,11341.41580003649,8981.4,26233.38,917.06,15840.59,2197.446046261249,18954.626681395803,835.1378546991348,169.38016630212078,218.6404442742244,2829.0589115513485,491.7126423289119,4664.858852121892,2.3168365225384275
2021-09-03,3816.7381974248933,12928.990995539849,1928.847934023395,29764.44500547,8329.949238578682,6689.99,11267.870826491517,8864.0,26064.78,915.05,15781.2,2189.106642481729,18951.91247974068,836.7434674548265,170.15108026421214,223.35794801012193,2805.6140464894606,489.5637034670283,4722.027429934406,2.324510380585147
2021-09-06,3820.918281381634,12943.150800336984,1930.960404380792,29797.042965459135,8377.643081944283,6743.5,11339.381499726327,8882.3,26263.43,915.62,15932.12,2211.498090856371,19203.87764245856,837.0245934686199,170.68405118732278,227.47058823529414,2837.62696239256,495.1844870431851,4718.879277924032,2.331339199289681
2021-09-07,3817.270500802297,12983.979393632295,1921.8055907440253,29642.766658221437,8325.806451612903,6726.07,11261.065498996533,8894.5,26073.73,909.29,15843.09,2200.674811281591,19253.283240770994,832.2500918472997,170.0068503644717,229.10200643283807,2861.8342536636746,503.2867712843419,4698.216246568505,2.3199965062705163
2021-09-08,3820.6263224714344,12938.332628015234,1904.1303427845958,29649.657215404146,8270.330438836761,6668.89,11143.16730523627,8838.7,25876.89,905.48,15610.28,2184.651835401909,18035.66970142727,828.6971889692887,169.7855534855841,231.71754318618042,2865.767698103347,504.53199905692503,4682.707891784066,2.3066640413056794
2021-09-09,3799.4926433282594,12893.835616438355,1901.8518518518517,29493.810248604765,8218.333918333918,6684.72,11053.11986863711,8800.6,25909.83,899.22,15623.15,2180.269632797122,18765.956062368336,827.7167562514607,170.58310597839397,231.27699421965318,2797.711003285537,507.0256675595843,4590.87369568603,2.263244708293066
2021-09-10,3773.66060093102,12793.474396953025,1885.3575962759205,29291.341515023276,8234.77038425492,6663.77,11002.225871191387,8695.3,25686.47,901.13,15609.81,2192.4683343652728,18437.37295518343,823.2752009069992,170.79066616450874,233.90438062976366,2847.1222845719685,509.74389282899926,4611.401176726956,2.2595583185744754
2021-09-13,3783.8526672311596,12790.499576629974,1897.3581710414906,29525.512277730733,8281.213754320193,6676.93,11015.15234446269,8816.1,25925.73,905.37,15701.42,2194.608588925681,18900.863013809845,827.49113297196,170.9502152186115,234.39083910700535,2809.5593637249194,511.0543860570109,4631.19753009418,2.26249927666223
2021-09-14,3764.0206709589975,12739.54591663843,1872.2297526262287,29293.09556082684,8230.339905224362,6652.97,11035.650428753877,8780.0,26027.07,906.81,15722.99,2204.3464813742585,18786.68219009735,819.7931264597933,171.44772537474628,236.889626940604,2773.458689954432,505.0223324409128,4611.421750992064,2.270490680318708
2021-09-15,3791.740712532792,12830.269950071932,1890.8775492933908,29461.276127612764,8216.511505357457,6583.62,10933.068783068782,8635.4,25762.1,904.1,15616.0,2223.083426862798,18641.16646415553,828.4901048119747,173.06781291977782,236.06738878143133,2721.992247176961,504.1203478352387,4603.829800440706,2.2795058444234013
2021-09-16,3802.2692503824574,12903.212646608872,1897.7647458779531,29535.37310895801,8236.132434808087,6622.59,10972.851669403393,8733.7,25963.93,909.16,15651.75,2224.8545958950945,18407.062325099883,825.4104402600013,174.48525786186622,234.9007669068092,2693.8054546943677,497.540881123943,4622.180297397769,2.2603681477790536
2021-09-17,3780.15690287371,12828.489809840537,1907.4528865012364,29491.668798499188,8161.312628186347,6570.19,10888.095238095239,8760.9,25709.56,912.81,15490.17,2185.4736824170345,17965.838284014608,817.7653108929406,174.00002870425868,236.48949368070095,2729.0981766412965,499.5021726372981,4587.1741016109045,2.283077437552706
2021-09-20,3715.9802165941837,12547.028225462607,1860.8339728830902,28967.732582928285,8041.360433288683,6455.81,10733.825944170772,8655.4,25048.26,892.13,15132.06,2140.3506172421385,17432.02165313346,801.5562649640862,171.66096392602455,237.7430041312651,2639.642047383813,499.5021726372981,4482.636445159095,2.283077437552706
2021-09-21,3713.5948827292104,12576.88699360341,1864.5458422174838,28929.501066098077,8133.49644646394,6552.73,10754.579456303594,8756.0,25353.36,894.33,15348.53,2152.9762189669655,17839.917798687693,805.922278413628,172.85751439040857,232.99531506207543,2652.743750513375,499.5845258978857,4486.400419416518,2.283077437552706
2021-09-22,3760.814510609172,12745.422655715263,1898.1519507186858,29310.677618069814,8258.563600326454,6637.0,10798.731983214742,8808.4,25717.46,894.3,15506.74,2186.494319573249,18162.485239643487,817.470525187567,173.72963561227192,230.96236265877033,2651.495065708453,503.4839768838167,4523.805331680099,2.283077437552706
2021-09-23,3790.2368376214004,12823.513375362072,1924.5527347077866,29617.328335321177,8272.482907730964,6701.98,10890.914066776137,8876.9,26081.13,886.72,15643.97,2186.9212055539615,18323.009702499516,824.3723497341321,175.50519125644587,228.89335083790255,2679.9671987754205,503.48407009028375,4581.177896568871,2.271151486104757
2021-09-24,3802.9020143393645,12843.717992488904,1918.8033458518266,29701.26322977125,8230.49897869857,6638.46,10780.149607735815,8873.1,25968.84,873.1,15531.75,2174.9831681069886,18124.217043845543,824.0455955753407,175.65364930479487,233.16742465119867,2652.9254692100603,499.80465656512325,4550.306448114523,2.252344059673525
2021-09-27,3798.828659370725,12799.22195622435,1950.2393980848153,29813.07284541724,8273.38213762811,6650.91,10665.18883415435,9002.9,26132.24,875.43,15573.88,2193.9969512778484,18011.893434823978,830.1249280563362,175.90970345721823,232.93837621321833,2658.21689551616,497.26343947188946,4600.460407451249,2.2749573487240915
2021-09-28,3725.6098604810413,12451.1512453993,1908.56800479329,29358.88898399384,8142.857142857144,6506.5,10477.631819011129,8769.4,25573.25,860.03,15248.56,2143.934526992039,17360.390326954,815.6793954931859,174.1374167040229,231.68529321461466,2696.8255016565954,500.24910890564337,4506.970203803506,2.2527705866953665
2021-09-29,3759.1273605242736,12513.960507027681,1918.8669483487108,29654.84176942313,8229.418234442835,6560.8,10607.854406130267,8879.4,25736.85,866.35,15365.27,2148.0909450242625,17690.475432283543,817.6840397485296,175.0969860278456,227.53506103431013,2727.6748931369893,493.8577263127036,4454.091907782763,2.215612171759953
2021-09-30,3718.846585513252,12473.95320728654,1903.108003108003,29218.613485280148,8243.37811900192,6520.01,10620.735267286991,8796.3,25683.81,865.34,15260.69,2149.2082917521643,17601.900094370296,819.3232110029278,175.21191176307798,228.49231962761831,2723.9529818611068,500.80284981552535,4574.904224121795,2.2329896457131215
2021-10-01,3757.364608485685,12561.831666091757,1933.1062435322526,29601.983442566405,8209.193925233645,6517.69,10559.542054369642,8799.5,25615.31,871.06,15156.44,2153.59649418791,18150.18568236259,823.861467139351,174.6126332400539,223.38654450871542,2721.7356634992357,500.240116111858,4496.8396019775955,2.200119509138077
2021-10-04,3699.9569818463387,12264.888582982017,1907.8293039662733,29254.865353179037,8211.055806054928,6477.66,10565.909505564678,8791.7,25460.8,871.88,15036.55,2135.9944230502724,17414.22092518831,822.8009021939716,175.11382765349393,220.63985417313066,2655.7030555141228,499.1217650120791,4560.463659147869,2.200119509138077
2021-10-05,3746.9563717882397,12445.102603897225,1921.3312640110366,29586.71322641835,8317.682317682318,6576.28,10570.151432220398,8927.4,25956.02,882.1,15194.49,2139.805662484729,17394.349784258764,830.0602987529121,176.68841295956162,215.2082301980198,2670.9827191684813,500.15313935681473,4557.30776485382,2.1476983534290874
2021-10-06,3775.3504066447485,12547.07561861914,1916.3869181519294,29777.634538847553,8220.28082956348,6493.12,10554.086845466156,8775.0,25605.73,876.37,14973.33,2145.4632310852217,17418.229654895353,833.7101817806948,175.11198895073554,213.75835695150832,2666.51349862872,501.8849692325243,4534.9568938392795,2.1124613216729378
2021-10-07,3808.656509695291,12685.266620498614,1947.792590027701,30085.64750692521,8344.28529325081,6600.19,10731.289910600255,8962.8,25992.29,889.09,15250.86,2131.7354982682814,17344.00878293601,845.379600565693,176.89185662205347,214.67625843480957,2744.956911639691,502.14780150795946,4593.865096698635,2.1524441244281527
2021-10-08,3795.781830754603,12602.247385253695,1930.235975451638,30033.92687354136,8349.17926692946,6559.99,10732.521437693851,8955.0,26051.01,892.6,15206.13,2134.147150700196,17694.051968824977,850.2633767673967,176.7752633880123,216.02695625385087,2756.94290281046,505.00348768578635,4624.634046182518,2.1493329455814463
2021-10-11,3775.2683518005533,12539.993074792244,1922.299168975069,29861.547783933514,8411.522391573002,6570.54,10738.523991972268,8899.0,25930.46,884.05,15199.14,2141.907724209435,17537.931196210397,850.7350901525659,177.1196334059844,217.70970206264323,2813.52375238857,505.137013875842,4645.8558472553705,2.1493329455814463
2021-10-12,3773.6577326741253,12547.419550698238,1937.9564576285886,29819.01292393095,8403.830514467558,6548.11,10725.013683634374,8935.9,25990.02,890.61,15146.87,2163.6336239694897,17585.90688195642,853.203924024212,177.89247446746924,215.51729139628978,2777.942354774093,499.9596503026227,4641.526839219686,2.1160789435495575
2021-10-13,3764.1680324333647,12569.343569395323,1933.8997671008365,29653.937721038554,8415.506981676781,6597.38,10777.768655354863,8881.4,25958.69,884.11,15249.38,2174.5626773213357,17749.810308278382,856.7120723718415,179.0485180017663,214.3449746734204,2772.0502826176275,500.9044430429007,4629.06973043506,2.1292177082278756
2021-10-14,3827.4060020696797,12783.226974818905,1961.1762676785097,30107.41635046568,8500.159207500443,6685.21,10848.85969713556,8925.0,26277.57,888.59,15462.72,2187.4980071791892,17702.66043136212,870.0132468800113,181.33035935867036,216.59027461690184,2769.175046730527,499.36594020956784,4676.045790298341,2.1563681491529336
2021-10-15,3853.964833649371,12840.320634373385,1952.8098603689023,30421.27219444924,8576.206283343212,6727.52,10911.640211640211,8997.0,26489.18,894.74,15587.36,2237.859557288631,18096.125009865045,875.6830220239755,181.15204070644342,219.36933061655728,2806.179342738608,501.5029335333673,4712.283172246048,2.1876954556338384
2021-10-18,3863.973817931272,12937.567823615536,1953.1823271036087,30366.55757471363,8516.675533487025,6673.1,10917.788724685277,8936.0,26268.62,891.3,15474.47,2223.1902673557147,17877.590557209034,877.7383437717466,181.91704272748177,218.66400482145545,2815.5627579711354,500.88538248255355,4711.241462947597,2.1914736987878918
2021-10-19,3884.846140622314,13004.203197524497,1956.257521058965,30477.31648616125,8558.166834647534,6669.85,10894.672505017332,8996.3,26332.99,898.96,15515.83,2225.3759479119294,17032.087289739764,880.4825476289807,180.30689032897772,219.55001127226274,2848.0779744318966,507.1240034475328,4735.999229386079,2.2001060453089476
2021-10-20,3893.391125225302,12978.868766629474,1965.2991159557118,30563.333619431804,8570.360702420503,6705.61,10958.903484765553,9017.9,26581.77,908.13,15522.92,2221.1981801687316,16986.177870794138,886.7432950191571,178.61918290160781,219.73524109959445,2886.076480526508,504.5965517472802,4782.568783666096,2.1914150854200454
2021-10-21,3914.4627032607755,13091.026413146346,1975.5484814591755,30631.575324787056,8532.96149053581,6686.17,10982.612661923005,8944.3,26525.15,905.53,15472.56,2204.2440767882986,16380.568648319904,886.61378974466,177.9305307364117,216.6930595916519,2873.7061847983964,507.0025636367306,4763.842991134525,2.195339703767511
2021-10-22,3901.536612584771,12954.073311013823,1966.9241995021032,30626.680401751222,8505.962219598583,6733.69,10998.18463783981,8906.4,26571.73,905.04,15542.98,2207.1323722383554,16154.192185529093,884.5750772113684,176.26585841897108,217.90490959981844,2886.1563104114884,504.8159401973702,4752.002563281,2.199495152734589
2021-10-25,3933.9076498966224,13117.427636113023,1992.2811853893863,30790.093039283252,8567.48710040923,6712.87,11004.533844189016,8920.9,26815.79,901.15,15599.23,2213.9653684830987,16854.584777098207,888.6693337971822,176.08377260565936,216.66977272727274,2894.569642056059,510.389067263848,4802.504195172325,2.2014474480165007
2021-10-26,3944.974776872332,13138.19686974518,1979.9767171129217,30834.199974130122,8641.714658908746,6766.51,11080.569239189928,9001.6,26970.95,902.09,15757.06,2227.3101159164307,16485.856363861694,884.6274318727595,178.34858992113735,219.90034753702022,2888.4874369072054,509.4472443285458,4814.6170763260025,2.2416903769381764
2021-10-27,3921.8335343787694,13127.55471307944,1940.7978631742199,30579.61399276236,8592.394716578809,6753.52,11026.683087027915,8972.3,26806.19,906.57,15705.81,2193.490100269761,16549.931536690114,877.6762675221424,177.72551544497034,220.25766406782225,2841.9853846239153,503.19771947677356,4824.443149065708,2.237341655142834
2021-10-28,3934.9541991267874,13224.997859772282,1967.2801986131326,30588.545501241337,8557.48096559051,6804.22,11086.571793468345,9025.8,26890.35,906.57,15696.33,2153.204944794777,16026.335339691012,883.6812539011028,173.88823132616494,217.22321462219708,2814.1512914113305,493.88121371218864,4799.533636921487,2.2209881554186195
2021-10-29,3982.859119605638,13403.433365043671,1986.6730087347573,30977.739341001463,8570.750192432943,6830.34,11045.584747308885,9057.7,26875.96,898.06,15688.77,2159.008914618105,15873.97529197948,883.1733621863111,174.1184427928287,219.149651092233,2818.972929140331,501.936694590891,4764.156122946821,2.170312248863952
2021-11-01,3974.5606478290833,13435.492763611303,2031.4610613370087,30938.86974500344,8581.40931300406,6893.29,11144.252873563219,9182.6,27206.0,905.16,15806.29,2135.0762833416693,16005.534789564268,890.1605656368638,176.15470085696367,224.08979591836734,2788.4799574317135,500.30235079426006,4778.941874412423,2.2031624412034434
2021-11-02,3999.179549183867,13515.502202262718,2039.7789100958635,31136.220744451162,8554.574317968014,6927.03,11239.737274220033,9105.7,27189.63,904.47,15954.45,2145.510869348504,16048.731165138588,886.0999965206499,177.06977369898075,223.71097302212792,2785.308690610279,495.7729183393945,4699.282047991787,2.2080084994138334
2021-11-03,4013.5807785049947,13616.586290044783,2070.5132621426114,31138.115742335518,8543.68554422771,6950.65,11296.542601715015,9030.8,27377.87,908.12,15959.98,2175.1173114463772,16377.887187439424,888.3483337387497,176.7738876034013,223.0180554506308,2775.0085940185636,492.85354231216434,4740.428983648605,2.1863340803056466
2021-11-04,4050.597195776355,13796.356240263112,2079.3058680976283,31265.561710230228,8506.058304609453,6987.79,11314.586754241926,9039.4,27522.05,908.62,16029.65,2185.4707696455957,15973.694372789201,893.1623931623931,178.52557079118858,226.67658247108946,2807.3217962272547,500.05140901281163,4758.793004036133,2.174976852020618
2021-11-05,4060.9725524097685,13807.296304300842,2106.833801599308,31405.18694618543,8522.707117852975,7040.79,11240.512680167853,9130.6,27795.93,906.85,16054.36,2209.0597102779707,16347.634197311376,895.3117951209356,179.174541127216,225.70654369450057,2765.5409763149114,494.378470392737,4771.651255799073,2.178257552415746
2021-11-08,4057.3869520193302,13792.16430790473,2107.991025198481,31439.60131170176,8542.975835234918,7047.48,11269.248312351761,9070.8,27711.09,921.26,16046.52,2217.3110830566193,16307.707871289056,897.7218350150837,181.18316084418734,224.85844922842446,2743.467254568518,494.9575805025546,4772.767388241322,2.1593744073063625
2021-11-09,4041.4474251703614,13703.562494608816,2093.7548520659016,31329.233157940136,8505.659494855005,7043.27,11282.174785623061,9074.9,27441.27,920.52,16040.47,2212.420585644389,16609.3689752044,900.0658830056519,180.73910051888814,223.80084826716595,2749.3772853185596,495.94462397873474,4730.9399261804765,2.158739643375039
2021-11-10,4047.6567944250874,13608.632404181184,2081.515679442509,31428.51916376307,8570.4361025162,7045.16,11313.081554460865,9141.8,27561.0,918.06,16067.83,2182.2657250098023,16808.898758773845,900.1569092367237,181.68546352313578,222.58846021488932,2786.24940783057,499.0537739965096,4738.255042124075,2.1448847831815656
2021-11-11,4060.143218932845,13714.33062614619,2103.8686577591475,31369.513579600036,8623.356300362024,7059.55,11331.03448275862,9092.2,27633.2,917.8,16083.11,2186.9245562561887,17402.26111147053,899.8715679128051,181.10412898370717,224.13672727272728,2824.68128905223,505.9608078930826,4702.594680681637,2.157450229765514
2021-11-12,4089.111072301782,13849.94760740482,2105.9902200489,31523.140062871116,8607.63779066362,7091.4,11417.670133187374,9080.8,27732.39,913.94,16094.07,2188.665290750867,17008.3654569011,911.7399324771153,182.97627797296687,227.0703220858896,2840.1749320176054,507.6752509940528,4765.960171607862,2.1890738023433296
2021-11-15,4118.919869821444,13944.806051543672,2111.8216201952678,31741.973788371884,8678.345039249247,7128.63,11418.646232439336,9095.7,27868.13,910.63,16148.64,2194.432569010493,17137.19802091895,917.052601988826,184.33044389989576,229.4936416184971,2854.4667599759423,510.25967851950867,4827.3624349736665,2.2220641834829764
2021-11-16,4152.371698613196,14109.937284692165,2124.38830492006,31924.93595972087,8691.026629500031,7152.6,11455.336617405583,9040.2,27804.93,909.99,16247.86,2179.2922193540694,16757.41136060864,919.0380761523046,184.18424326612202,229.3108700669282,2909.292300729762,509.98224488245,4787.04470679311,2.233373819867214
2021-11-17,4142.117584698971,14065.612438711956,2099.924908344008,31742.612306197272,8684.13530252501,7156.85,11494.38970990695,8993.4,27824.94,917.87,16251.13,2183.612139567813,16447.27046155321,912.9935190050797,183.87160124239426,229.87479674796748,2912.5312258709178,513.5064755176951,4731.421050942125,2.2189248503823773
2021-11-18,4137.31422038519,14065.350452906516,2078.6122592560023,31545.994195761145,8610.88233548923,7141.98,11451.55081189564,8903.2,27661.82,923.07,16221.73,2151.102487659036,16206.389139412351,910.5621270804983,181.45385747043125,227.81343082547622,2864.5943759651987,508.12217693070403,4722.385127351849,2.200292637771175
2021-11-19,4161.537780139959,14223.97023651342,2075.613429001683,31536.87660554522,8608.711714932666,7112.29,11444.08866995074,8753.2,27337.46,915.02,16159.97,2159.614416045597,16258.37297924211,911.237254283612,182.31705747592298,231.14360090139093,2841.034568797351,517.5091879897373,4740.282628897363,2.213017310729077
2021-11-22,4167.799928800285,14110.679957280172,2074.8932004271983,31701.005695977216,8650.840586622155,7105.0,11412.889983579638,8821.3,27382.87,911.43,16115.69,2139.8518543630075,16267.875206091549,905.4940434477926,179.04772506795646,230.68187805067018,2848.4402915641604,523.2715184712843,4727.466889546097,2.2566428015097957
2021-11-23,4170.252489331437,14024.839971550497,2069.5768136557613,31840.149359886203,8642.590390104662,7044.62,11281.454114212735,8815.1,26939.4,894.94,15937.0,2144.528645908719,16539.488275983116,909.9670105987225,180.41749944679782,229.88927923406558,2808.3527475093842,523.206598465829,4761.985605963244,2.2459985612804605
2021-11-24,4198.10697383695,14148.790070542012,2081.8465934458436,31971.050986695238,8672.125684360868,7042.23,11307.900018244845,8792.0,27109.3,889.58,15878.39,2119.25159387648,16646.894860073586,918.0994677663812,180.04846299161196,226.67796085712075,2827.3393654793267,526.0311672708731,4755.397172236504,2.2391902603909606
2021-11-25,4194.3616736550985,14136.167365509857,2079.9892943170667,31942.528325452757,8689.373588493996,7075.87,11357.124612297026,8840.9,27098.83,898.97,15917.98,2094.777022623592,16958.56973426932,921.688531527719,181.4241226746938,228.16366308299172,2830.584762536755,524.8127864088522,4752.534967278327,2.238616389994742
2021-11-26,4059.210177577525,13686.421061931267,1984.221220955915,30832.52937538652,8300.765967475842,6739.73,11128.635285531836,8402.7,25852.99,858.93,15257.04,1994.9904064752259,16099.075546876229,882.4939550949914,173.09497066496783,224.184171539961,2728.6399020974263,516.1955432717223,4582.06716394423,2.2020052042323757
2021-11-29,4122.444100066416,13976.382554793003,1985.3708213415982,31114.412220500326,8383.88066741348,6776.25,11148.275862068966,8455.2,26041.55,871.34,15280.86,2034.8400304840054,16254.021453019152,888.5583205894619,172.93702950892305,220.67504096122337,2713.8741608829223,517.6816376328358,4579.9784912225205,2.1596270617753164
2021-11-30,4028.2249173098126,13704.687982359426,1939.5016538037485,30415.62954796031,8280.3941117823,6721.16,11092.583470169677,8305.1,25814.34,867.71,15100.13,2043.9026797611411,15982.467420452585,861.8485538758886,172.0407841303853,216.8746151147835,2675.2433048433045,517.666135402952,4560.367041669286,2.1067312758331544
2021-12-01,3986.78445229682,13475.309187279152,1897.0141342756185,30054.80565371025,8409.995307367433,6881.87,11189.98357963875,8452.6,26371.92,877.24,15472.67,2053.041350543567,15629.663520817661,854.0330083037591,174.09307817828267,218.82829390568696,2678.8939716472664,520.0493847711792,4542.308851224106,2.153060239532518
2021-12-02,4050.172551101672,13610.583134235907,1952.3316520661886,30651.968852313952,8395.70158393688,6795.75,11108.84875022806,8300.8,26005.4,876.89,15263.11,2119.1874351893925,16370.820763956906,868.863330224847,176.69488128777564,217.00969583235593,2697.249339546697,519.75855968363,4535.592592592592,2.2041804493272066
2021-12-03,4010.9854175872742,13332.27574016792,1908.3605832965093,30561.27264692886,8329.711712765335,6765.52,11107.252326217844,8241.7,25938.52,879.23,15169.98,2102.054390454666,16424.326267742137,861.2124131287413,174.50210801052486,219.58143360752052,2703.7558658741214,524.0488433658124,4480.939975247525,2.231139272855736
2021-12-06,4068.2851193904226,13489.700084171356,1952.3147122668677,31211.65108758251,8500.564174894216,6865.78,11289.317642765918,8439.7,26498.07,878.34,15380.79,2112.6229966727756,16640.670866068158,878.1829547822463,171.7894638672686,218.05481163380833,2655.9795250959764,522.7571161582125,4525.501733345825,2.2316837925676842
2021-12-07,4160.452729693741,13925.361739902351,2000.7012871726586,31708.326675543718,8627.563914193357,7065.39,11415.453384418903,8559.5,27137.98,891.84,15813.94,2148.292003754997,17005.842128147357,899.7402050273839,174.6310528635545,222.3354299331953,2735.1911091343495,525.2591007617946,4621.006476070131,2.2399317176164053
2021-12-08,4144.774079788406,13918.439497465286,2002.8300639188892,31522.812431121885,8545.862209539338,7014.57,11491.908410873928,8478.4,26751.93,892.92,15687.09,2150.1414581432973,17223.629700446145,890.2452619843924,176.28645164543886,223.8385232869275,2715.6686225803346,529.8410911693384,4682.515333544104,2.255042632310408
2021-12-09,4133.047020278048,13740.69777738422,1966.0054901266271,31660.93155051802,8570.896745492859,7008.23,11501.213282247763,8399.6,26817.38,898.29,15639.26,2166.114970867925,16888.92596388366,884.1790005223751,177.18050852717536,224.19879024390244,2756.5160073189304,534.5491655327538,4675.361676532971,2.2704803159638174
2021-12-10,4165.137452488289,13816.494298594538,1955.1047467515248,31796.163705471583,8554.411074612857,6991.68,11501.30450647692,8360.2,26721.98,898.63,15623.31,2167.877381233071,16969.410171413274,881.090845926698,176.92201922098678,221.70242457316596,2721.7912580888483,533.2718139431616,4661.785216178522,2.2704837043015216
2021-12-13,4137.5072001417875,13658.80632726306,1932.2965129159468,31592.84859763392,8470.703994377416,6942.91,11449.808429118775,8322.7,26551.02,887.96,15621.72,2125.592905579879,16751.288911074884,871.2199847761401,176.1845843935855,223.46576678500375,2722.6063829787236,537.0216497212886,4662.623448014407,2.251875525147041
2021-12-14,4115.898392397194,13533.74189537259,1918.1543653965718,31569.57100985878,8488.523047977422,6895.31,11322.368180988871,8378.5,26556.67,885.4,15453.56,2142.976870816579,16688.01388063901,866.797859485586,175.69976864557114,222.06060606060606,2686.7277460129812,535.331696702561,4654.847012806764,2.2464100443575674
2021-12-15,4172.809426774165,13790.714981837511,1944.9012137857712,31830.80535128909,8426.758328926495,6927.63,11431.26254333151,8275.0,26666.08,883.36,15476.35,2157.289565469645,16754.70991890206,872.1510684572099,173.5062930304666,221.1150648745241,2667.968331719542,531.9456522495321,4653.310046996063,2.2436467073957878
2021-12-16,4120.6266548984995,13398.437775816416,1899.7881729920564,31683.70697263901,8536.370583739932,7005.07,11668.3908045977,8380.0,26782.44,892.83,15636.4,2178.089002960831,16807.022171194516,871.2276700874194,173.04205180684295,225.61763564387175,2660.761545305655,533.8516762989758,4626.021812186925,2.2434053920946786
2021-12-17,4110.5239747353435,13494.955964771816,1933.9293657147937,31461.10666310826,8563.425407856765,6926.63,11599.598613391716,8311.6,26611.41,887.5,15531.69,2235.644836358049,16743.55329949239,868.9643276064307,171.72381821629537,223.39708874628266,2636.8895281082832,531.2444183969635,4630.110935023772,2.250425068607565
2021-12-20,4050.7404451538537,13284.508291212203,1897.5525405693004,30976.465371996102,8430.580932302646,6870.1,11485.030103995621,8242.4,26177.76,876.93,15239.67,2202.242177335068,16217.270453071438,855.2617155385036,167.45408976113913,218.09375487900078,2581.7533783208564,523.8445597296208,4598.870494749786,2.2256942618702444
2021-12-21,4119.831634913601,13594.231280460788,1952.104563579973,31451.218431546295,8580.141093474427,6964.99,11569.540229885059,8387.5,26653.3,881.19,15447.44,2217.0826609616347,16271.181473969938,871.8133470578144,169.2716437719962,221.478642435539,2614.344488513825,528.3631281420138,4663.327415673345,2.217292470970531
2021-12-22,4146.889762041412,13705.258046002384,1961.8559886980709,31569.37000573926,8654.04608946779,7051.67,11598.157270571062,8459.1,26827.93,884.03,15593.47,2233.9228727599193,16433.302624798966,879.8995666230996,171.30081041693325,220.9842166344294,2615.5604490158676,526.2310192596905,4690.956050955414,2.220281359034065
2021-12-23,4171.041482789055,13815.86054721977,1978.4466019417473,31730.414827890552,8727.39539563236,7106.15,11663.309615033753,8563.7,27016.22,890.73,15756.31,2250.903659140841,16313.687370230105,888.0077169531816,173.516554292904,222.2096450617284,2629.7687549959464,529.0881755890728,4723.22869381753,2.2226612598320123
2021-12-24,4175.094973054157,13829.287039491122,1980.3692905733724,31761.250993904057,8719.219396806622,7086.58,11663.309615033753,8563.7,27016.22,890.73,15756.31,2264.794784577584,16328.543852548335,888.4950870539562,172.73749306153425,222.22506176652254,2628.5196880694484,526.0900028442397,4736.410174576325,2.2399913744385946
2021-12-27,4229.884347135163,14011.883111150348,1996.5215855919485,32049.421735675813,8748.190340571971,7140.39,11737.730341178616,8622.1,27231.2,885.91,15835.25,2272.5591548706816,16564.17861262152,889.5685191577494,173.4090039442671,220.40166013373297,2630.4846693171135,525.0555951976834,4741.858325079081,2.2333700653731037
2021-12-28,4231.588718946159,13952.541773494828,1986.128547431704,32179.480152064363,8757.02322266437,7181.11,11832.266009852217,8688.9,27444.93,889.29,15963.7,2278.433947067267,16470.730519735498,888.3419510513615,175.9297832870025,223.81552202032645,2642.2603948540723,528.1095563329446,4742.312903431968,2.2475535611963178
2021-12-29,4222.960352422908,13890.942731277531,1981.7092511013213,32148.572687224667,8818.93160615604,7161.52,11792.154716292647,8673.7,27344.25,893.61,15852.25,2258.851666445416,16081.576223797829,893.0114008197567,175.6135825639492,221.55959224342763,2608.8696782213183,521.5096532307714,4798.901527254138,2.2302035524825654
2021-12-30,4219.6291390728475,13899.832229580572,1985.6865342163353,32139.576158940396,8823.085632560635,7173.23,11745.721583652617,8713.8,27346.83,890.76,15884.86,2294.713143865215,16614.345831054896,895.7998336567786,176.1145558698225,220.94781674468575,2614.894892856335,525.5442087322813,4811.0379714413775,2.210825258937521
2021-12-31,4191.890941072999,13759.868073878626,1974.7669305189092,31959.806508355323,8787.980483160776,7153.03,11745.721583652617,8713.8,27346.83,893.34,15884.86,2286.0960914568204,16547.595744009093,895.7889608129742,177.07048008350398,220.01918080391255,2639.0482689390305,527.7919993358149,4754.225046299252,2.218253199636456
2022-01-03,4246.246458923513,14016.28895184136,2011.8271954674221,32387.61508498584,8807.895992366412,7217.22,11803.658091589126,8761.2,27730.32,898.84,16020.73,2284.914414453297,16190.443547758892,894.0775990829832,180.91735939549085,221.0071771253118,2643.2359688373044,531.2506528687925,4739.998089901947,2.2166457766273835
2022-01-04,4246.956675821742,13841.339594223442,2010.162133427837,32603.570479312482,8996.823303764084,7317.41,11768.810436051814,8795.8,27954.84,908.08,16152.61,2289.5631125611885,16153.68169724019,897.5703280231463,182.10156673501302,223.5156947251993,2642.05421409975,529.2171229162901,4867.753335043613,2.222268479626504
2022-01-05,4154.657945907725,13346.446879971718,1939.1903835955454,32178.813858935835,9005.475020965616,7376.37,11773.7365444262,8790.8,28162.67,905.7,16271.75,2276.834443035072,15635.541795665637,885.2669137769773,183.19005096836855,223.2619881260466,2592.5202865582455,523.175837528207,4827.5912455334355,2.1917463662197556
2022-01-06,4158.372443106349,13354.166297706544,1953.7501106880368,32087.549809616576,8927.409981427116,7249.66,11669.65882138296,8789.9,27655.69,905.7,16052.03,2291.296320688918,15822.443447373342,890.6871609403256,182.01856606189904,217.78052136686796,2618.5237306216945,521.3420640095445,4666.899854125706,2.1553090683669858
2022-01-07,4116.741484024293,13146.642020948859,1918.6779332805208,31891.259572220755,8953.148735123497,7219.48,11674.822112753147,8751.8,27618.47,906.48,15947.74,2298.062922095733,16042.151457887585,892.1138720679335,181.88358906967264,216.9133978216163,2654.754196541067,517.7261310000276,4709.826856240126,2.1802318288804776
2022-01-10,4123.512272647006,13193.386897404202,1916.9609747483667,31846.079816351757,8926.623104130447,7115.77,11491.835431490605,8706.9,27353.71,918.41,15768.27,2289.289994514622,15892.186817983415,893.0543466908051,184.82132569225266,218.24323702965745,2690.8870455987676,521.4916258749731,4715.146258072686,2.143033924243422
2022-01-11,4146.6390990673935,13332.262889319023,1930.3184937532994,31895.143410170684,8986.768234165067,7183.38,11594.334975369457,8755.9,27535.48,934.61,15941.81,2290.4086457423723,16395.175241119454,904.8878625660404,185.10572532650264,215.36479835171124,2684.958434654753,516.0432310070672,4687.81249008849,2.15349870527307
2022-01-12,4129.980775952465,13271.924152394267,1901.4854945823138,31711.21985319818,9042.351673352094,7237.19,11558.538587848932,8770.3,27714.26,950.38,16010.32,2316.752406880974,16686.908399055807,908.316160804722,185.52036343863452,219.26716975379222,2741.893873423411,518.1150407816891,4735.437010630849,2.187448486989285
2022-01-13,4067.4232834257273,12926.631454886723,1885.2328779082454,31527.88860273255,9050.373915644632,7201.14,11512.899106002555,8816.9,27844.45,955.76,16031.59,2313.980953688587,16661.85107995453,901.9975597001917,185.5389591252355,217.7901536579772,2737.1371270433488,511.41217811453356,4752.892025944296,2.175352143706946
2022-01-14,4084.48668535389,13046.382270497548,1894.2361597757535,31457.436930623688,9035.637278390033,7143.0,11426.409414340447,8806.6,27543.96,949.39,15883.24,2318.6301748088836,16922.57048578415,907.2001674457545,185.81443611787086,215.69353478027458,2739.5911396742827,508.7985880341409,4667.864898989898,2.1464819358535476
2022-01-17,4086.992725041634,13054.38688754492,1895.398369708125,31476.73766324831,9104.342105263158,7201.64,11524.54844006568,8838.7,27688.56,956.28,15933.72,2330.944227861582,16899.902293326555,918.1309065453272,186.2808098057203,216.66681960694348,2725.935639273775,512.3990446343518,4687.966755151056,2.1335764591238613
2022-01-18,4040.8846119890522,12807.362938112474,1850.6488920278978,31224.92275094906,9078.25721658765,7133.83,11429.99452654625,8781.6,27483.28,944.64,15772.56,2303.092237563037,16915.80766913001,913.687032594892,184.38481404677663,217.6564606200655,2728.384487001782,519.8888271261812,4699.226817201573,2.105780117337411
2022-01-19,3996.261847035486,12642.944677099405,1818.6290500330617,30882.653735948865,9105.770845830833,7172.98,11426.464148877942,8774.9,27370.85,951.65,15809.72,2270.043447057762,17509.21955924428,908.1225783726663,183.21389970305057,211.799591317423,2729.6881452192256,518.1219430858159,4661.62306494167,2.110504703986694
2022-01-20,3962.8094059405935,12512.393917963225,1789.2857142857142,30688.993988684582,9118.79057465737,7194.16,11458.4017515052,8814.6,27570.0,957.6,15912.33,2259.565586909513,17796.15538319754,905.0938527342784,182.3535005493514,215.16059807871085,2824.4372881164077,519.3865885961243,4690.129671031619,2.1179621491247542
2022-01-21,3877.570093457943,12139.763710104036,1752.7067536589666,30211.047434314933,8957.305922428734,7068.59,11271.246122970262,8694.7,27061.4,942.46,15603.88,2222.6406235529507,17596.075105996362,878.7093157691903,179.87777417810392,213.43357890655292,2825.947432762836,513.4400600859562,4545.098175829745,2.1045249339154712
2022-01-24,3894.1545253863133,12234.110375275937,1795.5938189845474,30343.9293598234,8690.186971537452,6787.79,10838.624338624339,8417.8,25972.9,914.84,15011.13,2183.8221379237834,17366.074588924286,874.2461828727158,174.04105767438662,213.81360923816166,2800.756517294258,515.1090375267624,4501.860142505832,2.062739187611744
2022-01-25,3854.924342978497,11980.612335191576,1773.3209450491104,30349.287673657196,8808.0535308878,6837.96,10897.363619777414,8479.5,26028.89,913.36,15123.87,2193.3355794136014,17912.18132613837,877.3499632133972,175.49292966066633,210.82710389307638,2762.2064738119384,503.23117595221777,4405.2407770676455,2.0111261431095535
2022-01-26,3870.388824628526,12049.221460984074,1758.572826763947,30401.361331079275,8947.98754192621,6981.96,11036.544426199598,8620.2,26619.25,932.96,15459.39,2188.7310715710114,18226.054486943278,880.07163675949,176.19013505408859,209.6339154055103,2765.3538107734257,509.76478371644544,4407.192960243099,2.0011079350306895
2022-01-27,3882.0188425302827,11980.960071781068,1732.8757290264691,30651.2157918349,9073.70127920245,7023.8,11108.283160007297,8706.0,26882.47,934.58,15524.27,2180.6038420024247,18687.310200627275,880.8252939933807,175.13155587933284,203.54112385767064,2741.241831946804,501.16450274394316,4315.610741219905,1.9430641745011332
2022-01-28,3976.536563481382,12355.827725437415,1766.271870794078,31157.891431135038,8980.657965958982,6965.88,11042.182083561394,8609.8,26565.41,924.42,15318.95,2184.6981014178455,18707.024948806888,886.439367311072,176.03309651054732,207.9979758660958,2706.2836129625375,496.8692475332718,4380.980502789794,1.987463341467237
2022-01-31,4019.181130396084,12674.570538495773,1805.4739652870496,31270.01335113485,8935.084989226718,6999.2,11153.712826126619,8612.8,26814.05,936.77,15471.2,2214.2259396177255,18816.970652885215,897.9511785101389,178.13785777573872,208.78357689631176,2723.0435702804584,492.8923746423099,4384.950625825523,1.987463341467237
2022-02-01,4033.8390559843847,12728.240617513975,1819.4836305562947,31412.68742791234,9040.585447783576,7099.49,11275.132275132275,8726.7,27224.89,947.88,15619.39,2235.953469694418,19077.098040537127,905.3529596867243,179.41680332263238,209.4074704199211,2714.8131462038996,491.31802300036964,4430.3917538811775,1.987463341467237
2022-02-02,4059.6019460415746,12753.250773993806,1795.2410437859353,31516.43520566121,9109.802979336857,7115.27,11275.65225323846,8713.2,27388.73,954.72,15613.77,2237.3967239759468,18809.8912367408,907.0874938900914,180.79998708313965,212.81187200494668,2703.6194392226125,489.8831088457607,4474.839952017172,1.987463341467237
2022-02-03,3913.846153846154,12131.835664335666,1740.4108391608393,30691.57342657343,8949.055033876144,7005.63,11160.509031198686,8689.4,27088.96,946.13,15368.47,2175.9061824617534,18476.333049368524,884.3727376150584,177.25043966268981,207.09525619583397,2675.0724898289463,484.0599426957723,4418.227215980025,1.986690927232975
2022-02-04,3931.2805730258556,12314.82354996506,1749.091544374563,30651.41509433962,8884.10850422552,6951.38,11074.849480021894,8589.3,26603.59,945.0,15099.56,2165.104995657566,18400.954106181198,885.463067501454,176.53382310558354,208.03631539044733,2756.7228894036875,483.7209302325582,4401.705613254204,1.994936965951459
2022-02-07,3918.6104435219577,12248.783045663098,1758.8813633384314,30667.36290146384,8958.97557224818,7009.25,11123.709177157452,8558.4,26328.93,938.09,15206.64,2175.093201044785,18593.397471548695,890.8658157985512,174.07884437056438,206.83039204523888,2756.1265509102222,493.675911045178,4428.474185713397,1.997467746512694
2022-02-08,3961.0512483574244,12434.910205869472,1791.826544021025,31066.82435392028,8977.423181872107,7028.41,11088.90713373472,8674.6,26411.73,942.06,15242.38,2222.4310305626564,18692.959810795954,895.5311304827205,174.19210456990288,206.8576194086429,2733.2359698248015,497.86926638642154,4498.997746337798,2.0015522857954915
2022-02-09,4015.3886554621845,12684.147408963585,1823.7920168067224,31309.58508403361,9055.111953560005,7130.88,11282.448458310528,8846.4,27128.99,960.32,15482.01,2255.4629730166457,18801.695241120466,905.6263599626981,175.71067366632246,209.01758241758242,2788.6331985624442,501.7176268271711,4567.524036950921,2.025064178045623
2022-02-10,3941.4395099540584,12413.598774885146,1794.9332749945306,30839.282432728065,9101.844712023252,7101.55,11232.58529465426,8886.2,27190.2,964.05,15490.44,2238.761095469452,18896.050537123618,899.3051255589955,176.08722580622836,208.90876862153502,2789.0817331363855,503.1035028886609,4570.165537998495,2.0289491212788846
2022-02-11,3892.731917892697,12149.722491410448,1788.5208351687077,30603.52391859748,9153.49781946353,7011.6,11158.520343003102,8798.1,26966.1,971.09,15425.12,2282.6610975193994,19046.504217746395,904.5929307601854,174.1111975308301,211.38818500992213,2800.672431435607,503.1228121252452,4537.185515810649,2.012723690089879
2022-02-14,3892.871672415318,12196.798443442114,1787.2026178473511,30570.59343769346,9010.695698989053,6852.2,10970.96332785988,8573.8,26415.41,950.7,15113.97,2266.5480297582594,19314.933991300586,899.6734750590524,168.27257148417843,207.2681974741676,2783.7339666381376,499.8817555818321,4565.3860213020735,1.986674600201277
2022-02-15,3936.494101074133,12449.16358513823,1828.1915830251808,30805.45870751893,9069.034564958283,6979.97,11112.807881773399,8718.0,26967.98,961.85,15412.71,2296.7131813728247,19594.587215453397,902.0768431983386,173.3961391410976,204.5469011725293,2748.765320632914,501.59651669085633,4537.777358015363,1.9758603888913497
2022-02-16,3934.4206084051348,12417.874098821874,1828.125549498857,30714.146298575695,9082.393693263259,6964.98,11121.665754424375,8737.2,26969.32,963.6,15370.3,2327.736390678797,19713.305264599163,897.2791237738726,173.26189222919865,209.09464707226073,2788.369994359842,503.92902232272917,4608.070086659498,2.0050830774655126
2022-02-17,3855.5232814012847,12073.514655400051,1785.1333509374172,30201.601971657423,9034.90560383578,6946.82,11015.571975916804,8671.1,26669.27,955.37,15267.63,2285.5870555235897,19319.889385237184,887.8243098132946,173.1232349586616,208.56113344820986,2796.0877190014608,504.7375035585088,4614.634747960281,2.014114486615826
2022-02-18,3840.7400865495006,11965.088757396448,1774.5562130177511,30097.30636757043,9019.410599603867,6929.63,10956.112023353402,8590.0,26506.79,955.93,15042.51,2275.4200460032253,19398.838268401243,882.1235628203352,173.950814837304,208.24685196560193,2750.15232959716,510.78890603075763,4575.618703668503,2.0168430335097
2022-02-21,3844.814782070551,11977.782689417381,1776.4388648218548,30129.23702590399,8998.833714079596,6788.34,10848.275862068964,8488.9,26050.03,949.26,14731.12,2264.716470667616,19353.07465789018,883.0409762185399,173.16871078055712,207.34162878496033,2733.3977947413064,510.5305757905607,4598.456501700518,2.0258716165330264
2022-02-22,3800.609190835651,11814.346885622213,1748.262923233126,29661.95205932989,8989.635938343428,6787.6,10909.861339171683,8493.2,26043.96,944.18,14693.0,2287.1312141171315,19702.572515620093,876.258296460177,171.4078628924487,202.91223628691984,2659.7910164201385,505.62746397795064,4564.536299317993,2.004465409736518
2022-02-23,3735.7439660507475,11526.381398638494,1718.7604986296526,29291.62761913182,8978.243429324075,6780.67,10893.897099069512,8440.1,25955.08,949.22,14631.36,2243.6731047708076,19764.710034321208,872.6496319955562,171.83177688054286,203.36467784099648,2676.8807806533728,511.93772837362974,4608.403044256843,2.009198102752782
2022-02-24,3831.5911730545877,12037.514518002323,1783.266327168766,29682.68560707585,8613.540484015537,6521.05,10615.544608648057,8198.5,24879.88,888.31,14052.1,2236.4859725340284,19458.55602151756,876.6570203270459,162.76430146652154,200.82601299103,2639.2951602772805,507.41368114960045,4473.698963266351,1.9659914941624423
2022-02-25,3890.895376697133,12152.471381666519,1811.1012512201614,30223.4004791907,8910.189756706917,6752.43,10935.331143951833,8486.6,25773.03,927.25,14567.23,2291.537041114645,19446.87177724304,893.6173184357542,167.69576446566418,203.29007985257982,2592.615198911354,508.08658276210815,4492.104891513673,1.9928972936753155
2022-02-28,3897.99483112022,12255.057481507885,1825.2294804384635,30204.61634435433,8920.28465494558,6658.83,10934.84765553731,8479.2,25415.89,891.58,14461.02,2324.8020458024307,19540.240406203586,898.713532513181,168.84221942612302,205.55459124370398,2587.980196778843,512.5515565851177,4562.673225670734,2.0111765976946403
2022-03-01,3869.9258593574486,12161.276117726355,1804.9966299707933,29921.321051449115,8778.68263473054,6396.49,10821.273490239008,8188.2,24363.56,866.48,13904.85,2313.2517854462476,19704.095227314287,894.8649220568528,169.67417799655743,209.96222283055022,2613.6298133507867,520.6090893558859,4625.236264094376,2.0111765976946403
2022-03-02,3944.0208595576332,12364.700593418449,1851.1688545225677,30472.34310375831,8955.59305689489,6498.02,10829.766465973362,8321.0,24534.33,852.1,14000.11,2324.413452648839,20304.746793600425,915.5223349350418,168.79377616058804,205.43319712006226,2583.5900282133107,519.4207969731236,4669.596798005315,2.015792181453507
2022-03-03,3943.150189770468,12233.815290077717,1836.6257003433943,30539.183083318276,8733.079985522983,6378.37,10651.067323481117,8011.4,23958.83,854.62,13698.4,2343.7169150582295,20680.13431736968,917.4345269909139,168.14708770384829,208.0086874853252,2599.108077623854,521.6731723358928,4736.652536759835,2.049937317175094
2022-03-04,3961.6271620755924,12183.984625240231,1831.1521918184314,30763.063969982613,8457.983295000608,6061.66,10308.456486042693,7720.9,22464.86,821.74,13094.54,2328.834819371562,20694.144657157838,933.3261455525607,166.36590782275056,207.1628333399769,2567.7132357681644,523.2471256045643,4796.654861884043,2.0373543368572804
2022-03-07,3870.545421042934,11821.411461212456,1797.7980468030219,30235.286530311405,8402.124833997344,5982.27,10221.373836891078,7644.6,22160.28,821.74,12834.65,2261.1597861276923,20112.35469045688,929.1940641730445,162.351465913156,201.47309981227784,2477.0622452520574,515.2450223012564,4745.551510248112,2.0132963778570883
2022-03-08,3825.979267957068,11737.95982019998,1800.7613980368772,29935.455462801576,8372.337100264487,5962.96,10086.717752234992,7783.4,22338.13,789.66,12831.51,2286.798225945229,20159.055888911043,915.2714972405198,163.49842579945098,196.5975416336241,2441.3058940401243,501.1302182765805,4653.844256283753,1.9711068685076893
2022-03-09,3862.122511623708,11967.273055568094,1820.3313320994898,30051.234595765807,8556.815612542392,6387.83,10484.72906403941,8163.1,23889.49,822.97,13847.93,2327.9218437955415,20513.705784885817,917.3733742201543,165.23356292636916,192.63164867708375,2387.8395351125464,487.70408053902275,4662.8322094406985,1.9711068685076893
2022-03-10,3877.578516158398,11952.62630860264,1831.28812016386,30199.426490669095,8456.331149493746,6207.2,10391.443167305237,8069.3,22886.69,803.47,13442.1,2321.0494967719496,20646.68537642026,930.8597091531223,169.2662114687193,201.37487752302567,2423.6608541296855,497.44693718860697,4776.3160186208515,1.9608749725656596
2022-03-11,3853.2765099440935,11771.43249931262,1814.3799835028872,30193.556960865186,8550.68411304296,6260.25,10486.854588578726,8142.1,23041.2,827.96,13628.11,2334.9951154120795,20174.46973732923,934.6278317152102,170.54440053059247,196.61493983434912,2394.1793148435045,501.4969605412478,4720.081523554962,1.9702822959776711
2022-03-14,3814.5429616087745,11500.201096892137,1774.8811700182814,30114.478976233997,8549.405752317565,6369.94,10654.022988505747,8234.4,23426.7,830.02,13929.11,2307.979956687915,19623.27067602064,916.8139700641483,171.8703481622214,195.72969837587004,2271.8761450015413,485.1567323846584,4697.524885837249,1.963551485104425
2022-03-15,3891.5822149182873,11821.984844334886,1797.6536108828632,30625.70985118232,8543.008512411454,6355.0,10657.01514322204,8236.1,23499.86,825.16,13917.27,2322.901676555393,19263.352368155865,919.3977540948431,169.8371569915692,195.6199737593579,2144.043218321215,460.2437783494443,4663.204993429697,1.9359086075500678
2022-03-16,3949.841384936101,12178.509924771142,1840.587328922324,30873.8330463156,8690.39985698111,6588.64,10856.559022076262,8380.4,24284.85,871.99,14440.74,2345.4408448032373,19838.31169990537,930.4186179530261,172.25584044811401,196.65656488549615,2336.5573074484855,474.1918683874466,4740.955432951205,1.9533915113050377
2022-03-17,3977.702641781625,12275.520692453341,1861.8880173113337,31088.955008565506,8755.070831604527,6612.52,11003.347929209998,8412.0,24123.58,862.09,14388.06,2388.440397847067,20227.23288553387,941.2831589846121,174.7969387096406,202.63734509237437,2476.130317617523,478.69506850677254,4822.133475210322,1.970780336885528
2022-03-18,4036.46558741069,12565.650719001538,1886.7142986343492,31432.513339965633,8830.92426952892,6620.24,11115.663200145958,8417.6,24222.16,862.86,14413.09,2465.1424076300354,20772.99585660241,948.1960150780828,175.03938719128715,203.70106302201975,2477.3551615422443,484.7769644978412,4894.09104632829,1.999793151848705
2022-03-21,4049.7276688453167,12562.145969498912,1875.3994190268702,31366.185548293393,8897.05917513449,6582.33,11103.156358328773,8389.2,24294.71,859.32,14326.97,2471.4185589444737,21359.78300845899,960.837598212355,173.76394820306777,203.84036167464475,2454.5400919526937,487.04395329738986,4889.986227283415,2.007841349100749
2022-03-22,4090.679118687098,12792.4743857104,1893.498957294406,31559.941971166925,8990.224252991044,6659.41,11131.746031746032,8487.2,24533.84,867.54,14473.2,2490.5170587462335,21651.15527698031,964.1950375072129,175.29632933469577,204.33918787059972,2537.593322513332,486.5483751530859,4970.447205389485,2.0263500276660333
2022-03-23,4049.28668786915,12651.158564288959,1864.797819173103,31220.808723307586,8952.039836813055,6581.43,11037.675606641124,8328.4,24298.66,854.88,14283.65,2477.8820062177656,22111.482384390205,959.1058704380221,174.48265589456534,210.30645766144153,2573.482331621867,488.8732032854209,5027.699751269209,2.0293452049712486
2022-03-24,4110.35737019187,12905.192325179594,1887.2783486405385,31561.280349186145,8954.76675860415,6555.77,11066.821747856231,8305.1,24401.48,843.11,14273.79,2526.661024696443,22427.68871390087,962.7876588021779,175.17453204180072,208.93704474505725,2548.4616411870247,486.47073943963665,5046.696498719043,2.0453326140059045
2022-03-25,4136.447236638442,12901.119912592187,1891.9967222070472,31741.090776654826,8980.91809180918,6553.68,11057.900018244845,8330.6,24558.74,843.11,14305.76,2519.1849328919297,22858.450906996834,971.1658456486043,174.87506283358508,209.99507646400593,2489.4316318342,481.5045766590389,5066.319389814276,2.0336864375214168
2022-03-28,4167.140255009108,13073.679417122039,1892.5865209471765,31835.96539162113,8906.66825576545,6589.11,11089.171683999271,8365.6,24712.6,861.98,14417.37,2520.6248472283833,22681.311544302345,968.460111317254,175.6601867072858,205.37162385624518,2524.8697393622906,481.52960009147307,5055.688708522321,2.040502657566402
2022-03-29,4177.505186254171,13186.290249842155,1923.9650040588074,31833.85045548841,8900.336541300112,6792.16,11243.915343915343,8614.6,25307.98,889.97,14820.33,2533.157417147088,22752.154089689753,963.5334006636848,175.9646485899293,207.40287769784172,2523.09984753905,475.89852607709753,5058.142576404419,2.034038290293856
2022-03-30,4124.798350958953,12943.421760172076,1874.054490051981,31572.692238752465,8919.324467459102,6741.59,11169.24831235176,8550.6,25300.25,884.7,14606.05,2515.928355867683,22593.122105638897,958.0749354005168,176.07941299370117,206.18884720076508,2544.1180509463757,483.35380401790127,5057.374566746307,2.0287613560824282
2022-03-31,4093.6206740760817,12849.480437336226,1870.5430559320503,31334.91461100569,8920.688427299703,6659.87,11094.261995986135,8445.1,25021.26,879.45,14414.75,2571.2256128064028,22876.618053569728,956.0318033971812,177.25402984025385,206.55898730418,2524.4273319867793,485.8026494879889,5069.525129279751,2.0409953150326023
2022-04-01,4112.039800995025,12900.497512437812,1891.5513342379018,31495.49525101764,8941.755634638195,6684.31,11110.271848202883,8503.7,25163.3,890.7,14446.48,2578.1484544646373,23604.011338925135,958.4350841702187,179.584049261257,204.28250756848556,2549.1183733424323,489.1163425452064,5083.989823609227,2.043825295587632
2022-04-04,4176.667881881152,13245.123951877507,1909.8067808968285,31828.18082391542,9035.285680133875,6731.37,11257.863528553184,8520.8,25175.86,893.47,14518.16,2591.488932842339,24064.586537030606,975.0912275580206,185.83354778886977,205.8670674682699,2612.007034283426,492.815400481265,5165.474357211605,2.053445117865174
2022-04-05,4149.582760201742,13025.37368179734,1876.2402567629526,31766.327372764787,9126.424932574168,6645.51,11290.795475278233,8623.3,24960.38,892.68,14424.36,2581.795049893062,23433.947015690297,976.4127042408666,187.01717090550886,206.14993137727663,2625.5539350096265,495.8444721463622,5232.248827106863,2.0666926326512267
2022-04-06,4113.033501606242,12747.88435061955,1851.2528682882057,31662.69848554383,9101.781323097222,6498.83,11238.916256157636,8482.1,24447.36,884.2,14151.69,2522.2409514125375,23005.09806973848,967.7254098360654,185.24339926643657,202.76002668841278,2580.2686547978665,496.5987474385985,5165.231363354252,2.0678567108207826
2022-04-07,4136.602628918099,12774.427796672488,1847.4124459968746,31789.291295155803,9076.14926987561,6461.68,11286.68126254333,8467.4,24302.71,890.85,14078.15,2523.2312351514124,22987.622565610076,965.8915860558496,184.0662766334153,199.42572127864716,2550.131546637668,490.260856998338,5117.4374312431255,2.0294190712064983
2022-04-08,4126.015811730097,12604.33903291046,1833.572347858062,31918.661518661516,9188.953453543403,6548.22,11410.043787629995,8606.4,24819.15,906.26,14283.67,2509.268563510308,23155.275491932407,968.566936044173,185.677480123033,199.5253234750462,2565.977815189146,492.24492153931703,5125.604030295761,2.03821478171608
2022-04-11,4054.3299490053755,12323.204851380531,1819.5617218725595,31523.021086966513,9119.355997127124,6555.81,11429.127896369277,8585.0,24749.49,917.52,14192.78,2509.70472262248,22884.82535955386,960.4349249063604,185.682362405868,196.5738575982997,2483.2039528375894,478.78779136856684,5101.16809213889,2.0199663976478353
2022-04-12,4061.5590652997134,12350.207813798836,1835.1713309319293,31606.502262861366,9096.72229559371,6537.41,11292.528735632184,8578.0,24667.27,921.37,14124.95,2514.0140933744356,22945.770279347267,960.384179965672,184.09659827958052,194.00331503922797,2501.9956929179602,488.57134567399754,5135.554101071342,1.989599731413437
2022-04-13,4084.3115642509415,12532.001469642693,1860.1083861486175,31748.498208872963,9133.493975903615,6542.14,11292.355409596788,8617.8,24722.16,924.2,14076.44,2514.4757546079477,22863.89177124733,964.2536086241549,182.67029086550923,196.2099992690593,2513.4489651928507,481.7440971571159,5118.220701454235,2.028942317028539
2022-04-14,4056.5082883132472,12329.574733342568,1851.576857367133,31815.329916424253,9189.647683397683,6589.35,11380.295566502462,8699.0,24862.35,918.96,14163.85,2504.9602009420087,22822.771382548224,968.068889703188,183.2478610519807,199.3324285661886,2546.0965047211116,489.42888165038005,5153.718317577751,2.031534394699649
2022-04-15,4064.2024426350854,12352.96076980015,1855.0888230940045,31875.675425610665,9203.52848770467,6589.35,11380.295566502462,8699.0,24862.35,918.96,14163.85,2512.9827295879318,22885.71090887602,968.9920774647887,183.49924989352013,198.38317346415758,2546.0965047211116,488.7728724949172,5149.661521612649,2.0344551765771204
2022-04-18,4073.168243368577,12365.386755703952,1845.7892784270082,31915.869040994254,9191.865797731114,6589.35,11380.295566502462,8699.0,24862.35,918.96,14163.85,2532.489633058207,23054.923374319933,971.6690557577094,181.47303692230304,195.73261758691208,2541.91582105773,487.86289676470165,5127.550178906117,2.023965550929614
2022-04-19,4136.271783463108,12624.82387838339,1882.4341861327403,32361.14200964034,9158.720404843665,6534.79,11203.63072432038,8694.0,24624.41,926.41,14153.46,2529.182666824064,22847.069569793188,977.9173553719008,178.57221504128535,194.03264425669605,2485.9181321117185,485.3420903831934,5169.074510607769,2.0460627314048345
2022-04-20,4109.334684850719,12396.85772207888,1878.1699225949135,32400.285661629194,9186.297411198073,6624.91,11229.857690202518,8769.5,24878.23,940.69,14362.03,2481.0601015173215,22791.951124709733,979.9859887172303,179.4227008902477,196.10814900208948,2457.443725470641,474.03882728675495,5194.879379568306,2.0405530161446492
2022-04-21,4053.9398412991322,12155.978962908284,1837.479239712124,32102.574275696617,9169.3112152903,6715.1,11221.793468345193,8814.6,24805.62,949.68,14502.41,2436.2976833192765,22823.797119674244,961.0430572874643,182.13407134186082,198.0168888569478,2431.0715901944764,461.69756265018884,5166.0493281170275,2.0318078570098677
2022-04-22,3957.1838814265866,11893.737841593333,1797.7396943029182,31321.352477999077,8945.861084681257,6581.42,11182.56704980843,8652.3,24279.63,949.68,14142.09,2435.29135988089,21459.48243385528,934.1033301756174,180.42384959104626,195.2828530259366,2441.344965252107,460.98615732066145,5011.434031852474,2.01880187496268
2022-04-25,4010.1932231867827,12139.316718006163,1824.1388966676002,31783.309997199667,8777.997145575642,6449.38,11024.42984856778,8574.6,23908.55,949.68,13924.17,2455.994429756477,21179.659395331037,931.5253243421536,178.4611039216755,193.7115174473665,2364.5672055647124,436.7650721141873,5006.901380142034,1.9799333844996014
2022-04-26,3924.7978943410412,11741.624365482232,1777.0915585636396,31246.644106034968,8732.785528493732,6414.57,10886.042692939245,8439.3,23681.76,938.93,13756.4,2415.965899418928,20347.655221691548,918.1265117642746,182.6401012252583,197.28902353419292,2385.43350664425,433.7395867685646,4900.555815978035,1.9979558524020604
2022-04-27,3963.209245050677,11829.9990527612,1784.6357866818223,31544.880174291935,8827.401331431289,6445.26,10993.869731800765,8477.7,23830.11,918.56,13793.94,2433.084066107713,20859.846244825545,927.8235489710719,182.39590112063604,194.6060181429309,2417.11069236502,447.6378862258158,4901.9098089515965,1.9860176698123146
2022-04-28,4084.8894817073165,12263.271722560976,1827.3056402439024,32313.6337652439,8909.283976982855,6508.14,11009.313993796752,8512.2,24055.56,925.07,13979.84,2450.5444705268646,21178.385981137348,950.276982563111,185.3283851126303,195.3853431336875,2457.21124131997,448.2230766466635,4971.2129197918775,2.001568244916335
2022-04-29,3919.121692117993,11699.364507255998,1768.0925732713647,31278.77264535711,8997.137916641823,6533.77,11064.367816091954,8584.2,24252.16,922.43,14097.88,2387.6355345459274,20577.04742920907,926.1535056983734,183.2097432161779,196.12038423609337,2547.858601234702,458.32777167789766,4981.574539363484,2.022187373381155
2022-05-02,3955.6211327939077,11933.384102808186,1792.3940980485484,31472.15611613517,8973.061370123693,6425.61,10921.118409049443,8436.0,23857.23,922.43,13939.07,2412.0648170014,19960.804132973946,927.1786532633602,183.40709263577827,196.163771349157,2553.6431940231637,460.0312610295971,4930.0372420734775,2.013463296222485
2022-05-03,3968.3330165367797,11940.467591712602,1804.6569093328264,31485.259456377116,8982.335471608458,6476.18,10948.622514139755,8590.2,24242.25,900.45,14039.47,2391.799047243906,20412.96120644228,937.4625374625374,183.14668684619696,195.88437659776494,2551.4185704872048,459.24397241657016,4933.370195549562,2.0152319374483123
2022-05-04,4047.9807963852018,12204.518497599549,1835.5643415231102,32063.50371834698,8903.814163498098,6395.68,10837.657361795293,8500.5,23902.06,900.35,13970.82,2417.3660752263904,20727.919723739466,947.4439064059438,177.61914982809617,195.57011594837016,2520.671308738005,454.8741141697233,4994.324490633119,2.010338614010061
2022-05-05,3933.665338645418,11684.395750332005,1774.9478277366725,31301.432365774996,8801.48973607038,6368.4,10834.948002189381,8434.7,23759.71,888.47,13902.52,2368.356420886365,19864.781505550785,926.3313500129346,178.46785231630315,195.47033527696794,2515.5791600379875,458.219910211644,4968.426769210012,2.010338614010061
2022-05-06,3907.2680754287885,11508.253577181846,1743.1630815881742,31175.371932152,8637.834677890798,6258.36,10700.985221674877,8322.0,23475.72,866.75,13674.29,2329.811468047385,19612.323132455953,918.1674681546199,174.13210385794127,195.96908450959762,2407.7280496906374,447.1273027063907,4832.731052984574,1.9881590521227248
2022-05-09,3780.657383726437,11009.993369328406,1669.1105427678315,30544.37813772852,8430.584112149532,6086.02,10439.864988140851,8139.2,22832.56,859.18,13380.67,2278.510020668354,18945.47556354762,885.2732369752794,171.31166226858767,191.3855439208842,2419.8309913680987,443.08543201536804,4691.769783224616,1.9470289055275483
2022-05-10,3800.028492734353,11147.943774337546,1673.27381517713,30544.91404691804,8478.047638555627,6116.91,10528.845101258894,8139.2,23069.78,860.85,13534.74,2287.576092069658,19079.58624773324,881.7777453696951,170.4089677916675,190.5209508900943,2372.321671308519,448.70467782650996,4645.976807010607,1.9293086153731844
2022-05-11,3743.1560924569585,10809.702273375822,1634.300389993342,30280.70959764102,8562.708309054888,6269.73,10539.737274220033,8312.6,23724.2,862.66,13828.64,2307.054841337466,19327.9272774399,883.1826666178677,169.19317046493262,191.84455503512882,2394.575399054228,453.67610637003077,4662.244440044876,1.9294183320308138
2022-05-12,3786.204238921002,10954.682080924855,1675.7032755298653,30568.68978805395,8502.309726711725,6206.26,10496.378398102535,8200.4,23566.23,846.46,13739.64,2346.1591166025282,19830.678300028147,885.7955174832921,167.52505333269136,193.29419713234742,2371.0463373604525,454.49048247668526,4585.149953758753,1.898765468868669
2022-05-13,3864.2946317103624,11336.790550273698,1721.5691923557094,30919.677326418903,8736.485690731362,6362.68,10628.005838350666,8338.1,24048.29,867.03,14027.93,2386.332534862449,20288.06709295486,907.4382624218982,166.97462431918007,196.42968633863538,2438.664411681802,457.2636998896653,4715.477206078379,1.9502302767064814
2022-05-16,3841.665867919103,11178.750119812135,1709.4124412920542,30886.053867535706,8814.263785570905,6347.77,10647.901842729429,8353.7,24033.05,859.38,13964.38,2419.821255518467,20499.024602738693,914.8059701492535,167.1265041434956,196.98041107071305,2442.8130624839287,455.0094985204906,4739.4093278097025,1.941077969649398
2022-05-17,3876.054602331975,11360.8114513224,1744.5255474452554,30955.15214712295,8902.723505032563,6430.19,10701.003466520708,8475.7,24301.65,867.8,14185.94,2446.625338131754,20880.06218571264,918.1767730955639,170.39166481188676,195.29521646765807,2491.2056686134392,456.1736732511678,4739.770758363321,1.9592367736339982
2022-05-18,3748.2613679786014,10907.670997325182,1695.5005731753918,30082.22200993504,8769.26432445178,6352.94,10562.981207808793,8476.4,24085.82,866.73,14007.76,2401.465353328854,20426.831495669394,902.619779894023,170.87713096729897,200.4932017135407,2501.9124027437765,457.358640002263,4772.874609608612,1.9491408424568564
2022-05-19,3684.161314695882,10756.044578768417,1677.578390630903,29517.500944465435,8594.492173708368,6272.71,10316.995073891625,8406.0,24065.05,851.2,13882.3,2429.62691021402,20488.50211576388,898.5384530427419,165.3214271570317,195.10689081840016,2421.2174268815847,456.5937660473983,4703.395472703063,1.9502862602598536
2022-05-20,3693.770119295588,10750.444991478887,1678.9149782238212,29598.456731679606,8737.266493260817,6285.24,10316.529830322934,8484.5,24095.0,860.06,13981.91,2455.298463004885,21049.671122839012,901.5080564875926,168.95521721619596,197.99355794150313,2500.119471429434,466.44268718790227,4758.658763985082,1.957073684366635
2022-05-23,3716.911420821252,10789.70161818352,1676.8871013001592,29819.698812084935,8847.668393782384,6358.74,10460.025542784164,8625.8,24136.56,859.79,14175.4,2418.8332966107923,21447.191448007776,895.7283118405628,166.89113406390106,197.48058216923866,2444.3030114871162,463.7919637708676,4751.676969092722,1.9716105008378328
2022-05-24,3671.2742175856924,10492.222429210133,1643.8431445603574,29739.77272727272,8736.76530671803,6253.14,10475.789089582193,8631.2,23876.08,863.41,13919.75,2408.414233405314,21373.020091421284,893.0959302325583,165.2767205034306,196.4824622617255,2388.653004507206,450.54040432323455,4717.467491645436,1.9241737306908466
2022-05-25,3724.7051114023593,10704.680771391126,1684.2913312113837,30069.537539786557,8849.253029055406,6298.64,10483.305966064587,8760.2,24250.45,873.37,14007.93,2441.207097083602,21436.840880893298,901.1943460316302,164.06701208621155,196.14587162708625,2406.1539746158983,455.48833793754585,4751.759197768627,1.9283540741068204
2022-05-26,3783.181055379452,10945.9724035055,1713.8168935297408,30428.10926720119,8884.227833235465,6410.58,10483.305966064587,8888.8,24546.5,887.32,14231.29,2459.272702747445,21871.865042907124,905.9446046053351,164.79095645797477,195.07159878285736,2391.127857979163,452.78805780178885,4703.089549275267,1.9339304882111263
2022-05-27,3875.7013701183705,11306.859912386988,1759.6234504613665,30956.24941746668,8920.9220275197,6515.75,10625.041050903119,8933.6,24636.26,891.41,14462.19,2497.3188721412607,22053.34961928309,919.5385460538364,166.57947798780964,196.35382528685068,2462.0516145148727,456.4252767206774,4794.0590689137325,1.9406701732445657
2022-05-30,3857.7233509602,11254.411355413302,1751.4611745059838,30812.65423508674,8920.258215962442,6562.39,10706.312716657545,8930.8,24808.65,891.8,14575.98,2474.6111039949906,21667.125252466118,927.6152774723259,169.3256467581085,199.0504,2496.8741688977143,459.6211435336723,4865.815692821369,1.979681579201056
2022-05-31,3849.231485794131,11254.205868653935,1736.413600372613,30731.374010246855,8930.750719023301,6468.8,10592.39189928845,8851.5,24505.08,890.7,14388.35,2452.511509654367,21918.31110673687,924.3048138190121,169.5000227717187,197.4579276899135,2548.048378556853,466.17614207528203,4819.675845475204,2.000983394050466
2022-06-01,3851.643501126972,11264.519158527422,1741.9421487603306,30816.3317054846,8835.268590194697,6418.89,10485.422368180989,8747.2,24283.56,899.97,14340.47,2455.4496368752107,21710.333668008618,930.1828702845061,170.52429102657345,198.15176445117993,2543.9247870599334,468.2572672377475,4873.677827932359,2.000983394050466
2022-06-02,3886.4985577370426,11460.779752489067,1765.7671908439565,30937.27551874942,8815.623171445288,6500.44,10536.580915891262,8744.1,24426.5,890.28,14485.17,2427.7692705220015,21799.101990942327,940.8460086599313,170.32846108842222,196.4518972374503,2507.5981587429974,467.73765453656495,4851.202001081665,2.0156996224813133
2022-06-03,3832.593283582089,11205.904850746267,1756.5764925373132,30690.018656716413,8776.593265757894,6485.3,10517.387338076993,8724.8,24166.66,896.89,14460.09,2417.2854648747866,21713.875289496056,930.8692270656643,169.19927270304564,197.88701974481432,2506.435466996386,468.95943192083865,4866.584423005816,1.9855543329566407
2022-06-06,3853.6044880785416,11277.578307620384,1767.078073866293,30776.792893875645,8915.708677564891,6548.78,10517.387338076993,8836.3,24565.67,900.28,14653.81,2391.4189763726868,21486.06249695315,935.0903278566649,168.87529799357497,197.9218689070864,2574.550426537467,476.49794840087685,4846.364033760382,1.9855543329566407
2022-06-07,3888.122605363985,11377.656293804317,1793.8136622745537,31006.578824408934,8939.917647058825,6500.35,10521.966794380587,8841.6,24366.19,891.81,14556.62,2392.1944702879364,21115.09059343737,942.0634624706364,167.6799169103258,196.94094016491653,2563.3855971046587,475.8491702683581,4793.419577112747,1.9790814211973928
2022-06-08,3840.770810003733,11278.71407241508,1764.6603210153041,30711.926091825306,8885.898186073726,6448.63,10461.038131727786,8842.7,24236.67,893.82,14445.99,2374.8751647586837,20638.911372877643,932.1321098190734,166.76360809367318,196.25544781566052,2614.2178575245516,477.45835834857513,4779.904685192643,1.9513817163153242
2022-06-09,3784.683496608892,11072.18349660889,1743.462697814619,30400.14129615674,8798.128861429832,6358.46,10328.799489144318,8711.2,23776.97,886.64,14198.8,2359.976998825523,20555.609938675036,921.056340640184,169.19707103892236,198.05448043752628,2616.055888175799,477.67330565134773,4693.567130248729,1.9510426110607435
2022-06-10,3709.0995531044973,10782.561566986784,1711.7809261196157,29849.5673671199,8569.528047780772,6187.23,10111.859149790185,8390.6,22547.48,862.55,13761.83,2307.8972653679616,20111.021077417325,909.9449568580778,167.69436426676384,196.79803373766669,2638.1688070508667,487.8027693921226,4648.137593455594,1.9443699581295364
2022-06-13,3601.95004803074,10383.506243996158,1647.0605187319886,29314.831892411148,8398.869397983566,6022.32,9940.020069330414,8183.3,21918.04,862.55,13427.03,2275.459198866716,19267.99128605769,889.8722389838716,165.01743992254384,192.91900779183646,2574.9951109807375,485.2493064940608,4611.035354375229,1.8827363277579403
2022-06-14,3586.290322580645,10395.88133640553,1639.6217357910903,29152.10253456221,8278.576364892882,5949.84,9760.144134282065,8066.4,21846.89,822.84,13304.39,2245.085485722703,19144.52656062425,878.214775549542,164.74357974053797,188.69697077059345,2578.007146178508,490.75347830421094,4409.417661412649,1.8617452671670214
2022-06-15,3628.694528220594,10626.789219206279,1657.4656517784479,29363.329982287323,8482.11078717201,6030.13,9837.246852764094,8174.7,22473.56,838.94,13485.29,2285.176711933787,19473.751006298244,881.4572733687378,163.8891960331598,188.33996279868364,2607.4019235946253,493.9419868229657,4426.042644495105,1.8193157996461546
2022-06-16,3475.9408474736942,10092.046639491895,1563.9776282112048,28369.580054981514,8249.391100702574,5886.24,9556.07553366174,8078.1,21726.64,815.27,13038.49,2208.736299461267,19281.276080983505,842.8592343166679,159.12436410039817,189.49134315517796,2530.01547470947,486.81801149579684,4402.579653997728,1.8173535277153805
2022-06-17,3499.847619047619,10284.142857142857,1586.3714285714286,28465.50476190476,8168.878798463151,5882.65,9534.126984126984,8145.9,21788.87,825.41,13126.26,2248.0455637175723,18447.326452733607,839.5847801454731,158.7647549220327,183.19280296348563,2567.2572678048277,492.85076214108466,4274.078156974058,1.8019562970618632
2022-06-20,3496.1849491009425,10273.380268290364,1584.7112548758446,28435.714965274474,8301.445389905584,5920.09,9565.690567414706,8286.0,22004.05,831.81,13265.6,2240.62695342633,18307.150321764482,853.4940818644875,158.11232069127186,181.4874647887324,2558.7626871716748,493.9284952732959,4254.189452802116,1.770359620610252
2022-06-21,3576.318039327444,10515.151515151516,1609.2239004464711,29001.85237959533,8341.06945011371,5964.66,9560.153256704982,8235.6,22089.41,840.69,13292.4,2270.9598534632523,18469.49835564408,858.7171475831649,160.9948821241007,182.48781505301582,2599.717836019318,492.11380208888033,4318.824931316408,1.7731625630267565
2022-06-22,3558.3116452940894,10460.493067714002,1599.6593006198834,28848.843041688353,8230.359319672607,5916.63,9604.397007845284,8145.4,21788.57,836.48,13144.28,2225.2222656463878,18130.237006539995,844.574394210738,157.94608259855207,181.6004027917636,2525.5720854747087,483.4877153346513,4266.470009832841,1.7233513553275221
2022-06-23,3606.3942992874113,10671.914489311164,1626.289786223278,29147.135391923992,8178.529822926374,5883.33,9535.95146871009,8106.4,21615.0,836.23,12912.59,2214.6546932544898,17775.73967178056,832.6254614569247,160.23322257530577,184.2461895878067,2574.266854629389,493.4908557124319,4273.350788767429,1.6902346574352007
2022-06-24,3705.7029177718828,10996.229632436529,1672.7358848048502,29841.49298976885,8375.51992564192,6073.35,9873.30779054917,8244.1,22119.2,834.83,13118.13,2276.651700878157,17829.380674888194,850.910960916838,161.27767411699912,185.64800280308341,2624.136576996732,497.1274825645201,4330.655651372524,1.7283914551761914
2022-06-27,3684.911186696901,10888.652683295539,1673.9795918367347,29703.58087679516,8411.542473055973,6047.31,9949.662470352125,8242.6,21928.81,823.18,13186.07,2290.2601359602218,18176.07215332582,857.8984045479551,161.94175981911832,187.44564193784663,2673.777649478584,500.03106203936403,4387.307818122342,1.748300409066426
2022-06-28,3632.8247540282337,10629.345501212038,1652.9682969722896,29418.689101193027,8481.56812785917,6086.02,9860.946907498632,8317.5,22101.23,823.92,13231.82,2286.627120604474,18149.10239061795,861.2567377981245,162.0270278242709,188.87975700020948,2716.940453611746,506.34733933253034,4441.118881118881,1.780896150113232
2022-06-29,3657.5328033713245,10705.765731251795,1646.7483957475336,29718.71468250168,8492.822299651567,6031.48,9862.935595694216,8188.0,21833.5,822.15,13003.35,2286.998189401456,18407.53141167775,861.7836050960145,162.78566300145343,187.94418735100265,2675.369739722695,503.6102037753111,4416.306232079886,1.7582311144629534
2022-06-30,3610.797920541804,10520.09348023084,1629.2173415367008,29356.064291505703,8327.173471165572,5922.86,9798.586024448092,8098.7,21293.86,810.42,12783.77,2255.2390723445405,17881.441156990302,849.5535218051799,161.7186721019279,185.46811426162117,2664.658198839534,507.1605535938034,4324.533842507243,1.727817488241176
2022-07-01,3667.9739188800463,10670.10259852335,1656.688081311727,29818.065011026945,8314.37021572721,5931.06,9825.214376938515,8176.1,21354.65,805.79,12813.03,2259.0843599249547,17796.020106286363,853.2524560881216,162.66526475863003,183.9340448920251,2680.850620243928,507.98826727714976,4273.605175455793,1.692834117793916
2022-07-04,3670.0853880840446,10676.244843135373,1657.6417538136811,29835.22978029358,8400.290360046458,5954.65,9926.993249407042,8161.8,21343.93,805.55,12773.38,2273.034545252364,17756.14477356622,862.118612458038,163.74523444536132,184.90445049312456,2669.3343278472034,511.0740393358583,4355.267075018112,1.7034886734746775
2022-07-05,3731.388780677834,11026.723802103623,1695.8804051421894,30159.544215037007,8181.994992138822,5794.96,9763.273125342092,7959.4,20705.06,779.68,12401.2,2254.896115670703,17769.495539305633,857.1129785247432,165.33087701349388,189.38161619781403,2719.1088548374055,517.0530221233487,4392.44724200762,1.7293996012111368
2022-07-06,3775.9795737994696,11157.66473534322,1696.50397721693,30479.89786899735,8324.865308034668,5912.38,9889.25378580551,7948.6,20920.99,779.2,12594.52,2269.205055538649,17857.511102267486,859.4545728491788,169.3453955926076,188.61864682295996,2698.551757330283,514.9243350489425,4389.018302828619,1.7197986073593854
2022-07-07,3840.783387461864,11437.21090443854,1741.5608699931108,30887.265032969197,8506.780262690807,6006.7,9980.824667031564,8122.5,21558.07,795.24,12843.22,2272.611400191597,18564.62522346523,878.8265209305856,171.10812104467615,191.6894967256413,2711.7353363110715,517.8049604252633,4473.755047106325,1.7533368886752347
2022-07-08,3828.551791850761,11423.966617574864,1737.2214040255278,30768.92488954345,8499.161450336602,6033.13,10048.376208721036,8100.3,21774.18,802.16,13015.23,2283.25995522936,18733.85823829938,876.196974866371,171.23314214846692,191.30101359881687,2720.892195170825,515.8114707219428,4496.666891118443,1.7753851963746226
2022-07-11,3838.691365401852,11326.16273279554,1724.9377552036651,31046.549148491187,8522.726196115585,5996.3,10059.44170771757,8065.2,21567.7,789.58,12832.44,2274.6645858343336,18185.46828130208,876.0967766633489,174.10645684850482,194.29202898550724,2668.865010328425,514.7943905837706,4426.9950045261,1.7703701462278068
2022-07-12,3804.343494720064,11222.086072922893,1721.637776449492,30864.046622833237,8536.924989639452,6044.2,10098.36708629812,8014.8,21485.7,794.6,12905.48,2276.1924551284346,18001.353702991335,868.9103912494742,172.74067848160755,191.66479877738155,2642.3040113578027,509.4126098903134,4447.190171659375,1.7739950402596212
2022-07-13,3778.3542039355993,11178.274696879347,1715.4044921486782,30583.17431922083,8456.567208271788,6000.24,9947.865353037767,7944.9,21286.33,803.28,12756.32,2275.342669995048,18037.62830553764,866.9449977018539,171.21447081757768,191.4866213479896,2620.7259370333736,509.12896521629796,4449.851819495312,1.7685063529554725
2022-07-14,3783.569574765422,11230.974246356558,1704.442004392094,30575.134757436612,8309.011507819416,5915.41,9851.778872468527,7804.3,20554.33,796.41,12519.66,2243.0309149524483,17686.673474832784,846.4143047365418,171.15724530298672,191.45180181798585,2644.409470894077,508.11361873453257,4479.726525663479,1.7692114304868851
2022-07-15,3829.081177520072,11351.392605808307,1728.9820596689465,31012.25096639905,8411.47926213136,6036.0,10018.326947637292,7945.9,20933.26,794.62,12864.72,2271.7602378125875,17691.10964526532,848.8971706723456,171.31728903726318,191.64737444555732,2565.305090743643,496.16873973245714,4448.216835016835,1.77599829332033
2022-07-18,3777.213567343719,11200.995858804969,1714.0800631039244,30637.55669493197,8511.949092623143,6091.91,10043.951833607007,7963.1,21169.12,804.24,12959.81,2260.2490632311165,17570.479617828623,854.9390452318559,172.32521219368587,191.19598886589108,2604.6655171552093,502.25084616902916,4491.756171284635,1.7791068700002997
2022-07-19,3849.687072168981,11454.283199687072,1759.5540778407978,31123.65538822609,8558.18427071726,6201.22,10146.031746031746,8125.1,21696.2,806.11,13308.41,2252.000911107892,17748.457202731508,870.6660081303901,172.05408369454156,190.7846023209737,2568.425894272307,498.2934361814728,4486.30549183646,1.7743461178671653
2022-07-20,3890.2642695746144,11688.427153944394,1795.805088908537,31314.3137832793,8543.231800540987,6184.66,10088.934501003467,8028.9,21348.42,815.32,13281.98,2253.273599798062,17646.222070612315,876.9453658164626,173.93057741829045,196.7464638567062,2605.8215611064334,503.5867233795034,4573.825280822844,1.7736470168607372
2022-07-21,3909.042033235582,11788.475073313784,1795.3958944281528,31316.617790811346,8524.457732442257,6201.11,10157.580733442803,8012.7,21196.59,826.11,13246.64,2246.630388689231,17610.753185322177,876.1669641839798,174.65951350549264,197.8227613931481,2571.764455888603,495.29642898416733,4602.56130605609,1.8081085543597362
2022-07-22,3879.386995691343,11588.43517430474,1769.3693693693692,31237.064238151193,8553.391324791348,6216.82,10122.34993614304,8051.6,21211.98,829.97,13253.68,2253.0679759748305,17619.99340974467,871.5114295462299,175.82783839144668,200.89715725080967,2566.9016540454363,496.9976503350448,4606.2805208898535,1.7836758118492346
2022-07-25,3880.6887106241443,11526.775582077871,1778.291919389552,31295.284680101744,8608.813479439143,6237.55,10152.663747491333,8085.6,21382.71,828.89,13210.32,2255.5306388576564,18310.458172787203,880.3243119789881,175.23382924650016,198.2482822788434,2563.9096525626082,493.5862508694644,4619.292468875434,1.7946288581283876
2022-07-26,3876.087386318703,11429.982206405693,1784.5492289442466,31397.33096085409,8686.577101414814,6211.45,10127.99671592775,8069.6,21159.98,829.26,13096.93,2255.417068749816,18428.29120528994,881.09849647131,175.0430772243845,199.65498321481428,2628.1662696192748,502.00096467252285,4669.571271779394,1.8010121064652407
2022-07-27,3943.169345354763,11791.86593492748,1811.3876911015288,31553.89063112505,8753.624396926558,6257.94,10086.425834701697,8124.4,21480.7,834.85,13166.38,2249.964936549564,18956.98894588811,890.5930001528351,175.02392711353062,198.89307499102978,2601.9851585168585,497.7524505539122,4675.665730144589,1.820074444678863
2022-07-28,3993.361443420278,11926.446362031771,1836.6640517748579,31898.048636987645,8773.590539894887,6339.21,10152.645502645502,8084.9,21932.06,839.52,13282.11,2326.800126127799,19411.891585071662,900.1340225923798,178.15946195943454,203.18100803506206,2586.9053368372856,499.99854640598875,4719.295157202548,1.8178404807225768
2022-07-29,4041.3796477495107,12123.962818003914,1844.647749510763,32138.09197651663,8837.942734686589,6448.5,10167.770479839444,8156.2,22405.48,851.05,13484.05,2312.95769167021,19510.869873570933,908.5465182975795,180.841464837506,204.22110405112574,2518.2574039716897,494.58618363305305,4747.555540365028,1.844203716241631
2022-08-01,4013.085842346293,12052.012082237163,1835.048231511254,31957.907044723765,8848.675101456196,6436.86,10167.770479839444,8085.1,22429.47,863.81,13479.63,2264.9724505857625,19208.203759900036,901.2403747676668,183.1848717349537,207.2200014804945,2500.6466813404845,491.7012149478897,4786.120046540278,1.8482717556791632
2022-08-02,4024.3852055872517,12147.117843793036,1851.7115876450916,31867.165060003936,8870.529781502544,6409.8,10142.401021711366,8096.9,22351.02,869.82,13449.2,2219.1846738364143,19255.518918012633,898.8585607940447,186.16846408823116,203.81660388507277,2459.1839028776976,486.31298343748637,4763.367933839295,1.8189558759934985
2022-08-03,4087.722577471717,12462.528283325137,1877.9439252336451,32279.881947860307,8896.206463946473,6472.06,10197.947454844007,8142.1,22574.9,870.24,13587.56,2257.94238667308,19321.83918746567,905.0679946370426,184.99642274721202,203.8871127769816,2485.6760223328806,482.58065455392494,4767.562875888464,1.8524274328890626
2022-08-04,4052.650073206442,12416.378721327477,1860.8687164470475,31944.187408491947,8842.001543301478,6513.39,10219.540229885057,8161.1,22645.84,867.51,13662.68,2250.7200781387924,19818.69905765434,898.1983690498768,183.62044124953204,205.12741426158482,2516.768652108011,483.16354934098746,4744.505815930889,1.8572469209972968
2022-08-05,4070.6962584699986,12430.079544338603,1887.2827261121477,32213.95463026613,8820.082987551867,6472.35,10146.934865900383,8168.0,22586.88,849.23,13573.93,2246.5034385038384,20244.885153635532,900.8163420283252,184.37121092930215,204.98250336473754,2531.6190153950265,491.0560368302193,4760.53606568501,1.8554274306486696
2022-08-08,4060.076493086202,12400.17652250662,1903.7069726390114,32198.234774933804,8864.317024049284,6524.44,10186.389345010035,8272.5,22727.94,860.32,13687.69,2293.1635872341767,20792.017108935197,904.8748855660665,184.73939442821433,205.18786998365715,2499.2855896067626,492.67311198436863,4811.9273474982865,1.8857977065746876
2022-08-09,4036.492705375502,12233.359443846079,1872.995202193283,32090.874375795556,8858.570921566306,6490.0,10155.519065863893,8311.9,22488.49,859.52,13534.97,2286.3605235584355,20758.315660763077,897.686961145505,184.49288213408832,202.85416213866552,2492.6560290095263,493.3560501703763,4794.244697538021,1.8815933859451333
2022-08-10,4088.008544518885,12481.600155354889,1912.0788426060783,32342.470142732305,8912.10304505253,6523.44,10176.153986498814,8352.8,22702.44,875.47,13700.93,2317.472682270888,21012.103768370092,912.2444326214182,183.9652706350798,203.25367136699057,2413.552730360725,488.6985905730129,4806.3090246752345,1.8620891534252542
2022-08-11,4077.404661530262,12385.433929350196,1914.2898677133305,32307.670688569076,8837.488162878788,6544.67,10175.679620507206,8380.0,22858.18,882.77,13694.51,2354.3795294081056,20608.170548459802,916.1415230430492,183.81865720628096,202.68354522603914,2474.74476121233,494.05493171253886,4869.164026993527,1.8714490163654838
2022-08-12,4171.686159844054,12716.559454191032,1965.5165692007795,32905.506822612086,8869.44542982145,6553.86,10151.65115854771,8400.4,22970.73,878.76,13795.85,2398.941788549219,21657.12145655681,929.3022546064929,185.269128385447,208.4253641441244,2512.640027896608,496.2865526661945,4881.646536165486,1.880194271518992
2022-08-15,4228.636095256839,12918.765990946664,1989.126156268451,33371.816571541036,8908.708031794993,6569.95,10191.15124977194,8427.0,22970.73,878.76,13816.61,2412.87438888572,21820.84942084942,929.6172029891719,187.30391073847434,213.09159347553324,2508.289892801492,498.69973268247327,4882.032480995163,1.880194271518992
2022-08-16,4232.402674007078,12880.996854109319,1986.3645300825794,33574.52811639795,8960.832342449465,6592.58,10153.658091589126,8511.9,22997.83,893.23,13910.12,2409.66677628298,21683.569088529974,938.0423968776307,189.54042860432568,211.43963086388106,2484.7162009773215,497.40333091962344,4906.026375750881,1.9130434782608698
2022-08-17,4197.849039925354,12707.479251583754,1951.8833177822519,33374.57152678878,8893.852434767174,6528.32,10151.605546433133,8434.8,22757.81,894.37,13626.71,2395.057930237987,21620.535247421212,929.0153272734187,190.33387267070412,212.56788507001272,2499.554602027502,499.7146581691773,4853.562357427394,1.8890573742802876
2022-08-18,4245.530227948464,12849.692765113976,1982.8840436075325,33695.777998017846,8918.93330179754,6557.4,10187.547892720306,8430.3,22985.7,897.63,13697.41,2400.1753469998916,21823.095728872056,938.2113198882552,191.41420708320888,211.07161610268378,2487.5596279467845,501.5575823517813,4877.444284440788,1.8815361070683732
2022-08-19,4213.312076524511,12659.645277002788,1950.3288162614585,33585.83100836987,8899.540311173974,6495.83,10177.631819011129,8338.1,22534.57,899.16,13544.52,2395.008477838767,21485.167021553345,933.8879730092399,189.95301618583483,210.49425203725264,2509.681800297003,499.02137767220904,4872.945205479452,1.8759520154128662
2022-08-22,4161.921046014584,12453.175760623586,1926.819210460146,33254.82524515967,8916.255399727794,6378.74,10112.972085385878,8284.8,22165.66,896.41,13230.57,2397.74939203124,21547.408960171597,932.4322242760321,188.94883133587595,210.64779253081682,2513.59994885074,504.4072725136581,4873.541962031882,1.849445729564094
2022-08-23,4141.568863476778,12419.801384291302,1925.1078342862875,33011.92697361821,8887.964391691394,6362.02,9973.599708082465,8226.3,22380.06,891.46,13194.23,2408.570618107696,22174.71436009785,935.7803848685485,189.5566815211049,208.6437632910464,2488.6434687184983,503.8260027297143,4840.298268789544,1.8306697737352478
2022-08-24,4154.47978328484,12472.689876592756,1941.6976020868867,33078.38868265275,8847.258732978094,6386.76,10046.405765371283,8199.4,22431.47,892.37,13220.06,2392.963085119367,22160.504853225506,934.6512437618476,190.36346683615437,207.1818381384458,2457.5750425671667,492.7920548786731,4851.0342437266045,1.8289393056240564
2022-08-25,4209.855130582987,12671.582535465439,1969.6626397313153,33376.9010977994,8872.763938315538,6381.56,10092.939244663381,8187.5,22454.43,896.12,13271.96,2400.537205775465,22273.365769442047,944.288872512896,189.52616253865253,209.15073623912164,2549.686530382931,497.92441230715184,4932.5369165092025,1.8530714221597204
2022-08-26,4072.7290976613467,12186.801164307939,1906.88547626217,32403.29218106996,8758.620283018869,6274.26,9981.901112935595,8063.9,21895.25,893.74,12971.47,2368.539167085038,22270.480912245905,924.5832210372308,190.11649193135898,209.0230249954388,2566.309776004988,495.3317850517798,4913.613224512381,1.861209884322816
2022-08-29,4031.819545863759,12021.276382914873,1883.5050515154546,32108.622586776033,8699.63103953148,6222.28,9940.467068053274,7989.6,21841.88,868.25,12892.99,2314.3114086582896,22339.740848656016,921.4376321353066,187.28225896665543,201.0526088053943,2555.938218023998,491.74986786756347,4810.42817679558,1.83120048290953
2022-08-30,3980.5871779508684,11866.52686239265,1852.9958058717793,31746.425004993005,8568.503753710062,6210.22,9929.71173143587,7979.8,21825.22,855.7,12961.14,2275.4922291346134,21526.22294129687,898.7493327232518,192.0575399253895,202.85319615813518,2544.535360557146,488.5965672676838,4788.437222032159,1.818966476922734
2022-08-31,3931.8023660403614,11746.893329356795,1833.3035092951584,31325.608907446065,8417.090362837995,6125.1,9902.417442072616,7886.1,21559.32,856.36,12834.96,2217.258587583729,21003.52862211142,883.0481526347668,191.61075248717853,200.96240655292056,2528.304444782322,484.1402096363466,4750.986672106624,1.8307955504865732
2022-09-01,3988.587803529234,11849.710924538735,1832.8088080036196,31829.892916394347,8298.699791037845,6034.31,9727.640941434045,7806.0,21302.16,843.17,12630.23,2261.0470779018583,21176.404020254722,884.6289077428722,191.90036858651558,198.375430292599,2513.0878034392995,485.87129786661035,4671.968606039925,1.7871035518499065
2022-09-02,3942.7911182558028,11685.78318095047,1818.2959911584448,31466.34180649051,8419.507400555041,6167.51,9935.878489326764,7932.2,21921.26,844.78,13050.27,2311.449547291937,21549.43484979542,891.0919869956015,191.58306250561503,198.13578875712085,2471.361961631305,486.2243449265022,4672.870291169124,1.7924890452844504
2022-09-05,3952.7195809830787,11715.20950846092,1822.8746978243353,31545.57816277196,8451.643954769499,6093.22,9870.041963145412,7862.7,21480.19,829.34,12760.78,2318.098624534754,21929.28898096392,892.6625541208475,193.07208617191574,197.84112316894095,2469.0116607592336,487.0482802695794,4690.074606433949,1.7859010936757012
2022-09-06,3946.072294022618,11656.815428109856,1809.6930533117934,31447.1930533118,8488.390209871519,6104.61,9883.397190293743,7842.2,21480.61,834.91,12871.44,2301.90634990284,21095.44126691267,885.4149074998081,193.52250090764323,195.32317590497738,2469.8203846970077,493.4085316725824,4642.456390900745,1.7697832217130771
2022-09-07,3979.47205279472,11790.720927907209,1831.816818318168,31578.132186781324,8343.319884726225,6105.92,9856.923918992885,7855.9,21489.36,822.51,12915.97,2304.8075864484813,20910.178499990478,886.5917317584303,192.31475375174162,190.79956874065314,2438.638051578866,488.2376158046946,4554.210205739037,1.7531980818886022
2022-09-08,4007.7831132452975,11866.87675070028,1847.6490596238496,31787.234893957582,8356.800920598389,6125.9,9843.386243386243,7916.8,21678.08,825.96,12904.32,2318.6303634496403,21078.029416840858,897.1725508176677,193.83831937081547,194.803081835219,2412.5884505636523,487.48247776923125,4624.999324689357,1.7206073377017004
2022-09-09,4050.7519171397275,12062.852305547256,1875.1618364704711,32020.4262523653,8484.614496768236,6212.33,9943.65991607371,8033.1,22094.56,841.91,13088.21,2355.970740511851,21725.959817757957,914.4287734587012,193.3870140646312,197.14051145891557,2456.405767315585,491.5067075011862,4697.760894007019,1.7206073377017004
2022-09-12,4061.469294995307,12120.359666024407,1883.3950891754362,31995.790721802285,8626.376543922428,6333.59,10026.226965882139,8194.3,22610.4,849.89,13402.27,2384.0183706050398,22008.306002445224,918.5413339417446,193.96291697209173,197.45492909028016,2435.0896388663564,487.6711937913719,4740.657545435981,1.7206073377017004
2022-09-13,3943.732450862415,11666.235459286001,1836.7127958283193,31192.30846369836,8513.959654178674,6245.69,9935.723408137203,8064.0,22303.86,840.81,13188.95,2349.724215580396,21402.83197465518,904.1964965727343,197.40517578104382,198.5265896555313,2458.481421647819,495.3528755775052,4732.1265104975355,1.7515856614728953
2022-09-14,3954.314059525003,11744.343120553163,1842.328890670408,31200.61128369576,8409.66083087768,6222.41,9810.618500273673,8055.6,22413.46,836.63,13028.0,2346.0493198260483,21442.0629994569,906.1361129075209,197.12923785935476,194.64469633361324,2401.7611377306553,488.14727421837904,4616.571679680897,1.7599935772517936
2022-09-15,3900.959904009599,11551.20487951205,1825.0474952504749,30958.72412758724,8348.125644846958,6157.84,9803.594234628717,8085.5,22365.82,839.23,12956.66,2329.113154994569,20958.71297319965,893.5333912846289,195.1031587219367,194.19631474450523,2412.9273204680453,479.32845901498746,4585.931709278558,1.7290174425719693
2022-09-16,3866.756513926325,11428.970749725466,1795.1382649495858,30770.110811620245,8245.989061075661,6077.3,9679.483670862981,7984.7,22110.89,836.17,12741.26,2329.74778630578,20759.757221151012,882.6978809891226,190.94561711009715,192.5518614234826,2382.8604450314974,468.5641139326501,4521.673376274825,1.7102682993353528
2022-09-19,3890.5526735834,11507.402234636873,1808.4996009577017,30945.411013567442,8255.395847592974,6061.59,9685.285531837257,7993.2,22140.73,833.36,12803.24,2343.32806179221,21582.833926830917,890.8858186198848,191.39830843069703,192.0555245924481,2362.2630226225924,464.90477377095857,4509.69599355748,1.686577743411302
2022-09-20,3866.756919374248,11457.129963898917,1792.5190533493783,30792.448856799037,8209.861887912339,5979.47,9557.142857142857,7873.1,21773.75,833.86,12670.83,2360.2061922873454,21930.553931314076,879.7659239252758,194.48517338240563,193.19299469718112,2393.9861699754624,467.5659840809386,4566.060443430718,1.698698634067952
2022-09-21,3852.3378735515344,11404.950193128683,1791.1770685098595,30680.80910754218,8291.488142971704,6031.33,9514.139755519065,7872.2,22035.81,826.32,12767.15,2386.053376905212,21997.818610592512,876.1361920579798,195.33376752225115,192.78722428092465,2378.5698626603903,471.0791595160151,4517.241867520647,1.6944795373986616
2022-09-22,3819.8719251880457,11249.044521244154,1750.670868062614,30571.94551738158,8194.014306151645,5918.5,9393.951833607005,7774.7,21799.11,817.61,12531.63,2361.660735952364,22668.342557356198,869.1672635428055,192.2950670868815,193.96285581627916,2355.4388879515104,468.0444214579203,4527.773347749696,1.700802158535696
2022-09-23,3810.596368138671,11213.299628559636,1732.9653322327692,30530.757325629384,7862.656136223603,5783.41,9248.111658456486,7583.5,21066.55,798.11,12284.19,2318.7942825882305,21906.171871170154,852.2376162459668,191.20255795300372,195.46379211056725,2353.8645298051497,468.4634089856415,4428.450476543293,1.6530357387770422
2022-09-26,3804.3611761644547,11244.257090814468,1723.528493364559,30456.216497527974,7808.430184062726,5769.39,9188.669950738917,7508.5,21207.25,792.73,12227.92,2284.6986048664985,21060.045164154333,844.5934682124723,187.77698478449113,190.03882517884745,2357.440965414348,466.522728598938,4346.837331183229,1.626454584733909
2022-09-27,3801.6364394413176,11287.784031686471,1732.8642901813635,30367.92787158641,7813.614498266025,5753.82,9237.757708447363,7445.7,20961.38,798.41,12139.68,2302.138140227216,20993.21058799601,844.7018609950627,187.82580478415397,191.3090464019583,2364.8365762103685,470.85363285872984,4357.525489669975,1.618435607824872
2022-09-28,3820.0811463201685,11351.897694006471,1761.8406861486312,30490.20594730625,7836.006711409396,5765.01,9323.809523809523,7442.2,20852.67,791.42,12183.28,2318.478919143409,20722.301305996883,853.5215520495207,184.42388495018812,186.4841295286951,2282.058642608161,455.25780843217956,4329.793292907635,1.585193683456707
2022-09-29,3708.7102689486546,10938.783618581907,1706.3264058679706,29773.441320293397,7793.420158550397,5676.87,9238.268564130633,7300.1,20352.98,788.46,11975.55,2278.090653790205,20302.737155734074,833.1843908251415,182.55611920023958,186.31350703381165,2239.0459917042754,455.69860957214854,4340.341003145175,1.5543169305009628
2022-09-30,3658.422609937761,10790.347923681256,1698.5205591266197,29308.754208754206,7851.272706565686,5762.34,9366.49334063127,7366.8,20648.85,792.9,12114.36,2259.910923854835,20730.369253956294,824.2455544897808,185.60068046920279,182.80445431159038,2239.596106707932,454.4620325762789,4230.25842072593,1.5299858748039152
2022-10-03,3743.758587349244,11007.511068139025,1739.2193781486944,30014.645565111186,7961.235307674579,5794.15,9387.62087210363,7462.0,20972.57,804.19,12209.48,2308.2510138983594,22871.907988025836,853.2063492063492,182.7832318999607,184.5792438217278,2216.1898088676085,453.3051114098567,4281.478681785028,1.5299858748039152
2022-10-04,3796.624937406109,11193.19979969955,1778.437656484727,30361.86279419129,8143.952192150779,6039.69,9661.485130450648,7696.6,21690.65,823.09,12670.48,2309.637848973075,22482.731273272406,868.0155642023346,183.9538335098885,187.58920008339703,2185.254228613833,446.0895387949841,4362.660197968221,1.5689613543723104
2022-10-05,3828.068400283315,11280.623292522512,1783.5576242031773,30632.277648487303,8083.695340707204,5985.46,9558.191935778143,7579.9,21360.72,819.14,12517.18,2311.5128853985316,22824.219054296173,863.9393601605171,185.46541310059663,189.70712087297144,2338.064707935318,450.69140805517037,4473.711191335739,1.5501347048738672
2022-10-06,3824.8416751787536,11310.837589376913,1790.102145045965,30568.886618998975,7975.914738401916,5936.42,9479.228243021345,7511.1,21140.55,816.68,12470.78,2351.136701016801,22986.909126460378,850.2116913020873,187.31167004467036,192.17070081621165,2331.534085393084,454.8827129930611,4461.4226817616645,1.5941785335204488
2022-10-07,3735.6666324540693,10933.388073488657,1747.0491635020014,30069.578158678025,7954.815952665415,5866.94,9403.91351943076,7436.9,20901.56,814.06,12273.0,2342.187564023766,22970.698248211203,838.6000298819662,186.31982319250346,191.48442906574394,2309.4362465908575,457.16593467615724,4420.853734270307,1.6242262004350008
2022-10-10,3723.34570191713,10865.903937332509,1743.8878581735726,30099.8556998557,7930.385733006667,5840.55,9361.904761904761,7413.5,20912.96,814.61,12272.94,2346.5917802137674,23018.245349322005,839.6977970602535,187.05949543593636,191.7959400198048,2260.5018184682854,449.0264862022517,4332.413501835547,1.6242262004350008
2022-10-11,3697.9289026275114,10743.111798042246,1744.3791859866049,30127.964966512103,7780.800090405695,5833.2,9312.014230979748,7355.9,20730.5,808.98,12220.25,2349.39581015002,22316.674278717677,822.0595922634604,184.37768197449847,186.49560272666267,2208.5218885922154,449.0548673075403,4293.745153786508,1.6009158231453486
2022-10-12,3685.380177209973,10732.63960436843,1738.8831650525447,30095.66247681846,7804.882231877428,5818.47,9304.251049078635,7261.1,20466.77,817.55,12172.26,2353.9999587739367,22350.338679539087,819.6346010439971,185.93098053989522,185.11750061362602,2193.2041129890085,455.28263819582554,4299.1107518189165,1.581904631937312
2022-10-13,3754.383631713555,10894.271099744246,1768.1943734015347,30730.138107416882,7937.74044032445,5879.19,9330.32293377121,7348.8,20785.82,816.02,12355.58,2342.775532560205,22215.54698205071,837.0351085986313,183.3433985523012,182.29292016952684,2148.7433298808232,450.92190386522014,4280.02706185567,1.558117755541628
2022-10-14,3685.906799711964,10617.6216438638,1730.686143400885,30485.37187532147,7881.854746035394,5931.92,9422.86079182631,7382.5,20930.81,832.32,12437.81,2327.778119269344,21648.116669886036,821.5931826602446,185.029253164766,187.34965421853389,2166.484686214327,460.5301556420233,4308.673700315559,1.5860118706273656
2022-10-17,3737.7540650406504,10849.390243902439,1763.9735772357726,30676.646341463416,7990.116614709617,6040.66,9577.367268746579,7557.1,21319.73,842.64,12649.03,2348.906240868401,21859.386873671352,834.379283517949,184.31440626876224,182.5767276942484,2155.867581982637,456.53199271320244,4260.987820082479,1.5957312207500918
2022-10-18,3775.0964075502334,10932.007306677491,1781.976862187944,30976.050334889384,7967.31177855625,6067.0,9650.392264185368,7611.3,21518.78,851.04,12765.61,2345.5371501072505,22406.733068114725,840.4593117707872,185.66115412922878,184.5849646547036,2187.522470674961,454.840527442804,4340.909905871806,1.5913865174738122
2022-10-19,3780.9884375319757,10928.588969610151,1765.844674102118,31130.471707766297,7949.250990070596,6040.72,9564.075898558656,7583.6,21472.11,848.17,12741.41,2351.379209644547,22573.369960881006,841.3721336455197,185.72044409235016,186.05720136518772,2148.3537287507074,451.5821732145258,4363.375148384614,1.5904690143448157
2022-10-20,3746.3260091977513,10848.073582013285,1741.839550332141,31000.091977516604,7978.296087780777,6086.9,9554.32402846196,7644.4,21701.5,854.8,12767.41,2362.1694126887387,22960.993915403535,835.9566411760338,186.4672406637052,183.82085488701335,2107.035436026195,450.3908462671349,4319.673330552257,1.5991190062505858
2022-10-21,3805.2626242141555,11011.681200567837,1766.6193469884406,31517.50152098966,7988.6870307754025,6035.39,9504.287538770297,7545.6,21567.55,854.99,12730.9,2398.682559438815,23559.104615414835,849.9572538378619,185.2659742493944,184.6690244823679,2108.0643168770034,445.77707786526685,4318.060468876314,1.5805742036851878
2022-10-24,3845.4075949367084,11091.250632911391,1770.53164556962,31898.359493670883,8010.038257294581,6131.36,9665.690567414706,7680.5,21982.95,866.25,12931.45,2426.0735696193015,22150.819108718064,846.8632232320994,185.96977315307961,183.36550880293657,1956.4635757321907,435.0269094559549,4334.099220048587,1.5813867967893638
2022-10-25,3872.2757375075253,11237.326911499096,1802.287778446719,31945.354204294603,8073.070503597121,6250.55,9827.896369275679,7794.9,22289.85,863.35,13052.96,2454.8432176380725,21626.655597901965,852.2508572060613,184.31108512625832,184.81657567228459,1939.991173479504,430.5522005894004,4362.552618069815,1.573904287082418
2022-10-26,3800.5754539140785,10884.998511757118,1790.1875186030359,31589.552534973707,8140.836458032882,6276.31,9867.916438606093,7870.6,22389.78,862.76,13195.81,2454.2682289723116,20788.827948564318,853.5558727718605,183.5660315038685,185.94705982036942,1941.9075932276448,434.82350337501384,4391.153089842364,1.5721294290306798
2022-10-27,3821.05580088318,10831.663990365316,1812.8462464873546,32149.016459253315,8210.899593731863,6244.03,9767.031563583289,7921.1,22590.41,860.76,13211.23,2474.0180979951333,21525.15067875852,867.1722403077833,185.6872030683844,187.61099104661935,1966.0314122781867,434.02796096016885,4430.916917500081,1.5892098319677825
2022-10-28,3914.7616658304064,11141.445057701958,1853.4069242348219,32977.220270948324,8213.110360097891,6273.05,9827.011494252874,7916.5,22529.2,860.76,13243.33,2486.868103474481,21701.84829049708,870.4341731528274,185.91726875476655,184.45813059307906,1903.1415858382152,422.8523197409749,4366.180227133803,1.604334050016974
2022-10-31,3917.0257966616086,11115.983813859384,1868.3459787556903,33113.758219524534,8232.22325365514,6266.77,9877.695675971538,7956.5,22652.11,874.27,13253.74,2549.2476950848054,22663.2747727073,873.9632448487099,188.49286729742852,187.65064789307215,1893.0475355743454,420.07771213265084,4442.682374263706,1.622829609294296
2022-11-01,3905.1091194490855,11029.267304673653,1874.920249126538,33068.20598511317,8357.943707839033,6328.25,9837.301587301587,7999.0,22795.64,868.25,13338.74,2608.233149502734,23019.046587855464,878.0295712905861,190.3565527677212,189.0572043304532,1994.3184530914298,433.04528123347524,4519.155358357354,1.6612506224656753
2022-11-02,3828.99480598839,10718.810469497912,1822.1203788573175,32740.36052551176,8288.827010093979,6276.88,9857.900018244845,7968.6,22802.97,874.04,13256.74,2633.443196361784,23151.447352789764,868.5137042263982,190.75805869989767,190.47330189004026,2042.4658506526603,439.75104951767594,4519.356382806688,1.6643543413077695
2022-11-03,3814.098226186814,10604.880549574491,1824.8026248333845,32811.6989644212,8231.098643155667,6243.28,9770.653165480751,7868.9,22706.02,861.76,13130.19,2620.569141330328,23432.236855292962,870.498284350291,191.8920493055023,191.28990768592467,2002.4659608631516,441.2096360840594,4421.455143290029,1.6740480400189746
2022-11-04,3784.93274442883,10515.207789600483,1806.7355952619955,32526.821923308577,8376.930105070807,6416.44,9841.060025542783,7942.7,23282.46,879.1,13459.85,2631.135824939715,23453.536726976785,877.4633201757654,190.16484414361676,186.2421856277175,2080.5030960748722,449.6409511302355,4474.341913077347,1.6936363242993755
2022-11-07,3798.8224728071054,10542.38099990021,1806.0173635365732,32758.20776369624,8387.900723888313,6416.61,9806.960408684547,7962.3,23493.0,885.3,13533.52,2603.7065248892686,22318.35992298836,874.5869219679888,190.41972460043314,187.332947701521,2114.3037321561656,445.25760033127443,4483.048524229786,1.6793811513134602
2022-11-08,3799.990073456422,10538.217192773476,1795.6422473694658,32917.232479650585,8368.044897491696,6441.5,9876.883780332057,7998.9,23694.17,887.54,13688.75,2586.977994520871,22414.40259339302,879.4026319680614,190.4699765846767,189.9162578359226,2095.3183034782114,439.80747374330747,4492.9450882913125,1.7022798390701834
2022-11-09,3743.8901373283397,10340.244694132334,1758.2022471910113,32473.34831460674,8275.676288776725,6430.57,9947.39098704616,8040.4,23780.07,891.8,13666.32,2578.089248644541,21867.13771394467,865.8816581152413,191.11075202459958,188.98424928405836,2078.1828229510074,440.5278507456512,4494.943325948047,1.734571081061744
2022-11-10,3875.3746694093447,10886.619649329024,1829.6894896659812,33025.14448036047,8463.296804176947,6556.83,10144.581280788178,8133.2,24394.28,898.94,14146.09,2587.690248187841,20115.884665072426,890.8556090745303,187.54849051645996,190.7038632573652,2012.9229305661609,433.69677806247614,4514.4561130558795,1.7538750209904574
2022-11-11,3856.412980490631,10936.188912497584,1818.3697121885261,32594.0312922542,8366.34274608437,6594.62,10150.656814449918,8098.1,24455.57,897.78,14224.86,2573.142044976204,20358.46096647533,886.4522239626972,187.7418305583449,196.65718062900083,2140.9924187658717,439.64972588128995,4633.909496989707,1.7779018816049486
2022-11-14,3831.9453858816696,10841.6965236758,1802.3143216810304,32474.7748620122,8405.611199635783,6609.17,10034.291187739464,8166.5,24596.69,900.3,14313.3,2590.9600562369756,20548.62901761395,877.2884314652508,187.11284038415565,193.57240758687527,2176.374461147,442.38703407115383,4634.2861774910025,1.7979279128735315
2022-11-15,3857.1166296260512,10975.369600927626,1825.4903855444973,32460.054111508365,8445.381618152645,6641.66,10058.58419996351,8188.4,24699.75,903.87,14378.51,2577.717496261099,20503.57848199888,880.8673190963001,187.00785031284377,194.17391605966006,2261.901943375752,450.5778186232485,4662.837555497519,1.8196510843090647
2022-11-16,3808.726188185491,10759.7267654416,1782.9228401000576,32281.922262843946,8423.50177609717,6607.22,9976.847290640395,8101.4,24531.27,887.09,14234.03,2563.0489901192345,19640.359159822558,873.4851492294922,184.91391326056694,193.22532832373926,2242.9761407474753,443.8166716430065,4619.1056488747645,1.8113192372930922
2022-11-17,3808.6855819339894,10755.607025670719,1774.86971627099,32374.367882648137,8411.42660865583,6576.12,9959.751870096698,8040.7,24339.67,883.28,14266.38,2551.9483616828666,19520.418512784927,874.1464827486332,184.6008904068883,192.26660700764094,2231.9925788497217,440.3465713707774,4601.450266000322,1.7730053780219621
2022-11-18,3840.708993171582,10795.738292411253,1791.5928132112933,32685.059809191727,8504.254706661293,6644.46,10076.16310892173,8127.8,24675.18,889.9,14431.86,2568.20163654645,19588.36970798323,878.0073079845158,184.48377209743174,192.51842395804584,2219.6707356941506,441.6384945549033,4621.817888070311,1.7621938032555255
2022-11-21,3856.233525334375,10762.969833056723,1795.509128185102,32900.79078395001,8514.861199284354,6634.45,10112.242291552637,8188.4,24356.05,891.81,14379.93,2575.7878622143307,20138.94725252544,880.6112078977934,184.6023576962352,191.94168555532661,2209.8477405142903,440.56543746466014,4604.366837573764,1.7480799658981716
2022-11-22,3885.461956521739,10844.730201863355,1805.551242236025,33092.100155279506,8596.12456747405,6657.53,10102.44480934136,8325.0,24590.5,900.07,14422.35,2584.686292966341,19745.85295182905,890.3253890521275,184.18767088020311,193.16894537959465,2167.4712808105437,440.07639035198,4633.994321481578,1.7362809499747347
2022-11-23,3873.669023228972,10854.922329630164,1792.449382003559,32889.97258692829,8655.350724637681,6679.09,10120.835613939062,8331.2,24581.14,906.4,14427.59,2582.280021256624,19533.228046876404,886.576625247614,183.0823147679543,193.71462036654268,2160.2995654451875,436.0311106334963,4682.747434195617,1.7308837635470802
2022-11-24,3869.01719665674,10841.886828705929,1790.2968584878472,32850.475550004805,8688.154526413777,6707.32,10178.398102536034,8388.1,24730.89,919.78,14539.56,2576.2409361478567,20189.96380180359,888.9433119642727,184.52090329134114,196.7018261201012,2173.2346444678246,434.95197797031364,4705.829488595751,1.7355508793880536
2022-11-25,3872.386265268827,10797.691641819756,1797.8166778878522,33035.519861498506,8709.481154025128,6712.48,10187.94927932859,8416.6,24718.81,917.64,14541.38,2569.5819532718647,19374.15219961421,889.448898155804,185.12126170596838,195.54761987070904,2160.0707995058788,436.38755402829605,4713.807993246973,1.756902254988866
2022-11-28,3833.9684689041496,10687.203791469194,1770.9256214334075,32739.587967888576,8642.983521248916,6665.2,10182.594417077175,8323.2,24440.88,907.06,14383.36,2558.8656525313227,19608.32770041909,880.4499695482391,186.97983945217993,196.03125326279888,2127.9558119794806,432.9658975786811,4650.136369484112,1.7491538472712482
2022-11-29,3831.5713040952664,10633.923903572468,1778.0520863587958,32774.25694646142,8694.444444444445,6668.97,10105.64677978471,8322.1,24465.95,911.91,14355.45,2525.650112253219,20375.059705331227,877.1939830327226,187.54794927783044,195.63633825428403,2250.561568559578,446.44178042827104,4696.517094017095,1.7568841783027451
2022-11-30,3920.543864706448,11019.506101662344,1812.799077543961,33237.02315749015,8774.244004171012,6738.55,10151.222404670681,8363.2,24610.29,912.33,14397.04,2577.5092570659153,20843.864655523845,888.3562625394096,188.29755431218143,194.68200327149967,2313.966118987925,447.50479261361716,4750.35802791183,1.7991064606966405
2022-12-01,3873.5936906119346,10910.72786012923,1787.9893576586849,32682.449638920563,8793.031642624475,6753.97,10251.96132092684,8407.9,24685.67,922.42,14490.3,2555.8237659218867,20327.399004938656,878.873837229866,187.4411199503704,198.2098943155086,2296.8501186032395,447.54537299944025,4760.436274192504,1.803493767363384
2022-12-02,3863.0929791271346,10874.288425047438,1795.863377609108,32665.920303605308,8811.930029154517,6742.25,10215.407772304323,8382.6,24621.72,903.97,14529.39,2507.1307423468816,20345.17609634174,872.7874625814403,185.9786421933911,196.21318075863533,2290.8356026594047,447.1227470247548,4703.665528570508,1.7783110526700268
2022-12-05,3811.3229126953875,10712.86694624476,1753.9268013724743,32355.223027068245,8792.308586034622,6696.96,10212.251413975551,8370.1,24547.84,903.25,14447.61,2453.126199714604,19743.98123082476,859.9992986639548,185.81750930643722,193.89740730415392,2386.75552566415,460.87575552224297,4676.115153836334,1.766300895810062
2022-12-06,3764.3361986628465,10520.429799426935,1731.2129894937918,32088.194842406872,8719.946669758274,6687.79,10134.40065681445,8331.9,24265.45,904.09,14343.19,2466.356321589044,20100.989647466595,847.841902763204,184.3625752758181,194.32662020905923,2381.0239986282995,459.70811489733507,4661.063095314198,1.7634627288000706
2022-12-07,3744.4507900247477,10430.753854940034,1719.8743575099943,31979.754426042262,8697.236093368945,6660.59,10043.74201787995,8290.5,24241.35,910.29,14261.19,2455.0172876407887,19944.33726788147,843.5419208645633,183.63755911904158,192.8962586218909,2300.339277308767,457.8783534712268,4626.96278280905,1.739023500218946
2022-12-08,3754.390451832907,10497.30036942313,1722.3548356540682,31999.12854030501,8659.871356550966,6647.31,10038.797664659734,8225.2,24207.42,915.4,14264.56,2465.438099421273,19440.2784197504,842.7785132028148,183.1524253824424,191.11747990019407,2369.956135006701,455.634937359373,4600.859194665299,1.7097613914147058
2022-12-09,3735.6437523737186,10448.746676794533,1705.9058108621348,31785.472844663884,8700.837891306877,6677.64,10096.971355592044,8289.2,24277.49,915.99,14370.72,2422.87232765698,19480.835258413736,840.2142161635833,182.16458307854694,193.97253893214682,2425.619023822438,458.67696422236173,4654.427488304565,1.7134578420403364
2022-12-12,3787.367721729227,10576.320410003322,1726.0095857258102,32273.563327480664,8672.727272727272,6650.55,10065.35303776683,8258.9,24303.68,912.94,14306.63,2411.8892465332788,18782.124199903723,843.4422521487978,181.76288349777556,191.93003136525007,2378.9515498191063,453.2420190699004,4597.625252104876,1.7250925057611644
2022-12-13,3780.7091798344627,10587.669300225734,1723.438675696012,32081.113619262607,8719.221382916909,6744.98,10159.295748950923,8327.7,24636.94,920.53,14497.89,2424.272052749836,18395.121387899406,839.5419052576782,181.53679534942555,193.9221671117894,2368.1637733614507,450.9250480808299,4643.695848375452,1.7185326842837276
2022-12-14,3740.0608471799674,10457.186988064592,1704.1422887900774,31796.255558155863,8717.211303639959,6730.79,10181.253420908593,8360.6,24573.93,923.63,14460.2,2388.0009485642468,18396.276265626388,829.229706390328,181.14782234013964,194.5564538419016,2377.125837496904,448.40747175198305,4659.320825033734,1.729363683542844
2022-12-15,3665.5532555513737,10171.744448626272,1669.7497177267594,31240.31802785096,8509.419044345135,6522.77,9925.3238460135,8218.8,23726.05,917.1,13986.23,2349.652021323962,18370.571724559275,814.8711943793911,179.22856708094855,191.577257981902,2338.8203614145036,448.1141430836172,4543.32261319208,1.7063840243999393
2022-12-16,3639.795918367347,10114.71088435374,1666.1186696900982,31103.98715041572,8411.770779556013,6452.63,9825.196132092682,8112.5,23688.16,911.85,13893.07,2369.823636567658,18285.782858361927,808.6470831609435,178.5681922381412,190.24894602253093,2354.6458770905083,449.8946555473508,4515.205431864835,1.7064991033724766
2022-12-19,3599.1892146695577,9942.519091166212,1639.0873951164324,30882.94522485151,8431.716396540862,6473.29,9827.796022623608,8136.8,23683.54,916.48,13942.87,2378.5374876301626,18654.401353577632,801.9003524289959,179.65912023005797,187.58059295478805,2352.267451047124,439.9035571734418,4506.141553232479,1.6947446538705402
2022-12-20,3597.6653330195345,9929.028006589788,1645.5824899976467,30924.678747940692,8453.515311388921,6450.43,9723.763911694947,8185.2,23718.25,915.51,13884.66,2388.3579777509544,19346.12042434556,807.2209157559829,179.21090485513102,189.90050391336976,2304.7713309756305,435.6487992211164,4415.994090466162,1.6892108101846823
2022-12-21,3657.180575200377,10098.41584158416,1675.5681282413957,31472.399811409716,8543.467608683266,6580.24,9893.805874840358,8302.3,24111.97,923.86,14097.82,2419.146399675696,19476.984716909297,818.5042779452008,176.65111139099542,187.8129537366548,2316.6989093898874,434.3832304596226,4499.95383107232,1.6884769306614853
2022-12-22,3607.7300613496927,9887.796130250117,1655.5828220858893,31172.72298253893,8490.71274298056,6517.97,9829.082284254697,8272.1,23813.3,924.2,13914.07,2416.326786541133,19646.083168172147,808.1670758272536,175.51231064206095,189.04485808015974,2381.5351102774334,432.63356328673456,4500.833779064279,1.7267571785497098
2022-12-23,3621.7219291635265,9888.715146948003,1658.750941974378,31277.251318764127,8489.162785414064,6504.9,9856.486042692939,8269.1,23877.55,921.25,13940.93,2458.8757195084004,20003.57409872536,815.7778085607425,171.19154738218126,186.08539915593855,2365.497383147105,430.2459403005188,4497.831988609397,1.710461531637428
2022-12-26,3614.571777756886,9869.19244147786,1655.4761680925071,31215.502491303934,8475.683339004196,6504.9,9856.486042692939,8269.1,23877.55,921.25,13940.93,2436.0644346606687,19587.455416651654,815.0721428324279,173.98407296464336,186.82517334088016,2365.497383147105,433.89281229323365,4494.987509881423,1.7015024011983964
2022-12-27,3598.9191729323306,9730.479323308271,1644.2857142857142,31242.06766917293,8444.079096045198,6550.66,9887.994891443166,8270.1,23855.86,923.26,13995.1,2432.5148596023773,19278.115123752705,818.6127328329163,174.93726929142423,186.21326480321056,2358.464288508646,438.14867328337044,4496.836011641149,1.7181798764095424
2022-12-28,3565.7115928369462,9626.098020735157,1623.0160226201697,30985.589066918,8490.588901472254,6510.49,9863.774858602445,8258.5,23770.44,923.79,13925.6,2407.623689155604,19718.75251545046,806.5715670659927,175.74804220970825,184.59301306983426,2405.0944867138446,436.97912447001,4499.448236451951,1.6905245522476573
2022-12-29,3610.4488111428977,9827.969797870845,1656.6618205693385,31159.59292782442,8494.708276797828,6573.47,9904.533844189016,8318.3,24056.55,920.82,14071.72,2386.7767240652156,19469.607182144002,814.3935198006093,175.4431282836711,183.99795508232555,2374.5169147496613,433.95695275039054,4463.726076174731,1.6601588597728454
2022-12-30,3586.976831091181,9778.101644245142,1645.4129297458894,30967.161808669654,8422.900418220865,6473.76,9787.812442984856,8229.1,23706.96,929.79,13923.59,2322.995246052037,19392.192553059893,805.8669424336437,174.42585783055196,185.9178511631221,2374.7618504534894,438.52659376375397,4480.67222611242,1.6551213735938426
2023-01-02,3600.43135783946,9814.778694673669,1651.5847711927984,31083.317704426107,8417.667325614233,6594.57,9787.812442984856,8369.7,24158.28,936.15,14069.26,2360.1486424382447,18597.2027972028,807.5371329879102,175.86830628049182,187.1579702348933,2374.7618504534894,440.1718173353361,4490.247838984403,1.6422578859988932
2023-01-03,3625.464543041335,9847.34546833523,1659.7743648084947,31414.846416382254,8565.69905885021,6623.89,10015.179711731435,8397.4,24436.47,943.82,14181.67,2395.2408158880376,18014.128959178204,813.697965408478,178.17954064065796,188.748643761302,2442.830465519541,447.7037564926611,4428.985239264194,1.6370276910817452
2023-01-04,3634.534477879445,9865.823978869917,1672.0498066220168,31383.614753325153,8625.415055719808,6776.43,10162.625433315088,8559.8,24860.56,946.1,14490.78,2441.3047996024707,18293.891870299936,827.127659574468,175.6484028020106,182.901461541197,2507.868027957521,448.34310127622274,4550.065422669116,1.6804946180490894
2023-01-05,3619.178863333967,9793.993537350314,1666.2136475955142,31296.407527086107,8639.033499320958,6761.5,10087.018792191206,8607.6,24832.7,951.45,14436.31,2498.307668477098,19116.85936029268,824.0064428026192,177.0421558439265,183.9481370663247,2562.868412402761,456.74296564819605,4532.4533992107545,1.67509893117349
2023-01-06,3658.898125968719,9928.411065708515,1684.0918698041423,31591.386031656566,8746.935529679069,6860.95,10166.52070790002,8701.1,25180.35,951.45,14610.02,2539.387617352887,19586.51495542134,835.2012297372833,174.36608354267884,184.71606869821852,2536.064514180434,454.666959710985,4592.02454383982,1.7131005281505751
2023-01-09,3627.2972972972975,9912.068965517241,1673.7278657968316,31237.325256290776,8772.359754712696,6907.36,10228.580550994344,8694.9,25385.09,962.84,14792.83,2544.6233445118837,19353.680812953342,833.6025060911938,175.21266231482713,183.5478058087768,2551.5771139530443,458.137582738169,4606.609765524349,1.7424173901439046
2023-01-10,3650.5681818181815,10006.175484351712,1697.6993293591652,31393.53576751117,8713.044955271203,6869.14,10182.58529465426,8712.7,25364.61,962.22,14774.6,2557.3338153819095,19850.018808103607,831.3258863525983,174.87105441310564,184.3349295774648,2546.8271308666735,456.5339269519334,4575.113078625734,1.7563473389355742
2023-01-11,3690.257506739797,10162.377986427442,1714.2790740912892,31582.22552756344,8720.90765409799,6924.19,10259.085933223865,8726.3,25546.86,963.7,14947.91,2613.3688534211906,20270.064313895044,834.4736842105264,174.23080589484087,185.57294224966668,2552.3057139795446,455.0803240422902,4616.071210906175,1.7712593460048647
2023-01-12,3671.801253687316,10141.132005899706,1729.406342182891,31517.302728613573,8770.158658714976,6975.68,10297.22678343368,8828.1,25733.96,964.26,15058.3,2623.008475343587,20178.839787477787,838.6344827586207,173.65524585316783,188.58379380414246,2549.743711297443,453.5372116719436,4675.6136407424065,1.7644206379994627
2023-01-13,3692.603878116344,10230.064635272392,1742.409972299169,31673.69344413666,8858.351214003387,7023.5,10299.936143039591,8881.7,25783.48,968.38,15086.52,2636.026922774148,20096.955091908934,845.3135768435561,174.32479259875328,188.5749765359902,2570.629866789648,461.4008141224765,4720.954743114833,1.7668851123699507
2023-01-16,3696.699944536883,10241.412460713624,1744.3427620632278,31708.827879460157,8859.411632100991,7043.31,10432.393723773033,8871.1,25901.33,981.26,15134.04,2640.2989049767116,19610.827796731908,846.9043022614452,173.26613322711574,185.67857913281082,2572.0696160237494,464.4514304541212,4749.268151576511,1.7863411366258513
2023-01-17,3699.2816424896873,10284.20076933772,1746.5727394911246,31432.414144691105,8943.984962406013,7077.16,10401.377485860245,8890.4,25981.19,987.01,15187.07,2638.408382683402,20250.79275661236,853.2465734459365,174.81340170258275,189.08188657407405,2554.7913497001523,462.4639951833937,4784.183561111471,1.7807406187789068
2023-01-18,3639.8554752640357,10151.019084676673,1717.9544191217342,30847.656105243655,8958.073557169822,7083.39,10369.111476008029,8933.3,26052.39,989.58,15181.8,2610.13009739403,20045.61814008734,842.8316396594344,175.93041990205165,192.56177675555236,2558.932892640028,463.99791332042884,4754.90256608142,1.7720712024961278
2023-01-19,3600.378612983655,10021.488595438175,1695.7706159386832,30514.876719918735,8864.176201372999,6951.87,10270.908593322385,8793.1,25596.28,967.76,14920.36,2595.4855962076094,20151.670354771933,840.849224859377,175.26327696158447,189.85641357492088,2563.140978211328,462.814939975745,4744.473088089844,1.778709349593496
2023-01-20,3659.0310398821034,10261.057382333978,1719.9410518559453,30740.98738141291,8873.575425373987,6995.99,10303.794927932859,8918.2,25775.52,979.06,15033.56,2632.829253484847,19817.217043705892,850.3149416583485,174.55807857332263,188.75127949957349,2600.9698485644003,464.64003258545205,4782.568989860095,1.788895859473024
2023-01-23,3698.0772769089235,10454.839006439743,1739.438822447102,30937.95768169273,8864.347529036666,7032.02,10405.28188286809,8944.1,25821.45,997.81,15102.95,2657.5077512935122,19737.562156099026,855.3231023329432,173.28158290528336,189.4191277412088,2591.156194718871,464.04149293196383,4821.426908902826,1.788895859473024
2023-01-24,3689.67576008083,10410.82942959493,1731.9830991090291,30985.54239000643,8793.198821128995,7050.48,10405.300127713921,8967.1,25884.31,993.91,15093.11,2683.18683602489,20210.657130084935,853.9349783490273,173.22263496807096,192.74324849083914,2588.5243591700623,463.57318956408653,4850.979858817434,1.788895859473024
2023-01-25,3678.8678208298984,10363.066776586977,1731.5379683063113,30909.443986443162,8797.989321822106,7043.88,10403.913519430762,8957.5,25875.3,993.86,15081.64,2675.020597196831,20630.468143494196,848.3499196333913,170.4833481720076,193.63167938931298,2581.9454204731787,462.04289388589984,4859.8021799251665,1.80728100791058
2023-01-26,3728.2435038104854,10570.572031952988,1747.3693875677166,31171.986043522178,8841.547049441786,7095.99,10324.356869184454,9035.6,26217.56,1004.0,15132.85,2694.813106117895,20692.969896877326,859.5030499362443,171.04451967042812,192.9399943590467,2656.305948408284,463.14656922452286,4879.0102567452805,1.833124178541461
2023-01-27,3745.109945717177,10692.529211518999,1758.6346490017481,31261.459195878186,8858.259183207849,7097.21,10337.803320561941,9060.2,26435.75,1015.48,15150.03,2685.427676202831,20224.945303285403,862.3168371578656,167.8891203465073,193.996174282678,2673.4812912044217,464.0855432225168,4897.909150326797,1.8516873029243601
2023-01-30,3704.3794947446063,10505.080213903742,1738.6317536418958,31087.119675456386,8866.594533029613,7082.01,10380.988870644042,9049.3,26335.98,1024.75,15126.08,2678.3842083622153,20231.191999279214,853.8072114887901,167.9921207636191,193.89617273915962,2591.7279767951195,468.12239601120143,4869.946625008136,1.832839683465721
2023-01-31,3752.7386541471046,10664.227193224706,1778.4589892294946,31378.109177943476,8814.44935919247,7082.42,10295.365809158913,9034.0,26599.74,1022.82,15128.27,2666.745027124774,20581.086475305732,865.8272510290914,168.14501985400716,193.35675369702113,2565.746706527038,465.0744112516354,4856.103010424447,1.8194968600646744
2023-02-01,3747.9732496246756,10751.394386060687,1784.0953550793865,31020.39033710932,8740.973082554341,7077.11,10217.962050720671,9098.1,26703.87,1027.25,15180.74,2690.674393583725,20171.997336165157,855.042793563848,165.2390215719035,192.97096284796953,2577.607277780697,464.68996511306204,4871.074965098535,1.8322837354714219
2023-02-02,3830.4252199413495,11181.103372434018,1833.9626099706747,31207.78958944282,8761.102397490478,7166.27,10206.549899653348,9229.7,27100.62,1029.68,15509.19,2645.524207507654,19983.59808039481,859.2154163799036,165.75441511812502,195.1712962962963,2559.264331377223,468.80925642334523,4871.653155198132,1.821675225783602
2023-02-03,3831.848077813803,11122.69569245021,1839.3052339045855,31427.52200092636,8823.404611691141,7233.94,10353.393541324574,9225.6,26950.74,1033.44,15476.43,2639.7066723971207,19511.24575250355,865.412936011339,168.54983631734882,194.25526956890158,2542.9056116459265,467.71723524988033,4846.335160783559,1.8647801342725898
2023-02-06,3830.674617964965,11076.639955273948,1824.1893402907194,31579.407379798733,8776.693918691903,7137.1,10293.057836161284,9159.2,27022.33,1033.02,15345.91,2627.1504856303764,19682.927050048427,862.215909090909,168.16354060983727,194.51202809482004,2520.4166221303785,465.4892496709083,4834.551750673337,1.8416723317471106
2023-02-07,3882.517482517482,11294.909090909092,1839.263403263403,31847.729603729604,8833.279047565564,7132.35,10248.011311804416,9172.4,27118.74,1041.51,15320.88,2633.25547443814,19291.66554848867,868.9302487389111,167.6701481214574,196.90945945945947,2538.2034857738718,467.23118095107395,4868.209802458724,1.8323555130380191
2023-02-08,3844.514984595276,11119.895434599945,1813.6495191858837,31695.471944729718,8887.20202874049,7119.83,10286.699507389163,9227.3,27160.73,1064.43,15412.05,2618.7887272565945,19736.4028002154,864.8614871901689,169.75036097352194,196.1731035707941,2528.2143875320726,465.8640226628895,4868.180760279286,1.843228640978448
2023-02-09,3800.9871484447754,10979.30713354442,1783.7027379400258,31383.758614267084,8931.079250395122,7188.36,10233.287721218756,9243.5,27503.75,1074.87,15523.42,2618.670416025035,19008.65004707808,859.5092236873984,169.57977649906536,195.23905580918,2559.686554885447,470.8020876253262,4838.226915996513,1.8426262131236402
2023-02-10,3831.094876838063,10975.105366676033,1797.1433923386717,31721.71021822609,8898.17689225038,7129.73,10153.676336434955,9117.4,27268.17,1068.12,15307.98,2633.4299255111227,19404.515462992054,873.2867819923507,170.42820081908957,197.15696473102957,2528.4031046599725,469.9918177630177,4815.663524762738,1.8207440063696143
2023-02-13,3858.6924081328107,11091.018466703972,1810.427159112106,31939.871292669275,8997.113262013925,7208.59,10225.63400839263,9210.3,27438.61,1092.91,15397.34,2664.5051280248317,19671.85410114593,874.3362831858406,168.252205305328,193.1841521394612,2515.172258072183,470.5542227963339,4819.257406444906,1.817218641179521
2023-02-14,3852.2212908633696,11139.191580515972,1806.7523516811027,31749.343392008937,9016.437113869522,7213.81,10246.223316912972,9263.2,27498.26,1093.97,15380.56,2647.6785166639015,19343.51487323893,872.13687150838,168.14109883114745,193.127654364177,2509.3755013994614,470.94406548431107,4834.991216084326,1.8040960276287963
2023-02-15,3879.8877455565953,11291.478016838166,1834.3966323666978,31925.210477081386,8999.471137616743,7300.86,10283.406312716657,9294.8,27533.69,1093.15,15506.34,2688.579702326012,19642.827059044925,872.6726726726727,169.9860588973582,191.77086674569418,2483.7006981323466,469.38491359305465,4748.102295844231,1.7809776708429919
2023-02-16,3833.5613870665416,11111.36832239925,1820.253045923149,31580.927835051545,9008.409691382316,7366.16,10212.470352125525,9327.3,27853.74,1091.62,15533.64,2732.6689496319314,19746.463947985234,864.6309192200557,170.90730747922782,193.78981248250773,2505.2127100840335,465.23684300399583,4776.986946011281,1.8099583241939021
2023-02-17,3814.1942119781197,11021.805601009864,1819.963532656973,31629.987376688954,9008.846370287001,7347.72,10268.463783981026,9333.0,27751.14,1102.76,15482.0,2739.29470455498,19754.089165520734,857.830990803401,169.51120221659346,191.74917238735756,2476.9351233099424,460.1266253659201,4726.454580545548,1.7902628561412222
2023-02-20,3817.942718083115,11032.637588918007,1821.752152751778,31661.072631973046,9031.226053639846,7335.61,10277.941981390257,9281.3,27597.01,1123.23,15477.55,2744.1848034961176,19773.408918028035,859.8900716621444,169.0302065062999,191.97392183523343,2495.380663659986,470.91070453304206,4752.5616575621425,1.7704511364947502
2023-02-21,3754.075882794891,10792.918858001502,1773.3001502629602,31113.439143501124,9074.906154021159,7308.65,10292.063492063491,9252.1,27409.34,1121.74,15397.62,2708.9228154709963,19839.88442457613,847.290127951732,169.05863943599329,191.10392320534226,2449.48366274318,473.5575018103813,4722.281870554536,1.7756531534784306
2023-02-22,3764.0762048476845,10852.65490898802,1786.9282278600397,31165.79270017919,9010.031810952056,7299.26,10308.602444809341,9172.7,27101.53,1101.3,15399.89,2732.4373010310933,19612.713694768827,847.1394766146993,167.39048743012398,189.47444949318418,2449.6800542138685,472.063602838044,4693.746590945551,1.752068990506558
2023-02-23,3786.45779266739,10937.95121030529,1800.6794696362006,31287.604397678482,8966.177220930891,7317.43,10260.673234811165,9231.6,27277.62,1119.25,15475.69,2726.089329905033,19762.48553533053,846.7298182071464,167.5326469872989,189.86599418584288,2447.5907562974676,470.74718414240147,4680.778695107456,1.7635332991099513
2023-02-24,3763.7846037163445,10802.938945771712,1792.2734167614715,31111.983314372395,8921.089282681312,7187.27,10200.483488414524,9201.5,26986.35,1113.36,15209.74,2715.17815086728,19249.897653769523,848.4555110569389,167.26304087271998,190.70876315515264,2418.540901179656,466.73026732720507,4659.353419416547,1.7594903626265925
2023-02-27,3753.6431331888016,10808.728438118578,1787.4163446130644,31001.121689131865,9023.322720036387,7295.55,10235.294654260171,9314.3,27444.31,1113.36,15381.43,2720.4398796129763,19157.502718376225,847.1605109691753,165.91911583997256,189.75892610019372,2397.7625622929827,463.51427466255876,4586.592813610971,1.7513229827246881
2023-02-28,3753.2142181886934,10829.589714501797,1793.3352240499148,30872.28209491397,8951.335379020344,7267.93,10124.384236453203,9394.6,27478.37,1129.25,15365.14,2724.4942381231485,18941.972868322002,842.8442781934054,166.07684293592357,190.46851035775012,2376.860794771995,468.73189122120493,4617.301526717558,1.7262262477106225
2023-03-01,3704.312365238586,10667.929127214773,1779.722508671604,30619.518140058124,8923.25817361894,7234.25,10085.823754789271,9322.9,27315.08,1133.11,15305.02,2768.1628549730785,18889.05577069234,839.6773415147024,166.772211489638,189.38387418699887,2461.6434267704503,473.7785782999366,4595.292924812268,1.7262262477106225
2023-03-02,3756.6993772409883,10816.172862804302,1795.3010001887146,31141.31911681449,8952.03966644129,7284.22,10185.714285714286,9327.3,27397.6,1118.79,15327.64,2775.5269540235863,18745.063178614517,849.0457353043237,167.13197272648185,189.70625366493047,2452.913737520487,473.5081220109567,4607.333227496428,1.7248275421109842
2023-03-03,3804.4385931916495,10992.110212525862,1813.2969719766786,31400.206883580973,8999.105424074283,7348.12,10208.073344280241,9464.2,27825.08,1114.68,15578.39,2837.5168107186396,18798.25529835484,856.4847478730028,170.03887438960314,193.28306457194267,2472.386974239383,474.97940874158485,4636.283895607893,1.7510889991288008
2023-03-06,3791.010394231669,10933.36454724225,1778.9680681711768,31305.777694540688,8927.430340557275,7373.21,10168.992884510126,9511.0,27949.29,1082.1,15653.58,2804.994187059641,19023.102010410897,849.2829384049248,170.32115575603012,194.53535875443492,2457.8959612046597,470.53800055401285,4617.169318002835,1.7765001226356567
2023-03-07,3779.0870739915626,10930.776887709153,1781.030478267052,31147.99260558373,8884.316805025803,7339.27,10093.121693121693,9411.1,27761.57,1078.69,15559.53,2778.6930352986765,19032.36644845563,840.4714315252602,171.9868424961939,195.66064208452846,2471.220116854906,468.82505105513957,4595.899404037567,1.7782582331114736
2023-03-08,3785.3309311587336,10976.673620329984,1782.1733358619383,31100.322397117394,8906.019766397125,7324.76,10057.70844736362,9466.1,27911.52,1076.36,15631.87,2815.6793873805454,19632.43193439904,840.7665624892675,172.64832084482768,196.36319077698388,2420.596117630016,469.4365822551714,4564.807920544694,1.7742361455627862
2023-03-09,3703.1660523580003,10715.764105472073,1726.2924109252433,30483.753898497307,8879.851250845164,7315.88,9988.004013866082,9423.2,27710.53,1083.22,15633.21,2749.5296234311345,19224.0925058548,825.7363493473655,170.57080893371239,198.66840187402397,2401.67538509751,465.93940380727537,4553.076132648295,1.738339046140801
2023-03-10,3627.9500187899284,10464.947388199924,1665.445321307779,29978.992859827133,8757.176763110307,7220.67,9820.525451559934,9285.0,27281.96,1056.26,15427.97,2682.0369742878784,18659.691520875916,808.1932130846835,168.26287643099695,195.86589185051153,2303.047497571181,460.58631478710384,4415.486681910882,1.7148678358887688
2023-03-13,3593.104090951449,10426.651756593048,1625.477588295592,29651.607492311992,8570.197547683923,7011.5,9699.005655902207,8958.9,26183.54,1049.55,14959.47,2611.949123105235,18312.834082150912,799.538325751918,163.7417669159406,194.71097275175768,2340.564821361727,466.36223194659016,4419.934093947213,1.6990893456257576
2023-03-14,3651.7959468902864,10648.171441882134,1655.616119263918,29960.782669461914,8651.988217967599,7141.57,9776.245210727968,9159.0,26800.98,1074.07,15232.83,2640.2278070514762,18249.616595009087,805.140075569323,162.63762935946485,188.96976849120128,2287.1218422491024,461.2816618755764,4362.973015033148,1.6750360112383589
2023-03-15,3679.6161482461944,10810.295925120543,1650.6949040370616,30135.73792190602,8379.29264118654,6885.71,9593.504834884145,8759.1,25565.84,1025.22,14735.26,2594.6732223940858,18353.73821334406,800.109875017168,163.3036125939468,192.95950111611097,2363.026968194461,468.2147305602321,4421.653843748045,1.6989020089381326
2023-03-16,3733.6475912133496,11046.74271707363,1669.8783822004336,30401.19732252286,8458.938356164384,7025.72,9778.416347381864,8890.2,25918.76,1031.91,14967.1,2644.6251436757,18645.449711128535,807.0226070226071,163.51317679487485,190.39657420787367,2303.4556795010194,462.28688182917745,4371.19548164418,1.7254112337374923
2023-03-17,3671.3910761154857,10902.240344956881,1617.819647544057,29866.87289088864,8372.788494464101,6925.4,9682.129173508483,8719.3,25494.54,1020.19,14768.2,2573.4488616990066,18108.957569408067,795.0022189601611,163.77342840551765,194.3805290854786,2335.891191306793,463.79506305595066,4390.409866934472,1.7200654800795525
2023-03-20,3685.822218076672,10890.346049808788,1627.6373472623823,30076.0936479806,8478.014428031605,7013.14,9709.578544061302,8833.1,25899.57,1027.47,14933.38,2572.3958049510297,17974.122424264013,800.4368451588683,161.8109535722895,191.38229340530557,2259.702681810073,459.8094850672905,4323.85847253126,1.7104979366471593
2023-03-21,3717.030364936392,11013.19528275606,1650.7939455845483,30235.50004642957,8548.343920145191,7112.91,9845.447910965153,9049.4,26554.33,1049.7,15195.34,2628.7550862477847,17881.783254545775,799.7359154929578,161.8074976594442,188.8009389013453,2278.8330582228455,460.2594880371159,4306.614655893006,1.7023164647184605
2023-03-22,3626.2042921617385,10748.788799852628,1591.0104080316844,29501.80528691167,8549.135690882387,7131.12,9836.051815362162,9009.3,26523.33,1044.96,15216.19,2600.069763472143,17618.726157199868,786.9578343564456,161.38864478892637,192.4510229820628,2313.6387255249297,458.24225103241486,4319.021146920307,1.715823175709732
2023-03-23,3645.420974889217,10882.016248153619,1588.1554652880354,29639.263293943874,8506.805807622506,7139.25,9777.905491698595,8970.0,26482.21,1052.43,15210.39,2627.8747703690656,17061.373080240082,786.2883683360258,161.63942570938158,193.49100275209935,2345.4534819788732,466.3593846237149,4300.146246644658,1.7076568740007183
2023-03-24,3690.168199981414,10987.789238918314,1612.2293467149893,29957.745562680047,8417.675475987497,7015.1,9700.821018062397,8792.5,25892.18,1021.16,14957.23,2660.9076240419527,17504.915158170672,792.0903190914007,161.15343759858044,194.70494134376108,2357.3873724580385,463.1581795917815,4295.586573201988,1.731874184248648
2023-03-27,3683.7508682565413,10899.597128965039,1624.1444778884002,30036.665894883074,8501.757979177335,7078.27,9839.646049990877,8906.1,26206.67,1035.72,15127.68,2668.017214180244,17755.65828501189,799.2067796610169,160.69661074334027,193.42416669599803,2312.0365337807502,458.43343511655746,4287.737882613784,1.7336010131537287
2023-03-28,3662.181851715234,10804.205090372556,1616.2209516783475,29872.971228329032,8516.927453769558,7088.34,9887.894544791097,8944.3,26329.46,1023.44,15142.02,2690.535183349851,18061.027416821362,800.2169565070002,159.43749238199305,193.8724108778357,2326.470017579653,456.28650950672346,4352.247246627892,1.7335716014751743
2023-03-29,3713.9787920700783,10996.994006454586,1633.563854310742,30168.37252189949,8587.954132606721,7186.99,10001.195037401932,9070.7,26739.01,1030.65,15328.78,2746.2647390860043,18272.182232673356,810.8008842033666,160.91192590461392,193.5231287087483,2374.9617745995156,454.6990581131469,4345.197990816924,1.7375774079103596
2023-03-30,3715.3352288360998,11018.499495551681,1621.920572319545,30137.613500871317,8657.611906384913,7263.37,10064.048531289909,9207.1,27021.04,1045.84,15522.4,2747.476150477447,18673.47251105049,812.0862723819859,160.26160767547572,192.0899505652159,2370.7340134942688,456.22326475318494,4383.22419841221,1.741596086811447
2023-03-31,3790.5267041785814,11273.784706207914,1662.6510469513883,30692.87888571165,8683.285925588805,7322.39,10131.581828133552,9232.5,27113.95,1054.59,15628.84,2774.685973124952,18560.144280691526,823.2793038730592,163.39371089465615,194.76631359611045,2391.978706814172,460.66714114977106,4426.779117456597,1.7423902415003554
2023-04-03,3784.9958704230526,11186.060383591815,1653.9506286133799,30835.22987978343,8741.171109592162,7345.96,10119.585841999635,9157.4,27179.37,1068.24,15580.92,2737.6217125234666,18395.136006958917,832.5524212826994,163.0067814547414,195.377924103275,2387.764700376723,461.0216757510458,4498.489708217856,1.764406985291494
2023-04-04,3743.814480051128,11071.240755957273,1615.6760704829728,30496.101524696427,8713.71340523883,7344.96,10101.696770662287,9183.2,27026.56,1069.32,15603.47,2726.174409511819,18335.850245241418,828.8285840437455,162.36099987810098,196.08637182864274,2354.6766391610095,460.7727474802434,4460.884039208433,1.727675430959429
2023-04-05,3751.265590608951,11002.256052824652,1606.8690388848129,30706.823184152603,8754.14405666305,7316.3,10139.937967524174,9254.6,26867.39,1069.73,15520.17,2679.453134703919,18388.37090723677,827.0404687287097,164.6215182463723,194.1859945542135,2367.04746449357,462.6977252435335,4459.011737161516,1.7378171510554872
2023-04-06,3758.487456509797,11067.533418787767,1606.354147592016,30658.569859000185,8816.764421160527,7324.75,10244.544791096514,9312.3,27213.86,1074.0,15597.89,2684.9760778997734,18247.62904510244,825.0712444022255,165.11823016598817,190.86167847714327,2371.068375569991,462.32649175482163,4409.492105182787,1.7182753175612413
2023-04-07,3766.4189375172036,11090.889072391961,1609.7440132122213,30723.268189742175,8818.270873675818,7324.75,10244.544791096514,9312.3,27213.86,1074.0,15597.89,2708.1676745403315,18296.80510312412,825.8837912181207,165.3757645330337,191.06620378406527,2371.068375569991,465.81507622246414,4417.316811993269,1.729907892360484
2023-04-10,3783.3624896418373,11126.378786483749,1631.9307614400147,30923.96648559064,8826.313989282864,7324.75,10244.544791096514,9312.3,27213.86,1074.0,15597.89,2740.9661693760895,18510.49599243925,831.5488158118931,166.1040069911127,190.4193770672547,2389.389995240306,464.96123304991204,4412.861421847301,1.7459670973526367
2023-04-11,3765.524193548387,11026.282991202346,1637.2708944281526,30869.49230205279,8864.533758396903,7390.28,10276.683087027914,9237.7,27525.51,1092.75,15655.17,2752.499218679114,19438.480262074267,836.068585425597,166.0128864636353,191.4067244747575,2391.403422754547,462.13576731685254,4457.118990274686,1.7763663364265745
2023-04-12,3723.000636884724,10853.734873987809,1613.77490674188,30612.774087890095,8886.814310051108,7396.94,10246.296296296296,9278.7,27629.34,1095.91,15703.6,2734.952834462555,19770.956643977508,833.4687246141348,165.86564499765188,191.91348322285245,2356.897832242492,461.56564319745905,4469.402063110489,1.770822774703722
2023-04-13,3753.7639762799336,11014.684713231634,1626.6171744149203,30808.64605495451,8894.738035835791,7480.83,10270.890348476556,9310.0,27626.61,1102.79,15729.46,2749.609394637094,19562.454634827587,840.2702335687126,165.7639601516376,192.3421681808867,2346.104525116472,458.5963663212298,4497.452870739945,1.7592731218537316
2023-04-14,3761.1489864557766,11020.334515044085,1619.080083628761,30803.081538041995,8883.270326694126,7519.61,10347.436599160737,9362.9,27872.24,1102.79,15807.5,2747.7395250744835,19675.35845528681,843.1724653946875,166.08878918915332,193.6026499065738,2365.370305004716,462.88405442410857,4489.466077145906,1.765660297035821
2023-04-17,3799.139745584332,11126.31097281962,1649.8947561087214,31103.852841585063,8924.578094914486,7498.18,10319.065863893451,9378.5,27700.21,1102.79,15789.53,2782.4289077559565,19629.81067444336,850.3792278783737,166.3298927988926,194.0506992412127,2425.815902511906,472.0735341066298,4526.444887321785,1.8045156499565667
2023-04-18,3786.7936565803866,11076.749908858914,1636.4837768866205,30966.66970470288,8956.95600475624,7533.63,10362.141944900564,9421.9,27891.43,1120.29,15882.67,2745.168428618732,19394.98515642841,848.4666961641877,165.36493077484542,194.75929323819233,2399.7292382064643,471.48660918435655,4511.307998774134,1.794539096689537
2023-04-19,3792.3505248744873,11097.42583295299,1642.5741670470106,30942.04472843451,8969.759255053374,7549.44,10368.746579091407,9494.8,27933.61,1111.11,15895.2,2746.7045719496523,18687.18585057502,845.4616349642288,164.82441206091923,193.84557004912756,2367.738485503708,468.3334879959699,4513.03575258111,1.7791319487625914
2023-04-20,3764.9649010848757,10994.220074756131,1631.5981402133286,30801.91448627952,8964.957458876916,7538.71,10391.023535851122,9450.9,27627.12,1106.57,15795.97,2749.77956165563,18843.364357740607,842.0821213556112,164.9484414795993,194.61847198641766,2366.841885399986,468.16153014597137,4524.458579154375,1.7744907990750614
2023-04-21,3761.506961506962,10985.949585949586,1630.2757302757302,30766.184366184367,8953.64860278312,7577.0,10454.825761722313,9415.6,27745.81,1111.33,15881.66,2741.379563355016,18809.065104753325,839.4032057528815,164.65634217826985,193.74212364770915,2331.0938615792807,456.82452724332535,4463.359210886839,1.7474674633426053
2023-04-24,3746.300824051435,10900.298831839174,1619.913067101331,30675.89423163995,8945.392877331826,7573.86,10460.864805692392,9406.4,27537.07,1105.42,15863.95,2755.2347682984614,18694.759181324414,833.9731157627232,164.95865090443974,192.89317637534995,2305.6017280513793,450.83446039103427,4440.4014676005945,1.7283891426888487
2023-04-25,3710.7587149692413,10753.39257233994,1591.205285942128,30558.97015265436,8924.598507125085,7531.61,10502.75497172049,9290.3,27253.48,1090.53,15872.13,2741.216133777942,18627.247872810778,824.1773675762439,166.2417936636813,195.05926052138355,2276.608855596108,449.9037052130645,4421.497584541063,1.689877113178084
2023-04-26,3673.2385437420753,10735.690998007607,1567.1164644086216,30159.27368230393,8867.02800361337,7466.66,10367.551541689472,9293.7,27107.51,1096.42,15795.73,2695.834986314563,18369.574389773145,816.4630096958427,166.08886592804322,192.53003150513229,2279.0714038528085,447.33315465022775,4372.509188704617,1.6981001845144537
2023-04-27,3749.5239822286703,11009.375283343912,1587.8320790642852,30670.196754012155,8874.311614730877,7483.84,10364.796569968983,9314.6,27158.0,1096.01,15800.45,2736.612546496431,18748.267225283482,826.5759455673403,167.2710717258362,192.60697123519458,2295.518364466247,451.0646656714073,4384.607846084473,1.6901151884933396
2023-04-28,3782.8706223915797,11092.886953365994,1604.9628016693885,30936.454363999277,8970.844018920614,7491.5,10433.442802408319,9241.0,27077.44,1085.11,15922.38,2779.576214777014,18993.6070567908,834.0563700877016,168.91966321750704,192.08813446496922,2295.624430264357,457.259303012404,4387.405984573366,1.692922498037411
2023-05-01,3796.911724514895,11125.626309556346,1611.7427348091464,31020.952901521363,8960.630728069676,7491.5,10433.442802408319,9241.0,27077.44,1085.11,15922.38,2799.296128707894,19067.99591002045,837.008138830968,169.51884802478935,192.96458505880403,2308.0752475477257,459.1335635395524,4430.311376883815,1.692922498037411
2023-05-02,3744.9025044316168,10981.782646243353,1574.5738830053178,30620.908140539064,8806.968048946293,7383.2,10420.844736361978,9082.0,26630.09,1087.49,15726.94,2789.4320985157924,18382.430385225794,821.159362284037,170.10077649032564,194.09519054751206,2312.9362758748725,458.0890764921693,4402.482507950932,1.7180551680017424
2023-05-03,3698.354579151975,10871.828948557995,1572.443721182533,30209.05885543802,8848.409452397182,7403.83,10496.43313264003,9076.7,26835.31,1095.96,15815.06,2770.9576739028153,18421.14692097501,815.4050464807436,168.88050655042647,195.71721036380725,2270.403964732323,455.6444967628017,4340.098290469442,1.6952207975277185
2023-05-04,3687.6600381367475,10865.704167801689,1560.7100699173704,30080.577499318984,8792.96803652968,7340.77,10450.985221674877,9043.6,26670.29,1098.57,15734.24,2771.025666370136,18616.917961098712,819.7578887361256,171.1650836625925,197.159713300426,2310.739541645189,461.75012818321653,4371.909074332949,1.68787414541307
2023-05-05,3753.7435338959976,11103.9205009529,1597.1322261548235,30560.286777384514,8917.092743322253,7432.93,10540.266374749133,9147.3,27348.57,1111.24,15961.02,2806.8677005327377,19266.435795954265,841.8945511298093,169.6627084099279,196.23090382932904,2321.233943281215,459.0440795046391,4424.019607843137,1.68787414541307
2023-05-08,3759.8764310376155,11136.580047246956,1594.1032164274031,30545.784117753952,8918.115111213025,7440.91,10577.677431125707,9211.3,27426.23,1121.9,15952.83,2809.5452756317545,19226.373188044494,844.485206698597,171.39876170613624,194.70612368429903,2348.174114244396,467.8036501771197,4484.469370146678,1.7208934477304318
2023-05-09,3757.6810800948733,11110.70060207991,1596.1320926838168,30616.502463054185,8939.139945886824,7397.17,10532.785987958403,9183.2,27383.53,1123.2,15955.48,2847.8481701743035,19594.925362212787,845.9766982353342,171.29161012014106,197.26672962763084,2312.644266865328,463.9701036091851,4480.2800135689395,1.725079722894216
2023-05-10,3767.656164633036,11206.009834274268,1602.1762884720451,30532.981242032416,8900.126465854219,7361.2,10442.647327130086,9167.7,27264.77,1131.21,15896.23,2881.230466561243,19790.61564672837,842.3833844058564,171.9022338937625,197.3716028464927,2300.7124895222128,456.9466059901631,4478.826543209876,1.7207816377171217
2023-05-11,3784.00513008428,11293.981311835838,1598.3052400146576,30514.391718578237,8859.24822369929,7381.78,10511.740558292282,9182.8,27098.89,1122.41,15834.91,2866.4330690814922,20110.793237971393,837.4609640190087,172.7737772309936,198.2825827972361,2307.9734879480043,457.3178046256566,4451.884956567114,1.7123805595655461
2023-05-12,3800.995391705069,11322.341013824886,1604.4700460829492,30691.81566820277,8904.145137214377,7414.85,10549.83579638752,9234.1,27347.32,1122.75,15913.82,2877.801555054871,20313.85548938083,838.8314515031968,173.5371282373881,199.5606559603436,2303.815387143536,454.35050399353617,4445.5533433393575,1.7175626543809497
2023-05-15,3803.825639139231,11371.35368769542,1619.9650542578627,30668.19937465514,8961.000057607003,7418.21,10562.169312169312,9201.5,27245.46,1121.65,15917.24,2913.894161815574,20501.320948074048,847.2138759901667,173.8239913362638,200.17797297297298,2344.6760550151744,459.0464474911212,4477.849528621603,1.713335037903655
2023-05-16,3783.393169474362,11362.468931234464,1598.2509435699162,30389.52407253981,8910.311530060926,7406.01,10508.91260718847,9191.4,27198.87,1136.44,15897.93,2902.449839205633,20158.31345953197,833.806663025669,173.30613756827736,201.4308663224326,2345.6909709991783,455.0521039440707,4432.890536441898,1.7048783673244934
2023-05-17,3836.3267376966014,11531.359254646926,1636.9171163691713,30829.5466076288,8897.217902194574,7399.44,10434.026637474914,9211.6,27196.46,1134.36,15951.3,2886.900645927032,20439.545870446098,838.789083927592,172.68726176368267,201.62533918461693,2308.5766552578775,453.7657510412823,4422.927443632119,1.7190799084870034
2023-05-18,3897.548974097113,11780.558908179371,1657.0977625104447,31135.372760189402,8920.728194492454,7446.89,10434.026637474914,9213.1,27235.65,1130.14,16163.36,2895.6928076526665,20583.12536802849,840.9062779344015,172.40251544625042,204.61738723062513,2339.9163775464817,456.09210569722563,4446.438511873675,1.7327987655341546
2023-05-19,3880.025916327286,11715.938541281006,1641.7252869307665,30939.124398370972,8935.456744614676,7491.96,10555.701514322203,9251.5,27520.33,1132.34,16275.38,2825.7999208926635,20506.15215116979,840.7116656953824,172.01577902346975,206.69115427191304,2306.688013282339,454.59792507280736,4481.2090245929385,1.7671155613737015
2023-05-22,3877.3975769906597,11764.339221307686,1660.3902709701288,30783.852769814115,8937.308798159862,7478.16,10539.345010034665,9305.0,27310.7,1201.32,16223.99,2763.2101336737405,20519.460450741462,839.6466721446179,173.0737702330831,207.43215560671268,2327.8821754946316,454.20226609532324,4469.58616657949,1.7748995273098305
2023-05-23,3849.192200557103,11662.256267409472,1659.8978644382544,30692.200557103064,8947.614107883817,7378.71,10477.011494252873,9267.0,27174.97,1205.3,16152.86,2743.8191627003703,20528.964667214463,833.1465502423597,174.24250638212843,207.40140019428534,2300.8768346328957,447.7168514193612,4455.565238738186,1.8005133203834476
2023-05-24,3828.130232558139,11613.172093023255,1643.7209302325582,30511.544186046514,8773.841021511562,7253.46,10384.181718664477,9163.5,26524.54,1191.83,15842.13,2790.4329625361584,20395.6546598056,820.7937050975025,174.58048818222093,204.65352676338168,2268.5626806068985,442.5574241316391,4391.295693197383,1.817316335992412
2023-05-25,3872.1014830706085,11844.128346236359,1636.601063333644,30561.197649472997,8697.151062607696,7229.27,10331.381134829411,9116.1,26408.0,1202.43,15793.8,2807.7481668160804,20380.44444444444,813.8539387308534,175.3544059326875,205.1425621898831,2230.2362654357703,442.1638644389395,4329.461106899165,1.802924550272765
2023-05-26,3921.1655011655007,12098.545454545454,1653.1655011655012,30856.261072261066,8779.00552486188,7319.18,10430.797299762817,9191.1,26713.4,1220.89,15983.97,2857.2497646523725,20705.037851562138,821.331963704845,177.24086388936524,204.97454087383144,2235.0755877724255,444.4429779989178,4347.969371942511,1.8026389945613888
2023-05-29,3927.7575417950875,12118.884841692352,1655.9447090688336,30908.13486504156,8799.26165205353,7303.81,10430.797299762817,9180.1,26617.35,1236.2,15952.73,2878.5921558111936,20538.416433205202,825.7594501718213,178.31079399208923,207.69743316930445,2212.7724797671663,445.91809112576834,4407.16758770189,1.8026389945613888
2023-05-30,3917.578015836051,12126.157428970657,1646.2878435025618,30780.428504890548,8698.548713501012,7209.75,10292.328042328043,9167.5,26575.76,1225.07,15908.91,2813.826518366518,20154.25448290531,813.1000479353557,177.98106376085198,208.74307036247333,2212.8876407168527,444.69501605178675,4376.9661829882825,1.821494240727042
2023-05-31,3910.0374181478014,12100.364826941068,1636.7165575304023,30784.162768942933,8664.851341129925,7098.7,10233.433679985403,9050.2,26051.33,1218.65,15664.02,2788.8764906528463,20037.009293938136,811.0954136659661,178.36179873638523,207.35687432867886,2184.8831427150676,441.89362499753366,4313.837028925997,1.816165018780964
2023-06-01,3922.3342470845146,12173.934860381916,1642.837894345584,30722.08335269247,8721.278453746289,7137.43,10304.944353220215,9167.5,26575.69,1209.05,15853.66,2791.344423032125,20488.034021736108,816.8157794742478,177.99800212488157,208.52922273548904,2167.376755640954,439.96568457312003,4341.943579410148,1.8177360813363614
2023-06-02,3999.2248785954425,12365.306313036983,1709.8524467687712,31530.4071722077,8844.645971398675,7270.69,10439.107827038863,9317.3,27068.33,1217.86,16051.23,2831.5195970223485,21202.972535131674,837.2578345101039,179.18986678220745,210.35078237080037,2254.3484079729237,446.29863967099016,4412.054709932384,1.8299590584858676
2023-06-05,3988.9770393877175,12347.797274593991,1686.3076348702634,31326.171364569727,8823.347071457596,7200.91,10413.245758073344,9289.1,26856.85,1217.86,15963.89,2860.4826739418263,21339.14640611982,831.3619325281134,179.37105761369526,215.46517304798527,2276.230523657502,445.2704478553406,4457.120533646274,1.8674163721395167
2023-06-06,4006.2190217899565,12415.99177031703,1735.1538389600676,31397.428224071824,8863.184802184396,7209.0,10461.840904944353,9310.8,27036.67,1244.75,15992.44,2927.6911434317317,21813.459964599075,840.6335031047234,179.95928849507533,217.69876774712029,2278.0493914039153,439.9621709662166,4448.6332012604125,1.8674163721395167
2023-06-07,3988.70922516123,12248.705486494064,1765.0715020095333,31465.576222076823,8863.450360381306,7202.79,10352.22587119139,9359.8,27055.5,1250.61,15960.56,2922.0523253623546,21922.797293064665,839.0368351156776,181.32266078476223,212.87179829242265,2292.9693548194996,439.44989610168267,4425.516040785874,1.8696612507773573
2023-06-08,3982.12927756654,12277.214133358064,1744.2084763052953,31376.80608365019,8848.22447316335,7222.15,10316.456850939609,9338.3,27275.04,1258.17,15989.96,2899.8705314401536,21752.262560625324,832.1144563669825,178.9355223492297,211.21638129568439,2286.754625542831,439.23798098864273,4421.973155616455,1.8766756995708769
2023-06-09,3999.3115638664062,12335.231184296214,1735.705647036934,31516.215461903434,8843.831130861887,7213.14,10266.757890895822,9309.7,27162.02,1261.67,15949.84,2934.500914875898,22310.25147280319,833.906222764511,179.1624316574779,215.395507193164,2299.321704277295,442.06356974596895,4466.077251065964,1.8751579694710685
2023-06-12,4033.3999535207995,12513.985591447827,1741.3060655356728,31667.51568673019,8805.687699912763,7250.35,10309.478197409231,9344.4,27410.47,1263.38,16097.87,2919.4106114677434,22433.3087975222,833.1757179611989,179.66921638999457,215.9675056598748,2304.7004257997855,440.3153416852047,4469.440261044177,1.8895795903701043
2023-06-13,4048.003335495229,12576.040025942742,1756.9999073473548,31698.434170295568,8874.998539293018,7290.8,10333.214741835433,9333.7,27566.03,1266.31,16230.68,2935.8926149656704,22236.49298578109,836.5616085716274,180.80131192141212,218.1825090032048,2306.814771048744,438.14774122665284,4475.657816369393,1.8984203519124896
2023-06-14,4036.3611188036557,12578.67626696206,1729.9916920520632,31366.500507707933,8886.896551724138,7328.53,10288.542236818099,9432.8,27809.09,1274.54,16310.79,2975.2470226180676,22822.794272680225,834.384093113482,181.15264046161943,220.7519520311007,2283.30323582525,436.1664841182913,4492.487532540853,1.8998803090203475
2023-06-15,4043.5247361929564,12592.225115344207,1726.0792106345075,31435.804668585264,8909.437047418829,7290.91,10310.919540229885,9430.8,27731.78,1269.07,16290.12,2953.1738578273907,22639.334611951923,832.838192621252,179.1233466990812,218.03998046557055,2323.098101469735,437.5214108378935,4514.329485041996,1.887265045073724
2023-06-16,4032.5468678555103,12519.039780521263,1715.1074531321447,31366.364883401926,8956.137575437979,7388.65,10387.027914614122,9495.0,27861.8,1277.56,16357.63,2935.2958523984134,22523.047745483855,832.6211171520588,180.64887680944733,217.24133930585543,2345.713650303158,440.1721461831522,4555.917944207087,1.8731024938652057
2023-06-19,4036.9770209649364,12532.793188684425,1716.991668955415,31400.823949464433,8886.848577116758,7314.05,10314.3951833607,9431.9,27754.18,1268.52,16201.2,2943.2740814166873,22966.323998582066,831.2645112104516,180.40811235179706,215.1680959442904,2332.0614844093107,436.3431814985745,4574.751034742255,1.8725825780571643
2023-06-20,4019.701410514746,12518.126030408499,1709.7453746107344,31190.58435610917,8849.88892786157,7294.17,10231.62744024813,9439.8,27576.11,1264.96,16111.32,2892.6084974000637,22872.35181644359,822.5490535349692,180.9381940139005,216.21440828881333,2298.292727240759,433.26636947468444,4572.192636321268,1.8621929598810443
2023-06-21,3973.866739486619,12290.369561259786,1695.8037502275624,30904.350992171854,8786.67906544229,7260.97,10193.076081007115,9436.4,27609.37,1272.49,16023.13,2874.264539744227,23009.735451757446,819.9350020744018,180.41634279161786,215.39785084202083,2241.246202557479,425.02868517309366,4525.42563721851,1.8442746456243084
2023-06-22,3998.9869952087615,12439.525439196897,1686.6803559206026,30980.342231348393,8727.857599906927,7203.28,10201.988688195584,9364.7,27410.08,1263.03,15988.16,2844.9144719440574,22757.95294725462,818.5925463252133,179.7262753910589,212.12141308506565,2239.391979678278,426.1335468863212,4437.147349921377,1.826961005296968
2023-06-23,3992.5902121017352,12388.687907446516,1672.6012303737032,30968.166375906712,8709.5068573096,7163.42,10236.471446816273,9265.8,27209.66,1268.71,15829.94,2851.8604060574476,22820.964802915507,814.8970992791726,179.323826606589,209.4734017061248,2216.5082605838734,428.73586003593743,4353.066805653493,1.81659468896444
2023-06-26,3969.209609389327,12227.929580047681,1671.7953420135705,30913.90977443609,8689.181627418979,7184.35,10164.112388250318,9274.0,27242.91,1233.74,15813.06,2853.5596103996854,22735.521458237192,823.02303697766,179.70693855917244,208.91805897198356,2200.3184433738606,418.41930232410823,4329.87674710218,1.8186428143818008
2023-06-27,3994.5351701487084,12367.183651126721,1687.7383450415107,30952.230635890883,8678.134449872063,7215.58,10164.796569968983,9393.0,27401.09,1235.27,15846.86,2879.6634344023355,22285.771174468322,822.4688796680498,179.81079869122811,206.04312310030397,2232.2241068774374,422.468900247029,4341.29173909066,1.8147492003233856
2023-06-28,4010.6845047191423,12454.641253550812,1703.207184092367,31020.48932465867,8685.143584993051,7286.32,10202.107279693486,9481.3,27637.46,1247.2,15949.0,2865.6322314116037,22036.336509315483,825.5866192072434,181.82886716802054,210.5215791977168,2245.220487056523,422.8881144974924,4351.625094482238,1.7957267112063533
2023-06-29,4046.0519050248477,12508.126265415056,1731.6307748941651,31402.926559911648,8672.88450377249,7312.73,10190.21164021164,9510.6,27928.44,1275.26,15946.72,2879.377753895755,22437.73277357114,833.2627339328495,182.44854052096204,211.25855767091505,2218.7229754274135,423.30928678835863,4381.122240828133,1.790945611866502
2023-06-30,4078.427419354839,12635.557184750734,1730.8742668621703,31531.891495601176,8769.829995342337,7400.06,10290.35759897829,9593.0,28230.83,1278.61,16147.9,2864.0276952876275,22606.656392683137,840.7753547940465,183.40503819758044,210.73075335724945,2212.5255856930653,424.15416205970615,4400.978157934933,1.7975395184185625
2023-07-03,4083.2019794721414,12661.995967741937,1738.25146627566,31541.86217008798,8755.173015411456,7386.7,10234.58310527276,9644.8,28446.9,1292.72,16081.04,2922.355909085293,22809.156231536017,839.9903171145,184.8383659342776,213.79781472684087,2259.8912579083826,430.40083026414044,4430.647222476994,1.8079362543158244
2023-07-04,4095.587829763765,12700.404448938321,1743.5242209761925,31637.531023071973,8787.79946242842,7369.93,10232.93194672505,9588.4,28386.88,1299.78,16039.17,2905.6792651060046,22606.29532596727,845.7303722239601,185.64970955963818,212.67232986541944,2274.137931034483,433.4620187039727,4477.593577953434,1.813757168834802
2023-07-05,4097.318713719709,12707.684511195062,1725.7071777388742,31593.69759513499,8710.832796863113,7310.81,10211.567232256888,9486.3,28220.18,1295.3,15937.58,2927.614228598052,22711.79292329613,840.1637069922309,185.58372737901533,212.34164517053597,2246.746925627219,429.49379639987797,4446.814419716756,1.820839040370522
2023-07-06,4051.418863072826,12562.255487188906,1691.8266140141427,31152.778032877217,8518.193518193517,7082.29,10022.605363984674,9285.0,27506.91,1279.4,15528.54,2845.2240157690053,21917.593698671048,819.2285233400886,185.24551716581183,208.89836504445933,2180.1536325992847,425.6234879862193,4359.021510938022,1.8105447308218061
2023-07-07,4010.347342510712,12453.933813474338,1699.936183790683,30754.7451909928,8493.609550561796,7111.88,9920.543696405764,9248.8,27778.32,1278.3,15603.4,2865.8622687954235,22246.17140504991,818.5246239439523,182.79437282435248,207.8112348015784,2142.6596433508917,423.0592483177417,4295.002592016589,1.7789222450646316
2023-07-10,4008.299245523134,12440.214525952184,1722.7979274611398,30855.74038723752,8502.881524343911,7143.69,9963.51943076081,9252.9,27872.0,1290.9,15673.16,2860.2320261803743,21884.34597864306,814.4646768893756,182.3386550208695,207.0611732921652,2150.7678520510003,422.1331204947241,4250.128948087017,1.7585583825755724
2023-07-11,4032.7579941860463,12500.63590116279,1738.1540697674416,31124.109738372088,8556.094695412092,7220.01,10000.538222952016,9331.1,28061.59,1317.35,15790.34,2885.6606945545273,21996.837693200105,818.9433210889491,183.5493235223971,208.3901381564047,2168.8776014273344,425.47310066775856,4318.499529204508,1.786404450517275
2023-07-12,4018.1132075471696,12505.804132973944,1737.088948787062,30860.224618149146,8654.075500320905,7333.01,10052.025177887248,9453.7,28552.18,1323.61,16023.0,2868.6431171228455,21938.58430674286,819.9563943585201,182.36906023558208,207.21955174986215,2166.866760490565,420.07246649364976,4352.230185111767,1.8054020699520377
2023-07-13,4017.4951006591837,12594.486014608943,1737.8318189916265,30638.82059504721,8705.563681039022,7369.8,10054.42437511403,9478.7,28774.77,1321.15,16141.03,2868.9513975055083,22143.932712570902,827.5658229998302,180.4800881734782,209.20420740167137,2210.034491422828,422.6439537853073,4447.177441624988,1.80200560512389
2023-07-14,4012.3074182919227,12568.97319440734,1719.734615727135,30732.05984504408,8667.020284448588,7374.54,10135.185185185186,9438.3,28663.3,1325.61,16105.07,2858.3487845952336,21881.73402238168,820.4096758978505,181.90836013550603,207.9094964536731,2209.840469428524,423.2661383348194,4447.9578537060725,1.8345594907375093
2023-07-17,4025.2669989320043,12677.954788180848,1736.623353506586,30780.83837664649,8616.12377850163,7291.66,10012.953840540047,9438.0,28608.54,1303.79,16068.65,2851.3915771562265,21880.123263712157,818.8848435814455,183.0111448597472,207.76946760744065,2211.8042461563,417.47481264578886,4426.8211318008125,1.8431720293894096
2023-07-18,4057.165761111605,12784.929188563285,1760.1051037677028,31132.029927852498,8655.00464468184,7319.18,10129.127896369275,9455.7,28706.76,1315.89,16125.49,2873.0471076137815,21814.768877617134,826.5751293584497,183.12383308008637,208.4812652380341,2166.1079310835826,415.8525768655837,4421.391890251305,1.8323519078069004
2023-07-19,4076.535714285714,12819.660714285714,1772.2232142857142,31304.651785714283,8766.404805914972,7326.94,10144.27111840905,9451.8,28712.31,1331.62,16108.93,2871.1491507856367,21903.16570087015,833.5729788388497,184.47450388365863,210.2721723289335,2168.7667000429124,414.2854495475182,4430.147899464659,1.840716458358328
2023-07-20,4074.4564240790655,12635.498652291104,1767.4393530997306,31648.858939802336,8839.364161849711,7384.91,10218.527640941433,9519.6,28815.75,1338.03,16204.22,2849.395529712807,22111.03933189151,836.7412358477696,186.55292581558717,208.3927907125906,2173.0867259075567,415.9125759671534,4461.838338307852,1.834209208326573
2023-07-21,4077.608988764045,12613.761797752808,1762.0314606741572,31665.3393258427,8858.779331869147,7432.77,10223.846013501185,9571.5,28855.09,1339.18,16177.22,2842.023206276544,22611.381226900397,838.9706632219466,185.32594891126837,204.8137581233159,2195.536474758868,415.3470919324577,4423.951610464237,1.851340039442135
2023-07-24,4116.630513376717,12706.860086767896,1776.6449746926971,32005.82067968185,8906.84375362487,7427.31,10196.752417442072,9543.5,28908.42,1337.42,16190.95,2873.30568418227,23194.65922449799,849.0013041389252,186.35939176901923,208.9450177310629,2156.7713387864505,417.1723587154059,4450.914075111937,1.84277201346046
2023-07-25,4131.578471279964,12794.717322478518,1778.4803256445048,32056.14654002714,8976.833751531773,7415.45,10245.767195767196,9519.2,28966.41,1345.95,16211.59,2885.0865174810983,23228.51975249881,847.0588235294116,186.72526053159993,209.85976177480973,2252.401979532469,429.4020344139177,4509.384081344269,1.8564789386961849
2023-07-26,4119.7564276048715,12744.50157870997,1786.5223274695534,32043.4100135318,8962.04763016577,7315.07,10202.107279693486,9600.5,28980.45,1344.55,16131.46,2918.035499954207,23342.17041861882,842.2961344078678,186.85237866793076,210.1736417151864,2243.8417908891297,426.2374083021629,4512.589160519417,1.831577608681829
2023-07-27,4134.314350797266,12801.922551252848,1781.2300683371302,32148.264236902054,8969.056779759823,7465.24,10375.123152709359,9694.7,29597.81,1345.63,16406.03,2956.9191404241715,23048.992959843254,843.495038588754,187.64685731413024,214.89765117114766,2289.7545164656435,428.2716927453769,4558.230726905912,1.8370585164176154
2023-07-28,4159.613289760348,12996.24183006536,1798.783587509078,32188.89796659405,8976.049930004669,7476.47,10324.521072796935,9685.1,29500.2,1333.86,16469.75,2986.700135707351,23044.656210453657,843.1081127358651,187.047409186614,210.65674233168286,2314.5872071402014,436.04713171995223,4469.424690612737,1.8658311515515689
2023-07-31,4173.678944974989,13047.767166894044,1821.9008640291042,32341.55525238745,8987.288432356716,7497.78,10316.776135741653,9641.5,29644.71,1335.48,16446.83,2976.959929272897,23466.37159626672,852.9559791788756,188.64653410374416,211.99015848670757,2335.181340823055,439.21603574815884,4526.677865673009,1.8653185293304897
2023-08-01,4166.724326292789,13004.28805535324,1815.5225782957027,32438.71085214858,8918.41554211261,7406.08,10316.776135741653,9502.9,29356.16,1324.28,16240.4,2923.7372280095246,23032.635538163442,844.2692624074581,188.5193426816995,212.63071646341464,2338.4306164183467,437.5834754979991,4486.075804557907,1.9035271782573944
2023-08-02,4126.339367343207,12775.141707807643,1798.1623697202413,32256.829402084473,8787.484020918071,7312.84,10228.699142492247,9328.7,28974.54,1305.85,16020.02,2860.74708401004,22964.29725056528,829.961649089166,186.29591514799793,208.64153350556566,2289.3884565080966,434.67217543302075,4396.318967063184,1.8560868855831505
2023-08-03,4112.817467568062,12753.261465375479,1791.8874474693953,32172.382605517996,8745.684748518992,7260.53,10114.19449005656,9307.1,28702.74,1314.31,15893.38,2815.648435709601,22397.897395891378,823.60142251402,185.1581935511676,206.08978179371337,2275.318817402714,438.41539981515126,4377.345466518993,1.8411869461365595
2023-08-04,4066.8694941422214,12616.538007447098,1777.7313595495414,31845.990373263103,8759.113015284853,7315.07,10124.502827951103,9368.4,28586.37,1319.52,15951.86,2871.097545087383,22270.24458420685,822.5323418559642,185.4968064517776,206.23158231902627,2269.786838589766,436.56524079409814,4371.095861801474,1.8298006959822841
2023-08-07,4106.739377414224,12703.594637582368,1780.4498977505114,32240.972506248578,8776.12685873606,7319.76,10132.703886152161,9358.6,28547.61,1320.65,15950.76,2877.5550743609056,22134.573131727033,823.1752072855784,186.1781408511472,205.6395282116672,2274.3238288138846,432.85565415100893,4365.13422317776,1.7988053085008504
2023-08-08,4107.147421268827,12658.320401643086,1777.6540392514835,32235.95618439069,8758.924831277634,7269.47,10086.954935230797,9301.8,27942.25,1311.19,15774.93,2861.3638969092503,22179.236234623662,822.5343490681539,186.6748425230928,206.08694821934375,2242.8182285821176,432.2609608356412,4367.3139989844985,1.7937517857516183
2023-08-09,4070.806378132119,12487.544419134398,1759.2437357630981,32003.06150341686,8793.810848400557,7322.04,10109.049443532203,9354.4,28308.09,1317.18,15852.58,2896.134765107554,22002.527129478225,825.0475285171103,186.95517196668754,204.1673059244936,2240.607009598761,429.83969316121045,4364.3500758319215,1.8116902534858652
2023-08-10,4069.6020398870774,12495.246334577907,1750.8605773608958,32033.649030142973,8794.413020893455,7433.62,10171.309979930671,9502.2,28575.05,1313.2,15996.52,2863.931825610038,22027.751151644876,826.4102390465226,186.66333458777083,204.3074648463305,2234.3765235762544,430.4550787903256,4365.501527872549,1.797936377395523
2023-08-11,4078.2477617394484,12465.603873561118,1758.7337840306961,32232.23095194592,8726.699141730456,7340.19,10109.131545338441,9434.3,28274.74,1286.86,15832.17,2859.9508177172243,21982.57259093067,831.6894946130578,185.808040985601,204.63576784926587,2223.5266004569403,421.9752618957465,4358.083419919845,1.7911275160362752
2023-08-14,4116.7430772052085,12642.884650651018,1760.9481019622226,32374.50027507794,8730.766994243182,7348.84,10135.112205801861,9429.6,28435.49,1278.87,15904.25,2865.7798351132164,21583.444198078345,828.2542061167495,185.47480038261972,201.9585498755866,2201.556160142599,420.84117461319863,4328.455864858434,1.7783119362514526
2023-08-15,4069.5644199908293,12499.816597890875,1738.4227418615312,32046.208161393854,8609.122152967904,7267.7,10021.182266009851,9347.5,28435.49,1278.87,15767.28,2865.609839053315,21367.409437449995,809.5584239130435,185.35919588510308,203.07322604012472,2171.0835490071213,419.23762158078637,4324.02036225879,1.7783119362514526
2023-08-16,4049.586244942994,12389.32511952924,1720.7796984185363,31965.557190143434,8609.572849619659,7260.25,10027.65006385696,9350.5,28169.96,1279.96,15789.45,2886.6841137132715,21293.647357901427,809.6383087111565,186.19565577438766,199.54659380005654,2146.0870176095914,415.9033807907613,4249.216913718774,1.739996693121693
2023-08-17,4019.4610503081026,12247.705325117264,1701.5175204635336,31706.815046445325,8570.0,7191.74,9929.656996898375,9278.0,27879.35,1283.43,15676.9,2859.055086373908,21247.57232216278,806.0291272023628,185.8694586597717,199.44504004540582,2149.5369963112184,418.35508100983213,4208.852372117678,1.730820746357848
2023-08-18,4021.082175393393,12230.40397533818,1711.0702125701666,31748.099751541366,8510.992616899099,7164.11,9887.848932676518,9267.7,27761.98,1263.34,15574.26,2869.787980146741,21362.84545471373,806.1595925297114,185.41766063301895,199.02395190634394,2107.797895824526,414.8588973333586,4211.702804619373,1.716833814325571
2023-08-21,4039.0801432112376,12391.067658129075,1703.8556871385294,31638.382447443317,8499.11587329469,7198.06,9896.314541142126,9262.8,27986.92,1285.27,15603.28,2863.3608384708905,21095.115633843063,803.2261343996747,186.17884991892012,198.23305177881744,2065.019568325092,408.44738648745675,4189.03803131991,1.7259930927253466
2023-08-22,4045.3162456205055,12452.397197123364,1706.4724322330812,31614.272542872946,8534.757600657354,7240.88,9921.255245393177,9314.0,28164.99,1300.47,15705.62,2896.224131671306,21682.22205629807,801.5785534462815,187.6888650256348,201.3316690893004,2091.6819507148234,413.48189626296397,4216.710284800757,1.720952504737213
2023-08-23,4084.3476659607772,12633.302642482276,1721.7843660804713,31740.152840438266,8579.081214109927,7246.62,10010.618500273671,9315.6,28233.8,1293.73,15728.41,2940.366338761386,22392.001137279058,809.6524965113509,189.1193975336772,203.4787528207736,2098.13769751693,408.2388286265457,4262.991919372634,1.725527196595088
2023-08-24,4048.0159097215806,12453.954305799649,1707.7791138655075,31541.402275460183,8547.85243895332,7214.46,10013.528553183725,9324.7,28072.12,1295.91,15621.49,2918.3309796853623,22171.917925010894,806.3813123574079,189.6127218548588,204.78362350553388,2142.381394911127,410.6118558993582,4263.387154220586,1.745789763346175
2023-08-25,4078.6058137381965,12581.6052582855,1716.0062951305313,31796.796889464913,8545.653566229985,7229.6,9995.34756431308,9338.9,28208.45,1299.76,15631.82,2940.8951807528674,22008.055629441045,807.9137180185083,188.37560897161842,199.94486770145105,2125.178859912301,407.9305111973231,4216.2892951319955,1.7622278806872236
2023-08-28,4097.707736389685,12667.649505499583,1727.5256493206396,31943.784083556708,8550.133985785857,7324.71,10064.550264550264,9490.1,28544.56,1316.27,15792.61,2942.3743744184635,22212.50770470817,814.5386576040783,188.77295256866884,202.90762874893565,2138.6642445975276,411.86173146287507,4254.821571831823,1.7762111276389208
2023-08-29,4134.231087416123,12817.133927750712,1742.3844103318318,32036.65778104605,8675.177222545031,7373.43,10131.581828133552,9581.2,28889.76,1318.34,15930.88,2969.2212141442224,22420.253356308345,823.824217557899,188.37188808802222,203.04290574596777,2175.1803429163183,415.02133461256847,4294.904249932991,1.7824835870931695
2023-08-30,4132.225883214351,12831.145890536334,1741.909207395204,31933.223503569465,8700.430733410944,7364.4,10116.967706622878,9551.1,28916.7,1316.94,15891.93,2973.7722216602924,21995.48993188113,823.7589611794941,187.9889364123374,202.34337745236087,2155.2596289515727,413.1900299002487,4326.100539451063,1.7800341937367083
2023-08-31,4157.207414922069,12943.807064465553,1751.987457345753,32022.419994466476,8695.651665692578,7316.7,10149.562123700056,9505.9,28831.52,1312.49,15947.08,2869.310258054566,21538.567467480505,830.1952484980884,188.71455150214456,206.69353356778507,2159.787570276288,415.5893656894197,4368.545970997159,1.7698288515328588
2023-09-01,4190.9698375870075,13022.561484918793,1782.6728538283064,32331.981438515082,8722.294928721663,7296.77,10103.22021528918,9449.6,28650.49,1299.47,15840.34,2885.8081321191066,22113.556858147713,840.7303754266211,191.62015299199103,207.58762494050453,2167.900273610718,419.8572405375526,4358.133588814706,1.7880901399806108
2023-09-04,4182.817710263062,12997.230455724344,1779.2052612078548,32269.090403853283,8716.678362573099,7279.51,10083.552271483306,9416.3,28647.33,1267.33,15824.85,2859.3831384859595,22095.057640536917,839.5841854124063,192.3759033394519,208.3373707346384,2230.19687438976,424.3353418514885,4379.892878515859,1.818005964941898
2023-09-05,4194.02163775415,13076.804700615556,1753.8239134489834,32309.242678604736,8710.539875863684,7254.72,9997.172048896186,9392.0,28652.18,1276.52,15771.71,2832.2188875946326,22013.377110694182,835.7599152802925,193.76247405733096,208.4469682629819,2198.6122361461858,421.9967972642767,4350.125490662544,1.8130103563278919
2023-09-06,4162.647401538103,12931.68958284782,1747.1731531111627,32107.378233512,8659.211753731344,7194.09,9965.717934683451,9314.4,28211.46,1273.48,15741.37,2810.381252520108,21713.181196997208,828.4044298605414,193.60190024578526,209.85492424242423,2196.8838746167353,421.81908517048754,4318.418327878607,1.8046098392047536
2023-09-07,4159.555181758715,12848.173067937576,1734.1930660685916,32240.659751425104,8674.344329175894,7196.1,10028.6717752235,9310.0,28155.58,1247.51,15718.66,2788.3473017306646,21774.529957853436,824.0336019669445,195.3774573522297,209.30106264869153,2168.849568066726,417.3910826076424,4273.412591996663,1.783147199596944
2023-09-08,4165.6838465492265,12860.642026073549,1730.3303583944676,32313.060137376753,8712.79272981475,7240.77,9987.76683087028,9364.6,28233.2,1259.5,15744.75,2788.508744443441,21601.146432384838,824.1830513119133,196.82469313551508,206.15059745843084,2166.7841199928575,415.8300937207719,4264.763124962756,1.7845895208741944
2023-09-11,4174.381395348837,12946.87441860465,1725.711627906977,32245.32093023256,8723.376774493832,7278.27,10009.313993796752,9435.2,28525.1,1250.59,15800.99,2814.5213010853145,22049.084615312062,829.0707236842104,198.06683066255647,206.04639060764717,2150.000891059113,420.50522903758906,4303.288359709218,1.7906074484922336
2023-09-12,4149.060814580621,12807.894736842107,1725.2371210712292,32216.84024549005,8742.775842044135,7252.88,10022.924648786717,9455.4,28584.58,1246.88,15715.53,2799.325814191368,22169.454258437945,831.9006620244915,195.94895809387577,207.19621973576082,2149.0605403085433,419.4024712138021,4305.0673516322695,1.7707859207237897
2023-09-13,4163.892254636965,12875.002330133284,1715.7610215304314,32226.237300773606,8761.338766006986,7222.57,10013.118044152527,9424.1,28481.77,1225.25,15654.03,2799.3516993171434,22403.245528393636,837.3748839129088,196.95721042224665,206.7350589425113,2142.985316166496,419.74490449942317,4282.104570077515,1.777053317909349
2023-09-14,4232.923048012778,13084.703561026025,1753.856995208118,32798.186601522124,8946.633241998485,7308.67,10124.356869184456,9549.0,28872.73,1233.81,15805.29,2842.2897279664344,23042.566126588634,859.0178757738054,199.20485763141662,211.32235354082377,2161.4534305800066,423.1939065324038,4348.865355521936,1.805460822702202
2023-09-15,4175.959463263582,12863.21666510275,1733.1613024303274,32484.038660035654,8960.469439925633,7378.82,10215.033752964786,9549.7,28895.39,1258.58,15893.53,2821.3459626066556,22892.129460069005,859.4350753001595,199.51267534322997,212.82067718084596,2177.2656787906,421.6307551416576,4393.939393939394,1.8437810098948149
2023-09-18,4165.291806958474,12822.895622895623,1715.5817433595212,32383.37074448186,8863.724808895067,7276.14,10117.323481116586,9482.1,28585.86,1251.66,15727.12,2820.934884469805,22782.342404807303,852.7045769764215,197.76854215662902,212.48354085479832,2147.795672198698,420.3762016841214,4352.646058453482,1.8186261698746247
2023-09-19,4161.391516059555,12808.493304616537,1710.3942316696318,32322.998408090643,8888.605244836388,7282.12,10097.336252508667,9527.2,28757.63,1227.78,15664.48,2862.3212753886933,22670.937457917316,844.9395954461581,197.9677030960108,210.52271935657512,2153.054827788345,420.4379655710042,4350.108501828513,1.8051080577812888
2023-09-20,4129.256167338898,12634.02119876184,1697.8707438326608,32305.487290122874,8952.813802686427,7330.79,10175.250866630176,9645.8,29229.3,1200.31,15781.59,2881.3697627340384,22806.063924835,845.5128205128204,197.37667577413916,208.832832706232,2132.6655935133845,419.4849155683691,4331.157264647199,1.8101420681559428
2023-09-21,4061.913696060037,12405.234521575983,1671.5103189493432,31960.99437148217,8857.561425769985,7213.9,10111.96861886517,9548.9,28708.55,1200.04,15571.86,2828.144809434769,22070.74718759501,825.9435767210492,195.26960386186366,207.0170654971875,2117.565006716561,415.1665885765999,4253.709624010356,1.776146387282216
2023-09-22,4054.8714097991374,12400.797822414117,1667.4488455040362,31878.956260559415,8828.021599264706,7184.82,10048.129903302317,9502.0,28575.9,1217.75,15557.29,2817.8161405268943,22059.27038667415,825.3567202617108,195.25443830953918,204.9747596153846,2166.330754003959,422.3642583399779,4274.148804305107,1.7568733757819013
2023-09-25,4095.0151057401813,12529.569486404835,1684.5166163141996,32106.193353474322,8789.474290984552,7123.88,10047.67378215654,9386.0,28382.19,1215.8,15405.49,2787.708511858794,22028.21825920894,833.177783235676,196.15285676342162,207.22673515330226,2144.287416169276,421.77733303205395,4291.909267345948,1.7522220818063106
2023-09-26,4042.3098751418843,12356.80098373061,1666.297767688233,31799.924328414683,8771.244536461929,7074.02,9992.428388980114,9366.9,28098.88,1219.57,15255.87,2755.2473791407315,21644.550167271624,821.3435969209238,196.28837031895114,205.0512389352454,2109.847501132417,420.80096255231615,4258.47768870065,1.7431772499504572
2023-09-27,4070.1866311178824,12467.006284517234,1693.8678346981526,31946.553037516656,8774.231569216548,7071.79,9927.30341178617,9331.9,28012.3,1204.11,15217.45,2771.224188472647,21582.5530468927,822.7223025642835,198.44924802667668,206.00019090648763,2142.2765809928114,424.3045063818703,4252.798378803461,1.7338646146920633
2023-09-28,4071.3000662816016,12500.028406400908,1698.9963071678817,31877.985039295516,8781.15975511147,7116.24,9959.669768290458,9426.8,28163.03,1193.32,15323.5,2778.3903481896928,21765.97925541419,825.5326617290884,195.4951983553103,202.12778640961412,2101.072121809485,422.9137217776971,4273.64319391635,1.7338646146920633
2023-09-29,4056.044267877413,12504.086265607266,1688.5168369277337,31694.570563753314,8779.22917147473,7135.06,10001.368363437328,9428.0,28243.26,1209.34,15386.58,2762.2123768880783,21904.987409328372,816.9854042568016,196.9889890256608,201.73264944275584,2147.825300441995,422.4726815776349,4290.341469352973,1.7338646146920633
2023-10-02,4092.756251192976,12700.67761023096,1676.6749379652604,31908.14086657759,8664.382534463864,7068.16,9910.280970625798,9319.0,27849.65,1191.77,15247.21,2767.9356996870843,21690.432651522293,803.4193998604326,198.39290010209814,202.27290386268828,2166.137791372988,426.26364289915693,4271.087022529908,1.7338646146920633
2023-10-03,4040.747109964651,12476.803286519536,1650.0907614407186,31529.932167765357,8619.083881389177,6997.05,9818.801313628901,9165.5,27482.21,1168.45,15085.21,2662.259906357004,20965.48855780251,795.7626232707252,198.08021869151983,200.25604205397778,2112.4299156550146,426.70984625449785,4180.503341561804,1.7338646146920633
2023-10-04,4058.781532603522,12599.723940980484,1645.8924321751547,31536.934792955737,8559.411085450345,6996.73,9812.251413975553,9102.9,27435.59,1170.13,15099.92,2688.3658696850225,20981.09792695877,791.5368100283954,195.78346530079065,194.86693689955638,2093.0462407342043,425.16883523245804,4147.848779460013,1.7010960260217791
2023-10-05,4036.199052132701,12530.644549763034,1641.2417061611375,31392.957345971565,8611.510458800416,6998.25,9836.84546615581,9157.7,27490.81,1154.02,15070.22,2567.183897126993,20782.26013575491,794.6265560165974,195.8819196499435,198.33648200153178,2087.2760562867934,423.3529358310291,4181.560198043715,1.681485886179999
2023-10-06,4069.4214876033056,12686.035419126327,1648.69893742621,31553.794569067297,8664.254335260117,7060.15,9886.507936507936,9235.8,27810.61,1136.93,15229.77,2581.7476757695235,20950.088079859073,797.829393059588,196.49946524411732,196.0323192713933,2118.7422755361686,421.85513133129376,4193.31825856247,1.6924628129369523
2023-10-09,4103.0188322134945,12760.707864105232,1661.7677675783098,31801.504684394815,8676.56050955414,7021.4,9872.505017332604,9151.3,27682.06,1111.29,15128.11,2562.60152881274,21215.003546393273,803.6906792938966,194.62741573672048,197.51263342361,2121.3926733272783,421.3749472796289,4228.591621924955,1.6924628129369523
2023-10-10,4109.608675153229,12789.099481376708,1674.6346063177746,31814.521452145218,8837.641197937786,7162.43,10036.206896551725,9352.1,28318.22,1157.85,15423.52,2644.0654262114945,21787.40201567749,812.3420796890184,196.13315099542146,201.29049234378468,2131.6065427383687,416.72181150803914,4269.748627914734,1.6859145738163908
2023-10-11,4121.809963273377,12863.433468311518,1669.931255297109,31834.33468311517,8835.841836734693,7131.21,10069.604086845466,9360.4,28419.06,1175.78,15460.01,2658.2491422488756,21828.06206176339,818.2189740570122,197.10992881137742,201.62574576217682,2153.5378579079756,416.42930856553147,4281.0798731692585,1.713007243336969
2023-10-12,4131.468465045593,12893.446048632219,1647.273936170213,31944.47188449848,8840.962183416214,7104.53,10016.210545520891,9336.0,28493.35,1182.31,15425.03,2627.7159888964898,22026.872412495297,813.6603302344942,198.6441878765752,206.03404875883714,2208.7377229845106,423.8256583011959,4253.111411006148,1.7425969389906262
2023-10-13,4117.381790505186,12755.427647226716,1636.1050328227573,32033.384073827423,8780.589254766031,7003.53,9943.714650611202,9232.9,28237.02,1169.66,15186.66,2597.599120449034,21675.78296896213,814.9125861948876,198.66004667566082,205.57245547073794,2167.851188375461,421.6192987596445,4220.765616114454,1.7403211178187796
2023-10-16,4141.695075757576,12848.465909090908,1654.4128787878785,32182.329545454544,8828.682170542636,7022.19,9933.433679985405,9287.1,28391.6,1173.76,15237.99,2637.8934159984537,21898.4882224164,821.1793355366151,197.97634424701604,200.51955537258132,2138.380973161685,417.43021825011334,4220.627102354637,1.7163509295985004
2023-10-17,4134.6317481327405,12795.452396709841,1669.7078566701332,32143.008414484262,8838.33486872409,7029.7,9865.00638569604,9298.5,28367.36,1169.79,15251.69,2606.5321258457348,21735.609875015234,820.2119553923945,198.37593100333007,202.19796794143633,2147.991395146476,417.977310191021,4245.548736462094,1.7213495567481336
2023-10-18,4094.713865426592,12635.75970390054,1640.704185251969,31949.40685204517,8743.446448118915,6965.99,9738.587848932677,9212.7,28135.79,1178.88,15094.91,2561.683695245879,21392.525906128383,809.2994291645045,197.60015612964364,202.8247246486897,2149.3963636363637,416.0502315685689,4256.052196397967,1.7226158914918472
2023-10-19,4043.096115679047,12462.130233437294,1609.2051790946036,31579.415934221717,8605.312679288581,6921.37,9531.317277869002,9146.8,27746.82,1178.59,15045.23,2516.4915171824555,21274.4203405645,801.1984296439149,196.8618185013688,198.2629155364915,2091.3508742231143,407.1228310443288,4175.224710701791,1.6959052011597133
2023-10-20,3987.313573720974,12255.814612044554,1586.5489899943366,31269.85085897678,8498.926459613067,6816.22,9440.430578361613,9029.1,27357.0,1174.91,14798.47,2498.7854397701835,21223.31735954161,790.9159727479181,195.33266536287115,196.89695137314186,2072.7646913267313,403.5144079112883,4113.572173705702,1.6535082222872022
2023-10-23,3952.2399250234303,12200.87160262418,1561.274601686973,30868.238050609187,8466.597784283336,6850.47,9425.214376938515,8995.5,27558.78,1173.7,14800.72,2489.6049257088844,21086.930102551156,784.2415115005475,190.47527854769342,194.0564649910795,2064.702416736804,394.7937817462097,4064.79703043801,1.642156452916423
2023-10-24,4011.029272898962,12407.809254013222,1585.9301227573185,31294.97639282342,8485.1303249512,6893.65,9466.164933406311,8975.8,27572.74,1196.56,14879.94,2497.544037896569,21519.93341341379,784.3156122203513,192.1072206878434,195.6560216679264,2049.3821651057465,401.2000568379988,4115.1675918979745,1.6509388874651079
2023-10-25,3962.867960246096,12135.560814008519,1563.1140558447705,31269.219119734975,8498.297896727607,6915.07,9488.168217478562,8984.8,27428.6,1185.24,14892.18,2518.2534182556906,21375.390736004545,781.4689032966279,190.80471605535087,197.0131048387097,2063.159102298594,403.3632359504052,4091.9978508104236,1.659925824986303
2023-10-26,3917.0895663700053,11925.402385911759,1568.8316606703274,31039.85987502367,8444.79274313928,6888.96,9457.845283707353,8962.8,27507.9,1177.39,14731.05,2564.8746958986408,21792.73745668581,776.4802518995139,188.28435562419628,192.65183040070508,2066.965390119085,405.4912060464093,4077.14696112757,1.6156911249007357
2023-10-27,3896.994936349439,11966.314892811508,1549.325635322512,30682.494912687518,8366.35685599541,6795.38,9417.724867724866,8918.3,27287.45,1178.79,14687.41,2557.875411959491,21379.236168767453,767.3171397379913,190.55688832665032,196.056871738099,2102.463929236049,409.256061517368,4092.987199856111,1.6064248343215906
2023-10-30,3925.407442298633,12048.497409326423,1551.8511540273196,31021.158737635415,8400.080247621232,6825.07,9471.072796934866,9013.9,27339.91,1186.38,14716.54,2571.8537075455693,21003.107589798146,771.2591986917416,190.3939491157486,193.93473797264426,2095.7882823223445,408.07275397229216,4067.5623085700563,1.6178509410710284
2023-10-31,3964.6435999243713,12149.026280960483,1571.4501796180753,31246.804688977125,8412.38582179583,6885.65,9479.255610290093,9017.3,27741.91,1193.1,14810.34,2569.9428777961984,21237.87177730434,771.9347255817124,190.71077808373545,192.32089994079337,2069.0735859550696,408.9490141354627,4062.12310918077,1.5864986837156827
2023-11-01,4009.328287606433,12357.114474929045,1579.659413434248,31480.208136234633,8440.544890217267,6932.63,9582.092683816822,9075.0,27985.44,1196.48,14923.27,2650.8711409889097,21970.077146348918,782.2067458691793,190.1243085255782,198.06117012942246,2074.5146322971946,409.7779501599922,4136.0274594006105,1.6118721461187213
2023-11-02,4064.9406891357553,12515.712671813217,1613.8297872340424,31857.540952739597,8555.296415441177,7060.69,9662.452107279692,9260.4,28479.39,1219.99,15143.6,2676.1483507298585,21862.783847980994,809.4967282195348,190.98516739567958,199.9304777697819,2073.701122865292,406.00145404010834,4179.7358776313795,1.6323129867777575
2023-11-03,4061.448140900196,12560.134190662568,1640.760413754543,31741.0492964309,8556.122037026356,7047.5,9651.22240467068,9293.9,28674.83,1219.77,15189.25,2734.969511707184,22464.091863991103,812.4846500204667,190.53325809498136,199.29445154851388,2103.3722314836864,405.57119062661536,4234.986496737976,1.6607343206552228
2023-11-06,4073.8826164038437,12614.332369133153,1621.6665111505085,31814.74293179061,8543.837825385855,7013.73,9648.558657179346,9241.5,28592.6,1237.37,15135.97,2745.2065937746725,22617.36340545805,808.377605230895,192.39130839866317,203.35403649476203,2138.2815521848056,411.5260719465086,4236.610662065208,1.7599395154200514
2023-11-07,4091.943925233645,12747.532710280375,1619.766355140187,31918.317757009343,8517.77688372895,6986.23,9643.340631271667,9235.9,28395.9,1228.87,15152.64,2738.3057532394823,22874.58764863828,799.7148772954075,192.9880997895273,200.58313133196594,2114.7558837433353,411.5027376772429,4197.7630708140305,1.7492341607260442
2023-11-08,4093.187018445015,12748.456689236516,1600.812514592575,31858.295587205226,8491.619342626052,7034.16,9665.261813537674,9283.8,28433.33,1227.27,15229.6,2716.609689340448,22664.707840060855,796.3571114195754,193.69922612166775,198.9761227267104,2099.268119275647,410.5163235199795,4182.474664434547,1.73310813228653
2023-11-09,4075.131233595801,12674.775028121487,1581.5898012748407,31769.72253468317,8542.24335472044,7113.66,9710.810071154898,9405.2,28644.09,1218.07,15352.54,2685.877994072991,22612.646156476476,801.5275467599035,193.71938580365878,202.19534249969033,2092.699395301035,411.9776585202631,4185.999522616064,1.7360342188461155
2023-11-10,4132.958906674155,12915.950575680989,1596.2931760741365,32091.266498174668,8422.645611626045,7045.04,9629.03667214012,9371.7,28504.43,1203.08,15234.39,2719.1762618265147,23024.3385435067,803.0656538252848,193.88491390322687,201.2053872053872,2064.2260619150466,409.15990343127186,4156.6372735938985,1.7257342567194964
2023-11-13,4123.329283110571,12868.249369099914,1594.0742125432282,32094.46677259557,8523.679981634528,7087.06,9661.001642036124,9461.7,28925.26,1205.55,15345.0,2712.4076236992996,22932.873698945827,805.2070284727631,194.5356907499914,200.7646714518961,2087.721337007308,409.60233903130245,4142.1083690987125,1.707919455457504
2023-11-14,4132.267107863413,12954.988740291374,1652.9436095408796,32012.22482650857,8547.843069676605,7185.68,9775.342090859333,9623.3,29344.43,1235.27,15614.43,2782.8392699198876,23265.827327937135,809.6257761369359,191.8407582001902,199.84065766151213,2055.953295437087,406.0139133520027,4190.734770776638,1.7192589504624494
2023-11-15,4150.884955752213,13001.32743362832,1660.4166666666667,32255.908923303836,8570.18086080586,7209.61,9768.463783981026,9640.7,29466.93,1238.76,15748.17,2813.2685385744617,23349.188143963453,814.4108333894765,193.99983847700244,204.12703245843736,2131.6684647718766,409.8163801382714,4261.7914654991455,1.7244710434885124
2023-11-16,4154.294139329156,13005.59343899742,1634.500552893476,32201.87062292665,8473.553624514063,7168.4,9709.058565955118,9667.4,29258.1,1239.39,15786.61,2806.3358605105163,23614.87305797651,810.0810503047759,194.94701557878005,204.34940237825944,2101.1057632830034,406.9734598844754,4208.817864702901,1.7614934798306596
2023-11-17,4137.886149051243,12948.464570538088,1647.9695664130534,32035.282794023286,8573.346281274991,7233.91,9795.083014048532,9761.4,29498.43,1250.44,15919.16,2803.5322790064065,23311.635901651593,813.7435691855417,193.80326555374384,205.7475418874628,2055.3927860667227,407.03658745845223,4206.084725536994,1.7451686981098746
2023-11-20,4156.654478976234,13057.15722120658,1651.8098720292503,32130.749542961606,8568.737497856775,7246.93,9797.728516694035,9839.0,29541.9,1248.63,15901.33,2813.6310110307368,23715.59831674873,813.1925945657963,192.79018170466148,205.6863083320499,2085.3307214995366,410.1654936760506,4230.258607773217,1.7639811366179032
2023-11-21,4159.279626065439,13014.370818440106,1634.3689854275501,32158.638071670794,8598.506004711831,7229.45,9836.006203247582,9827.5,29153.42,1242.2,15900.53,2798.5929291464827,23492.03380955943,811.211452271055,193.86465558997205,205.9914772727273,2080.4535402772153,413.0229333059401,4252.31984620468,1.7749010180995475
2023-11-22,4184.608320323262,13101.166314629443,1648.9484801175497,32393.268436036367,8570.866322432586,7260.73,9881.764276591863,9887.4,29154.91,1258.74,15957.82,2812.008185627742,23586.87739194715,813.7748255501878,194.3063799513924,205.44652233993554,2093.1956329300674,409.4975329000135,4249.690888882214,1.7871017318173406
2023-11-23,4178.277016184494,13081.344275824127,1646.4536243180048,32344.2574847554,8601.816091954022,7277.93,9899.30669585842,9905.5,29235.71,1260.52,15994.73,2830.7343808101646,23665.663270075725,811.8773433315478,194.0969021642719,205.08754828030163,2104.9288988130215,411.8639501167535,4227.07258403993,1.782787146715437
2023-11-24,4167.205922676172,13025.1805136642,1652.0427748834659,32346.35773695275,8626.958525345623,7292.8,9924.758255792738,9939.0,29432.3,1258.73,16029.49,2827.485647171175,23396.01856511771,811.936997319035,193.48538805335005,205.65444481820128,2059.550660637942,407.5679614443045,4235.960051740216,1.7628704377113886
2023-11-27,4154.126346540077,13000.748584991785,1644.2851926236992,32256.22603615118,8600.230547550433,7265.49,9871.42857142857,9936.1,29342.29,1265.36,15966.37,2776.482003812177,23439.639824386424,808.9364126973487,193.2789302894526,205.36421686007245,2057.0767894452665,405.6615211828444,4214.730683394656,1.7516353631488812
2023-11-28,4143.822780203785,12992.867540029112,1631.0134643377003,32220.68777292577,8610.313564705202,7250.13,9816.073709177157,10003.4,29376.74,1264.69,15992.67,2778.93362488987,23633.465316947444,808.692446886938,193.66066043330355,206.07833945039013,2026.6898678002522,405.49622595878463,4243.534464507153,1.764097685188424
2023-11-29,4148.20419325433,12997.71194165907,1644.3117593436646,32297.556973564264,8590.973266982988,7267.64,9854.844006568144,10062.6,29688.45,1271.2,16166.45,2784.5102128436147,23454.99670016081,813.0269998322992,195.79601268771768,206.29140999845225,1983.8939024247873,404.9842444695851,4244.269425675676,1.7709223546609691
2023-11-30,4195.646183521631,13067.162671075594,1661.6331404427299,33021.85174979333,8643.031076066789,7310.77,9901.769750045612,10058.2,29737.38,1275.13,16215.43,2856.47912329462,23766.887540830612,826.0787102892366,198.15084670820292,207.54835910626298,1999.9155108075759,408.86191628481697,4299.894433490065,1.7927886519205745
2023-12-01,4221.841404024626,13144.381144904899,1711.5133694753285,33304.69539648994,8793.401459854016,7346.15,9931.910235358511,10140.8,29928.45,1280.11,16397.52,2880.3807986832894,24133.91949391874,838.2424015520235,199.91050384369487,209.2215407722636,1987.529449276389,409.06136789205124,4338.321270853778,1.7824558657150789
2023-12-04,4217.025792460665,13090.472015872283,1736.7415678493978,33409.7171595995,8756.363636363636,7332.59,9991.278963692757,10178.3,29914.09,1275.34,16404.76,2857.2894311177834,23669.603524229078,838.8002726653033,204.05374800609107,208.3138692994828,1968.9098640360992,409.45810644084,4352.024311282145,1.7728394191456365
2023-12-05,4230.43719896258,13180.72434234902,1719.1922934420156,33461.05965172286,8736.544966756095,7386.99,10002.563400839263,10238.4,30082.88,1270.35,16533.11,2883.571113837872,23835.63419169437,838.7052810902895,206.63663254061606,206.2994177812746,1932.7600187027622,403.83840347296467,4285.602791685632,1.7682780719850844
2023-12-06,4226.4399851356375,13142.614269788182,1720.5964325529544,33495.38275733928,8769.404900816802,7435.99,10036.143039591316,10258.1,30326.29,1273.48,16656.44,2909.4354335620715,23804.557297835046,836.1001947852236,208.24053372085177,210.92199028820082,1953.2731015417835,403.90706606717663,4367.086235741444,1.7624607126461138
2023-12-07,4248.276820455809,13285.14915693904,1730.822679266259,33460.60774504354,8766.444988916113,7428.52,10005.564677978471,10146.0,30121.77,1273.33,16628.99,2887.368474073917,23766.651892228332,833.0903392832811,207.89946034459828,211.2463274293613,1939.7160301176582,402.89164118774937,4387.742606355323,1.7635981486985692
2023-12-08,4277.9615348880425,13382.857939236272,1747.4867601969709,33678.221685403696,8807.309822209269,7526.55,10100.136836343732,10223.4,30403.9,1275.09,16759.22,2911.620948164881,23941.302238841115,838.2743060303569,208.28948788432368,207.0950290054806,1942.2556480380501,403.652346408915,4397.187471352177,1.7637066664798717
2023-12-11,4294.750534237665,13409.356127473751,1750.144011892595,33824.14754250673,8799.731747142525,7551.53,10153.585112205803,10198.0,30426.58,1275.5,16794.43,2909.5196382388895,23870.1511204732,840.0889649272882,209.22034023824992,208.42024978548957,1932.1185162217437,405.99227179463946,4391.910441387304,1.7932993424322905
2023-12-12,4302.112284602557,13464.332036316473,1742.8849360755976,33887.28923476006,8778.8291433892,7543.55,10172.614486407589,10118.7,30342.15,1283.12,16791.74,2913.8396238281425,23592.773018272765,834.4467925557296,207.57797253399556,209.18887933505303,1944.3801245628722,406.5023752969121,4396.889185986448,1.7866344378514751
2023-12-13,4328.358620689656,13548.468965517242,1790.8137931034485,34105.96781609196,8758.923184033418,7531.22,10206.996898376208,10096.1,30295.69,1292.35,16766.05,2942.3235284078305,24197.048846358717,847.2180655693102,206.85876844434245,211.9017279660199,1924.1599677503498,399.020594437643,4445.411447646465,1.7672117069874496
2023-12-14,4293.232056763395,13428.145183298462,1819.8035113253889,33883.698717365594,8882.801068400882,7575.85,10226.190476190477,10171.7,30359.06,1295.37,16752.23,3018.0219603452315,24211.411600344185,850.6225192522984,207.17229381666854,209.56754504071296,1911.0423693761393,396.91282208745935,4496.250837954781,1.7760666815592536
2023-12-15,4331.32026983617,13596.365471983845,1821.972373915837,34239.05281997155,8816.384476639321,7596.91,10209.715380405034,10095.6,30373.89,1290.79,16751.44,3048.173126173809,24201.329058041734,849.4872938029424,211.64134259382723,212.85741954227058,1971.1803823286004,397.7810154980789,4574.632902055994,1.800341308912657
2023-12-18,4339.582570487001,13644.45258147199,1814.7381911387772,34150.51263273526,8815.096087057189,7568.86,10176.7925561029,10054.9,30241.02,1287.22,16650.55,3079.3394010381667,24504.163979474524,850.5448706999625,210.88995984713205,210.06078871433152,1954.2533125716134,394.2911769234717,4559.289068975044,1.819397092491654
2023-12-19,4341.986887634311,13661.646330358768,1840.2385722090694,34199.52649790566,8855.173613123876,7574.67,10168.244845831054,10106.7,30363.53,1298.48,16744.41,3077.5468531796787,24663.237343459186,858.5029367572737,210.02221112010167,210.30920198790795,1926.3651165097835,392.6601403602878,4611.374034050676,1.8108273878345227
2023-12-20,4294.652650822669,13508.1718464351,1812.468007312614,33895.79524680073,8913.678373382625,7583.43,10166.830870279146,10101.0,30361.21,1301.81,16733.05,3033.799167841693,24317.79436507125,849.9367586230474,206.40353065447627,214.39401559764445,1939.1100347232355,389.73748086665256,4637.422252299363,1.8247492479182517
2023-12-21,4311.307901907357,13591.162579473206,1832.0254314259762,33973.06993642143,8868.983402489624,7571.4,10155.62853493888,10104.3,30274.26,1298.56,16687.42,3066.1006056177644,24577.367892603474,856.6211919171197,206.73379982119266,211.80756079634423,1936.5175346615404,389.31699776721825,4636.025082630587,1.8272168889763447
2023-12-22,4317.6807119506,13615.119869233564,1847.0395931710864,33950.19978205594,8878.83961012746,7568.82,10174.320379492794,10111.9,30353.29,1290.89,16706.18,3066.0736037798533,24810.14811007803,861.3121707600739,207.9969457817423,211.4901010616253,1898.4141552617514,389.0390380832957,4632.334197851056,1.8111392122846255
2023-12-25,4318.857298573895,13618.830048142428,1847.5429194295577,33959.45135797984,8873.21037463977,7568.82,10174.320379492794,10111.9,30353.29,1290.89,16706.18,3056.7184,24806.671026814915,863.0244036194132,208.1098862983047,212.19430175796828,1898.4141552617514,389.52332463565205,4631.476199296166,1.8111392122846255
2023-12-26,4323.388265121333,13649.55632017385,1864.5327779789932,33996.13364722927,8871.165149245131,7568.82,10174.320379492794,10111.9,30353.29,1290.89,16706.18,3079.241731433218,25113.859058509337,863.9127152954093,208.49046783645392,211.78170603757988,1897.2789708042333,385.2746194115932,4635.48291416919,1.8155493547261947
2023-12-27,4305.79018460153,13596.740207113913,1860.6123367852317,33909.51823502926,8902.788982367178,7571.82,10138.64258347017,10121.8,30421.51,1293.19,16742.07,3062.646069687746,25033.35447524531,864.0283600913523,208.68533121826385,213.84235421097742,1915.8780279807315,385.3582259884868,4662.082806671394,1.824827711407006
2023-12-28,4324.518578790345,13647.174758159297,1860.8986529246904,34092.84874785281,8889.48489208633,7535.16,10087.164750957854,10086.2,30331.17,1285.65,16701.55,3064.7608939709494,25001.22038698378,862.7605056371711,210.86425191806978,214.42027873673447,1964.1399736094543,393.99207676508183,4701.782086510852,1.846830116501478
2023-12-29,4321.672555948175,13600.933224608138,1836.6132101114433,34148.3555313944,8920.053059576676,7543.18,10160.36307243204,10102.1,30351.62,1293.14,16751.64,3063.4526871422668,25055.37246407932,865.0776280692155,211.5378538712981,214.9410366754448,1976.3371301046284,398.0423935376016,4684.233878432583,1.8612775920201323
2024-01-01,4318.542326844726,13591.081937528294,1835.2829334540515,34123.62154821186,8911.315971421986,7543.18,10160.36307243204,10102.1,30351.62,1293.14,16751.64,3060.9264988265413,25032.235798899354,865.048045686147,211.76004259008639,215.05844927862216,1976.3371301046284,397.75306689790614,4681.6337732823495,1.8612775920201323
2024-01-02,4331.74719152434,13486.108320394556,1838.341401041191,34446.104667092884,8904.480193738107,7530.86,10160.36307243204,10182.1,30524.63,1307.63,16769.36,3058.3754451598015,24628.859378045043,864.9653563833435,212.97292613194097,215.39759268795055,1962.872893295374,397.3161230899124,4713.610999536537,1.8753538489635648
2024-01-03,4307.842329350365,13360.994368905369,1793.892780295747,34272.02307375361,8908.082096474953,7411.86,10189.983579638752,10053.4,30100.84,1301.34,16538.39,2998.982340294427,24719.262333215473,863.2062534284148,212.90551633662562,213.82856230031948,1955.0201416374036,398.37246377739507,4637.223163928868,1.833783460634961
2024-01-04,4283.855641845592,13257.469164001826,1788.698035632709,34207.711283691184,8948.059321052022,7450.63,10239.345010034665,10182.4,30403.96,1310.87,16617.29,2975.459836069535,24481.98727635678,863.6964035177771,214.46813066959731,210.2794605350431,1946.067468273778,395.2948232846906,4592.255652919909,1.809282027611095
2024-01-05,4292.853226101261,13273.68853957229,1783.1657832206176,34240.64156461341,8937.769512407742,7420.69,10204.251049078635,10164.5,30440.95,1311.67,16594.21,3042.272447221702,24750.50382910117,865.5428278338177,215.36880480319593,210.8891135401529,1928.5095315570643,393.0405625907843,4595.386881021047,1.7974732967063614
2024-01-08,4349.867592000731,13554.716464249841,1816.281618117067,34410.56524518309,8957.147846332946,7450.24,10244.845831052728,10209.0,30569.92,1330.61,16716.47,3046.0642932862675,24828.280555711797,871.7501368363438,213.50319146462232,211.34312670170328,1894.361674800925,386.41207928627034,4572.454207958764,1.7866948698501939
2024-01-09,4351.18693683392,13591.647989754378,1800.3384713900195,34327.54882678498,8933.798395535403,7426.62,10261.494252873563,10060.3,30408.78,1341.1,16688.36,2971.364019940094,24519.731012805805,865.6919345471937,214.17996830329517,213.7857278541126,1897.31984858961,387.13135360702387,4601.242008014929,1.7788365373930437
2024-01-10,4359.2909869680125,13642.258270299828,1795.552720313497,34353.166864121034,8885.513557452245,7426.08,10267.286991424922,10067.1,30450.78,1344.51,16689.81,2969.9481481401945,24377.225260137686,863.8060209780684,214.2308545458523,215.3347713276439,1877.0915324202833,383.41413204394263,4560.196000610594,1.7722544481008424
2024-01-11,4356.76266861101,13643.993802406127,1782.227488151659,34370.233321181186,8812.550159930212,7387.62,10174.803867907316,10004.9,30249.16,1347.9,16547.03,2986.871262622698,24448.440730933693,859.2174208914596,214.87686598316762,219.87930115115586,1904.5885493641458,384.80648934547116,4575.294870622657,1.7536640088364226
2024-01-12,4368.3955803123,13672.504794082732,1781.535932791526,34328.353575015986,8879.620356352627,7465.14,10241.196861886516,10094.8,30470.55,1352.65,16704.56,3010.1400673947464,24640.042888987125,861.870552585884,217.60112912081559,224.1854500771921,1894.40061573985,384.9580859683543,4577.996825203004,1.7485163872558187
2024-01-15,4368.7945205479455,13673.753424657536,1781.6986301369864,34331.48858447489,8827.185030218503,7411.68,10223.964604999088,10076.9,30327.72,1353.46,16622.22,3002.01536676592,24697.36916230071,863.553817377997,219.24280030306159,224.94151185739798,1893.1925375922294,385.3607289073393,4560.071172212422,1.755927844009593
2024-01-16,4382.107392423685,13740.667524825305,1772.066936373667,34351.89407870541,8781.619611943766,7398.0,10244.161649334063,9994.1,30337.62,1332.47,16571.68,2944.209410325775,24131.71328051364,861.045818429569,219.40995212748626,222.48082448469708,1863.6517939471535,387.9594172138012,4489.0576661117,1.7291060895571986
2024-01-17,4354.690802168519,13650.298630892217,1757.9435817329781,34243.01203712211,8673.099994176226,7318.69,10170.187921912058,9867.8,30098.86,1331.34,16431.69,2923.163929346142,23928.32141793268,849.9115525921895,215.25550405609926,220.0306995782684,1799.7278655113714,379.3518648569276,4451.2625684869645,1.6849393715111813
2024-01-18,4395.862449429937,13843.002942258185,1768.7109231335053,34450.726369988966,8714.399205561072,7401.35,10204.232804232803,9880.3,30350.53,1341.1,16567.35,2931.5739638755713,23757.158451591233,854.0973547859285,214.6332593420434,220.08855378696205,1813.487051393831,381.22324862330225,4439.241041754789,1.6693508110585835
2024-01-19,4441.007524316388,14049.339328317119,1784.1714075977243,34743.80620297302,8696.888111888113,7371.64,10171.975916803503,9858.3,30283.61,1340.03,16555.13,2978.1254363634407,23749.25106525501,862.4829188302815,216.49891682579803,222.73795367273627,1798.8003055049644,378.8019491287599,4493.067142943633,1.6933559777026008
2024-01-22,4456.886887806671,14114.021868969954,1822.4570430947351,34918.4967380318,8744.260189186034,7413.25,10285.851122058019,9968.1,30182.32,1351.56,16683.36,2923.079596579201,23314.3530625023,860.5515219688448,216.7814294305237,226.73211737700848,1758.0085308391006,369.1822252313824,4513.902254958191,1.6922575107296138
2024-01-23,4482.262968764398,14213.526213950061,1820.9435179213122,34926.241592186496,8748.077597288768,7388.04,10170.826491516147,9859.2,30077.46,1353.14,16627.09,2950.640228893924,23864.566665426264,868.104628868803,212.81828010126506,226.8524305016307,1812.1494665281846,373.30883345005043,4558.489581753663,1.7066203050228943
2024-01-24,4472.714745062011,14223.169499310978,1802.351860358291,34732.55856683509,8801.204255816672,7455.64,10214.21273490239,9974.0,30338.35,1362.05,16889.92,2954.3960043838715,23798.9256421476,861.055634807418,214.9461405570751,225.60473299081428,1865.5469382487183,379.838937552981,4543.185402253708,1.702494778130881
2024-01-25,4512.202092841009,14300.00460978196,1821.6751947632881,35079.63859309455,8822.179261862917,7464.2,10225.342090859333,9916.6,30157.8,1352.86,16906.92,3009.4226534865265,24032.25080627016,870.0352365639219,214.97018587548487,226.2587493365802,1914.655202957259,391.78823786591914,4585.560040057051,1.6947880434409757
2024-01-26,4506.1451999262945,14239.32190897365,1822.6736686935692,35110.95448682513,8935.67792146995,7634.14,10390.558292282429,9936.6,30379.33,1360.89,16961.39,3050.7007837639017,24163.623588926883,871.7622080679405,214.95603648601892,222.2910526643039,1879.5190517708604,391.64607495170304,4576.810031499878,1.711204545611455
2024-01-29,4548.578549012369,14424.995384899392,1856.5811334687098,35382.54568949603,8953.360703812315,7640.81,10426.77431125707,9890.3,30233.61,1350.95,16941.71,3063.462560598722,23951.817783618044,879.9009151586044,218.8413066819168,225.42197472156178,1905.1684194934082,388.56239395341663,4624.358066878203,1.7253715484289402
2024-01-30,4542.4921601180595,14305.386460062717,1841.210108836008,35479.9022320605,8975.892752605081,7677.47,10438.90713373472,10039.3,30623.27,1355.12,16972.34,3091.2589958012877,23720.31279091417,881.0308639851357,217.19156774060218,225.27786626690403,1853.6362241344714,381.25871250811025,4626.228200992178,1.724827952758623
2024-01-31,4479.247550378997,14017.387687188018,1800.0924385283784,35265.5758920318,8948.715843790313,7656.75,10338.788542236816,10077.7,30744.24,1367.41,16903.76,3080.003221044155,23842.613588645334,872.5771493446177,220.27397864409804,228.34037063839162,1823.6072755536452,377.01474058884975,4661.891293132226,1.7303651860577927
2024-02-01,4512.476431363531,14128.893998620371,1815.9760864566567,35428.68705449528,8934.66182159184,7588.75,10229.802955665024,10014.0,30689.11,1376.62,16859.04,3114.024020191479,24035.58166290958,874.4726173297602,219.28646244007706,226.2026381909548,1838.3478004133453,372.08682675001756,4587.093244672813,1.7630139171075718
2024-02-02,4597.264973113294,14490.033376599296,1819.7014648618579,35837.58575931763,8918.538470546902,7592.26,10253.311439518337,10062.5,30717.95,1385.01,16918.21,3151.2272500215126,23723.393738166964,875.7300275482095,222.39717806454772,225.9240838514168,1838.8786949676226,368.92566883866016,4649.535312056523,1.8046203846180386
2024-02-05,4600.958763846226,14518.923950479382,1803.2579353997953,35725.70045611096,8882.114105705285,7589.96,10285.048348841452,9941.3,30952.79,1395.99,16904.06,3164.9455901377364,23820.978838201387,865.52779019008,222.54555997238646,227.5904466773093,1848.8398567179838,366.3121415686604,4601.954016052139,1.8152403101861256
2024-02-06,4606.6576781812255,14513.924403737969,1816.5698079873541,35818.829327258354,8997.317558861427,7638.97,10258.191935778143,10003.0,31116.75,1403.76,17033.24,3200.741167256562,24430.076709095505,870.9761896557666,224.25570491415536,227.2683049462636,1920.0159437447574,378.1132417021167,4598.812325609608,1.7968139716549492
2024-02-07,4636.647173489279,14626.046597976423,1810.4149262044,35902.12568458183,8941.338490389124,7611.26,10226.464148877942,9888.2,30976.02,1397.14,16921.96,3196.9871629072,24275.634678971062,871.8905129619416,224.94785018218474,226.26566855639427,1912.0182619085833,382.6967611257685,4609.630481493811,1.8247279948535786
2024-02-08,4637.140471330487,14653.655594730004,1836.7971794395992,35930.90554833921,8891.922266448139,7665.63,10161.330049261083,9905.4,31064.15,1404.88,16963.83,3125.6731601731603,23827.93001235841,871.4763365619937,223.47670147143083,229.04983223561575,1886.518309055913,387.31540033390706,4600.957027132833,1.8350350855077946
2024-02-09,4661.1739614243315,14828.134272997033,1863.8631305637982,35860.24666172107,8867.18969555035,7647.52,10118.20835613939,9896.6,31156.06,1401.01,16926.5,3109.0351971365044,23972.83000496213,874.9052573554744,223.002144770872,229.14094084769442,1866.3608725798713,387.26796947509536,4624.943888199885,1.8350350855077946
2024-02-12,4661.505615891581,14798.616912652,1898.5055230669268,36013.533834586466,8880.447909948994,7689.8,10198.230249954388,9984.7,31456.73,1394.08,17037.35,3122.7440160850942,23992.372706658418,877.6355291763002,220.1076730053968,229.35459207459206,1870.1956708928412,387.70026906871254,4616.488632919067,1.8350350855077946
2024-02-13,4625.024510948224,14618.422895560017,1834.0445398944862,35737.19594752323,8833.30001763772,7625.31,10164.924283889803,9925.4,31134.17,1385.47,16880.83,3090.0841659426583,24133.480367207674,855.0874294368718,222.2818785919557,235.07829963775967,1878.9771371294926,389.98260553507447,4582.139327467759,1.8533357581522878
2024-02-14,4661.713433392374,14784.329262608371,1875.7341288337839,35820.14542742612,8864.89019033675,7677.35,10229.556650246304,9916.6,31329.38,1405.38,16945.48,3123.1094454082245,23826.57875237997,867.9836184052036,223.65524350548134,233.39928191160084,1894.439340976605,389.3104744133007,4567.30446885117,1.8417604970550614
2024-02-15,4668.829481110182,14764.847303443796,1913.5616819827349,35991.01457347072,8886.0,7743.42,10293.906221492429,9927.3,31694.44,1403.5,17046.69,3117.995769468722,23852.28110448569,883.1035433613678,224.10656281490031,236.25744535942047,1894.7304001663645,387.66274823541556,4606.30409108803,1.8221109941512315
2024-02-16,4645.109502598367,14639.615812917596,1886.3585746102453,35846.32516703787,9017.434518241347,7768.18,10318.016785258165,9886.4,31732.39,1405.32,17117.44,3105.7300859820034,24049.902381152555,883.0099091659786,225.40636274367145,237.74432467492355,1939.461127596439,387.5577285275678,4642.0978936202455,1.8437828468804602
2024-02-19,4643.816680582614,14635.541330364596,1885.8335652657945,35836.348455329804,9030.203890868726,7768.55,10398.139025725233,9944.8,31676.05,1422.41,17092.26,3127.2448664870503,24150.43982781209,882.4937244248822,226.15975124268007,237.73563218390802,1918.3995535184174,393.2541549327542,4650.307589637809,1.8655539392083302
2024-02-20,4604.821841739936,14466.247107820454,1854.8264692272098,35690.69875057844,9017.768691588784,7795.22,10451.523444626891,10038.2,31701.48,1424.35,17068.43,3103.5706344600935,24399.451596848558,877.7101012866136,226.32959594212437,236.69552073050343,1919.5678242942292,394.30174499408037,4641.818181818182,1.8488073624240908
2024-02-21,4604.676957204917,14401.395692762731,1843.7378685645622,35689.287364821146,8951.007534606624,7812.09,10425.779967159277,10107.2,32018.4,1420.28,17118.12,3092.3641352979776,24347.751189004983,875.1189131848201,224.32729881498315,235.30740137142158,1952.7638250415623,397.71295605893096,4607.938709384369,1.8349308437067773
2024-02-22,4699.334872979214,14819.048498845266,1860.3602771362584,36091.556581986144,8987.70760233918,7911.6,10386.945812807882,10138.9,32356.26,1419.25,17370.45,3084.6853267677416,24252.241515758113,882.8519546373386,226.19033879178895,239.95016723434287,1979.914620878861,402.2572609845664,4608.23963914873,1.8440406976744188
2024-02-23,4703.142329020333,14784.491682070238,1863.8539741219963,36165.92421441774,9025.33231832289,7966.68,10487.830687830688,10130.6,32700.92,1413.26,17419.33,3059.8222747855393,23943.166366033023,885.9068669381052,226.50283592422178,240.08277301894324,1975.370842781557,404.5800154122785,4635.014250197077,1.8516179185696238
2024-02-26,4672.808553783759,14726.011613973638,1870.1908009954834,36011.82597474422,8983.282674772036,7929.82,10447.801496077358,10138.4,32557.81,1414.51,17423.23,3027.210825719704,23983.697412126094,879.5455320891195,225.29108690238306,239.91750749098026,1959.3333333333333,399.577467493806,4612.760917392484,1.8400772989844083
2024-02-27,4682.07634150839,14784.528858565369,1895.731145122626,35932.518900977324,8985.988304093567,7948.4,10436.46232439336,10113.8,32706.44,1411.98,17556.49,3038.8073007845423,24609.091333800512,876.9629225736096,225.6811783198463,240.37195626206008,1978.1226990251228,404.90210520248246,4623.506697236636,1.8170208347753858
2024-02-28,4677.763424986159,14714.652149843143,1882.5521313895551,35937.460786122894,8908.727655099894,7954.39,10412.68016785258,10068.6,32617.96,1407.74,17601.22,2987.6936446761883,24172.908521920006,871.4188638216908,222.7604689069817,240.06141129649475,1949.9162814828787,397.4632107880839,4589.950567722221,1.837109431818969
2024-02-29,4716.584914391486,14893.031004164739,1901.7491901897272,36091.05969458584,8915.657863986913,7927.43,10435.01185914979,10001.3,32580.94,1424.77,17678.19,3007.233989439352,24016.455236730173,879.4942575742084,224.25871599869868,241.68455154114346,1948.9654032743538,406.93157898124844,4629.960909309598,1.827459333849729
2024-03-01,4739.440907832825,15015.167450871852,1915.6656518128977,36061.79536857643,8967.54990078207,7934.17,10485.239919722679,10064.7,32934.29,1422.75,17735.07,3011.1268346373017,24055.044504860154,885.0610689619978,226.62062706829076,245.28052115662354,1955.5869906048495,406.7918287813039,4661.672534681472,1.827459333849729
2024-03-04,4726.372512896095,14929.541267501845,1910.7498157700813,35915.475313190866,8932.924120191747,7956.41,10470.534573982848,10069.8,32912.34,1434.87,17716.17,3013.3240970892243,23901.110873148158,880.7342562432138,226.98845308832054,245.451502356037,1952.3866664313825,407.6760671511925,4640.413304939864,1.848710043136821
2024-03-05,4677.765496914432,14681.394492032789,1891.5998894722297,35539.4584139265,8947.58644900825,7932.82,10457.708447363619,10117.1,33146.16,1430.94,17698.4,3014.964429927773,23794.35502595871,880.3252583432154,226.46619561697975,246.14118658113622,1900.3691945914165,408.90765981954314,4627.347012131197,1.8344850507540402
2024-03-06,4683.695751903844,14709.184328837508,1897.5043581979999,35472.10753280117,8970.10863216914,7954.74,10533.178252143769,10197.2,33363.84,1433.04,17716.71,3003.662452392465,23914.410026625108,884.1837254302882,225.8142936279318,246.2276133153175,1926.1543328861105,406.2141887456262,4657.472371947364,1.8248383442024978
2024-03-07,4710.778224333211,14864.249177932043,1904.2199488491046,35432.35294117647,8999.134300421152,8016.22,10559.542054369642,10319.6,33418.68,1425.44,17842.85,2979.382804715749,23751.67487137728,892.0732948761453,225.6637650715772,244.31583168805525,1898.7417594309545,403.0121782417108,4694.602569916856,1.8183578860616052
2024-03-08,4683.874211536702,14704.369686443,1903.9308894780143,35398.747600329094,9004.043728694016,8028.01,10625.013683634372,10305.7,33403.8,1427.02,17814.51,2986.9827858067183,23321.948041221975,889.6582123965821,225.764814269761,246.67603095186303,1907.9241188617827,406.20678688420315,4754.460904601776,1.84126646103963
2024-03-11,4683.970164279504,14660.934425479341,1890.7060815448683,35482.23127259416,8994.05418083734,8019.73,10659.724502827952,10325.7,33315.07,1391.26,17746.27,3001.521575637351,23188.32159732309,891.827314689112,224.44293891736595,241.78182610861984,1941.1223647948887,409.84130826713215,4662.994189565428,1.8377437229676514
2024-03-12,4736.65568369028,14887.095002745742,1890.4265055830128,35699.69796814936,9071.314834328534,8087.48,10729.839445356685,10388.9,33753.12,1395.86,17965.11,2990.3750568536184,23499.66407436381,894.3554952510176,223.0071490131231,240.45559343043078,2001.1355787354103,408.3100727768644,4663.5022372717385,1.867490686257442
2024-03-13,4718.255309431378,14777.59305777575,1892.4046585978535,35664.142498287285,9086.006546644843,8137.58,10755.756248859696,10560.5,33885.43,1399.87,17961.38,3060.2960637169886,23526.424613348772,900.0983484247295,216.6466054253906,239.24059476336205,1995.3638052073966,405.5596512189542,4674.143863574516,1.879803196315165
2024-03-14,4732.592116144445,14819.930166314436,1866.3787558577599,35749.02140953782,9073.29505507382,8161.42,10692.118226600986,10490.5,33786.18,1417.64,17942.04,3084.02398374677,23512.83916289947,894.2490494296577,220.6398731358534,240.4050178101285,1991.5765496025456,406.8015915085483,4664.450625869263,1.8913770913770913
2024-03-15,4699.320415097805,14669.088070529893,1872.8257874919643,35554.01781614473,9041.619376352894,8164.35,10651.459587666483,10597.9,33940.03,1422.03,17936.65,3089.4878051594765,23298.981580205156,893.2659704326597,219.6533942740358,238.5164371322057,1963.513703938561,408.64121903595077,4621.637694694665,1.8606942264085122
2024-03-18,4735.969833532604,14810.493883932679,1862.1723535362826,35675.92200864527,9040.68133926481,8148.14,10603.56686735997,10596.7,33940.96,1422.03,17932.68,3073.3526240936276,23232.324711092402,894.0432906316898,220.07699772479376,245.03909236650637,1966.169949075189,413.1766058708915,4630.392109549376,1.8575558475689882
2024-03-19,4765.792379900608,14878.32689122032,1873.4676974047486,35993.70513528437,9060.18030675565,8201.05,10561.758803138113,10701.4,34262.36,1403.47,17987.49,3040.9222170215444,23327.6749865096,893.3613758947047,217.3509278818293,244.04343582235236,1945.8236460914554,410.42209950401394,4629.326322115384,1.8328020203692972
2024-03-20,4784.450549450549,14990.302197802197,1900.0732600732601,36183.26923076923,9058.572850201956,8161.41,10599.005655902207,10752.5,34293.29,1417.72,18015.13,3108.768440773189,23791.719639599803,901.1401425178146,216.08124669404344,242.1452135225931,1947.9967264655836,410.6006168325331,4641.057170425764,1.8499742117388163
2024-03-21,4826.232678053497,15102.288108282308,1932.2867271304267,36629.409327379035,9186.58586329468,8179.72,10676.573617952929,10867.5,34327.95,1430.35,18179.25,3116.3080037071772,23703.006371547202,905.3283429738007,220.19897980547844,247.86336308981603,1984.956653267337,412.5694626516348,4707.661595233054,1.882506491731584
2024-03-22,4843.3237716295,15202.017211066901,1917.275839733506,36528.08364948645,9248.886297376092,8151.92,10629.438058748403,10943.2,34343.61,1425.16,18205.94,3123.9089047937005,23507.647608560885,900.15639874881,221.34452217148137,249.8452842870673,1950.1767035045211,408.9915396331708,4684.613112283346,1.908072947399843
2024-03-25,4814.938869665513,15118.311418685122,1913.8731257208765,36275.561707035755,9232.241138059702,8151.6,10615.809158912607,10952.2,34639.41,1425.16,18261.31,3129.1780674112542,23539.398772323497,897.3887058983325,221.17729842402505,246.28489594442243,1943.4942132770193,405.96021829395465,4714.198298231851,1.8957453291414486
2024-03-26,4803.895864106352,15062.500000000002,1911.152141802068,36265.07570162482,9245.159410153292,8184.75,10655.318372559752,10991.5,34688.17,1422.51,18384.35,3173.4964781271115,23508.820695278333,896.4795432921027,221.63408733936183,246.0668798538145,1961.673847606681,406.4612669301308,4692.378999427037,1.897358786610879
2024-03-27,4847.370122373585,15146.174093742784,1952.759178018933,36721.38536134842,9259.300764606314,8204.81,10678.44371465061,11111.3,34759.69,1417.59,18477.09,3202.7342901692728,23646.40740740741,905.3946427963649,222.66251163472182,248.78077509917608,1936.3718512831115,400.9929268339435,4719.1321665660835,1.900023447629031
2024-03-28,4870.0991750857365,15181.629437389935,1969.1815738251926,36896.26471406062,9305.663468289258,8205.81,10700.994344097793,11074.6,34750.35,1422.35,18492.49,3197.4434501996693,23681.470732315996,912.9928806133624,225.1619411632683,245.94703649277494,1956.973930943916,404.78889857897707,4769.3782273894,1.8871485419344196
2024-03-29,4867.392311255212,15173.191292264939,1968.0870773506256,36875.757295044,9301.853909585356,8205.81,10700.994344097793,11074.6,34750.35,1422.35,18492.49,3210.6028392807275,23666.81446174879,912.6804899746801,225.07590778650658,247.1043643263757,1956.973930943916,409.0896259703599,4772.1162678269275,1.890407659006284
2024-04-01,4880.876809233491,15262.093358775077,1957.313724577652,36828.6312654163,9291.529384273865,8205.81,10700.994344097793,11074.6,34750.35,1422.35,18492.49,3229.5923883360274,23384.230103487644,914.6776406035665,228.7437631495687,244.30314561914986,1967.4132045624842,415.3005464480874,4769.666294204692,1.8905905988551297
2024-04-02,4833.845582431868,15080.040856121454,1917.489205627002,36371.45642787501,9267.258394160584,8130.05,10577.449370552818,10975.6,34325.23,1393.84,18283.13,3229.5898078740506,23414.99458447304,907.3337668115397,229.15559952658472,244.07357941491807,2008.8890998184688,413.84864240323515,4773.889729468014,1.9036542783059636
2024-04-03,4809.422296050204,15021.650055370987,1916.0206718346253,36108.47176079734,9268.379262027089,8153.23,10597.400109469076,11032.3,34480.87,1383.69,18367.72,3207.1424149418367,23314.75869141251,904.6560016372752,227.70747751299567,240.00395425234214,1973.963896445706,410.5071123301652,4714.380906227283,1.858110705362291
2024-04-04,4749.663190919996,14809.522930700376,1895.2016240657006,35615.92691704346,9304.58469435371,8151.55,10665.143222039773,11090.9,34454.58,1386.38,18403.13,3219.896543226496,23264.443572165368,900.8891765747966,228.7363433197507,242.4969667408469,1965.8086506817112,410.46783812226937,4751.869795149231,1.875487339434481
2024-04-05,4802.380732675094,14993.559103072805,1904.0970748362088,35899.27101596382,9225.842565597666,8061.31,10486.945812807882,10916.0,34010.88,1383.45,18175.04,3257.727033119862,23095.701275045536,906.1587560263463,229.41726252750735,237.30801533686324,1974.8151996788133,410.46783812226937,4718.956442555775,1.8593026441978353
2024-04-08,4790.8555115572335,14968.192282898975,1909.669398655493,35816.18933603462,9257.0446334926,8119.3,10533.789454479109,10911.8,34315.96,1401.35,18318.97,3272.5533561059797,23603.89437916159,905.200664925196,230.20000462963054,238.67665524248585,1968.7095559686566,406.8428425878757,4737.320277338523,1.8558112537558045
2024-04-09,4798.664456111264,15019.471308833008,1916.55153357281,35814.3778207608,9265.284913591779,8049.17,10496.296296296297,10816.0,33946.29,1417.75,18076.69,3235.770369995672,23882.17989262337,909.7746402389355,230.18398191589824,241.34913073818987,1979.2373828258235,407.02487232714816,4776.824078879086,1.8398944418750167
2024-04-10,4803.276247207744,15050.595681310499,1887.928145941921,35798.12918838421,9293.964510856875,8045.38,10486.41671227878,10775.0,34039.63,1420.3,18097.3,3210.6377726087776,23488.998743499676,904.7220521194802,233.42600603508188,240.56772115355395,2034.3107756037052,408.4094711105392,4758.541243520174,1.8398944418750167
2024-04-11,4847.156442289764,15329.293305985457,1904.3445832556404,35855.93884020138,9274.110486891384,8023.74,10459.532931946726,10649.8,33713.94,1416.53,17954.48,3222.9414520225077,23325.83858210048,901.5970306806959,233.99365733627639,239.91137739119856,2037.6575620861665,409.7734723716161,4762.358749314317,1.8604152491701202
2024-04-12,4813.877666071596,15197.867142722916,1882.1478906323405,35688.471295687305,9353.19646721647,8010.83,10380.934136106549,10686.0,33764.15,1400.61,17930.32,3193.647700063403,23119.557236214114,894.5878661801315,233.2573980461349,242.23056415285146,2007.0202602141244,410.9198535711504,4728.51583133481,1.833121437066809
2024-04-15,4764.514307228915,14952.014307228916,1859.6667921686746,35518.7405873494,9332.23595571437,8045.11,10395.739828498448,10687.2,33954.28,1390.69,18026.58,3152.3498756999793,22752.405329847872,889.0360458765701,230.81766636011776,239.37034777303234,1995.247596153846,416.8170823688522,4701.191595160851,1.8288862711794756
2024-04-16,4756.9545154911,14940.436952632075,1852.792164987287,35595.592805348904,9150.901006318745,7932.61,10214.075898558656,10526.9,33393.85,1357.3,17766.23,3077.4841705826548,22173.248839095522,881.838610827375,229.87653628872184,234.15928664901548,1951.3242826177022,410.17597501870347,4589.022515598155,1.7745342037263703
2024-04-17,4705.527967769137,14694.434554483278,1825.1194603204349,35372.72556919329,9157.514585764295,7981.51,10246.150337529647,10633.9,33632.71,1365.48,17770.02,3061.1329613876155,22190.846379298022,882.2925170068027,228.7222523965255,230.38567743893188,1951.012911241964,416.7640644313718,4585.555287591945,1.7438524037034036
2024-04-18,4707.92934986847,14657.553551296505,1825.403983464863,35489.83464862833,9202.698755768444,8023.26,10244.873198321475,10765.0,33881.5,1381.07,17837.4,3066.3463125350704,22231.088676475854,887.357969085884,228.57296354792788,231.33987424440326,1963.578952414049,418.2962679351317,4610.063340773361,1.7808524731996809
2024-04-19,4661.658298531274,14341.898550044578,1827.8447749988268,35649.57064426822,9168.4277751974,8022.41,10305.053822295202,10729.5,33922.16,1392.62,17737.36,3065.6815936779713,22568.300491500202,892.0447567715086,229.43021179604506,224.9634349871036,1941.0813203641887,416.5419088911788,4557.928625207047,1.7702752544225124
2024-04-22,4702.80163311277,14502.144633722839,1846.6094138626872,35890.919329860626,9300.880955140836,8040.36,10333.670862981207,10890.2,33724.82,1420.4,17860.8,3097.425690297414,22804.333021583385,899.8424225815293,231.62946414235202,226.93505076526748,1979.474791553027,413.6176333385165,4630.966550628122,1.780884265279584
2024-04-23,4738.388935613494,14668.386132137182,1871.4512662368004,35981.394262218484,9359.872018615475,8105.78,10462.643678160919,11075.4,34363.75,1447.82,18137.65,3120.4199587865164,22813.515139362346,903.6591204431983,231.69929900060626,226.6410767095178,2007.4709387282821,408.63777948317784,4657.79582929195,1.7832028063305596
2024-04-24,4740.284138704551,14686.185624824748,1865.0621553416206,35948.144686419284,9366.159939425708,8091.86,10372.869914249224,11027.8,34271.12,1448.7,18088.7,3091.2765478695187,22651.298347557655,894.6833543634689,232.5385063942265,231.40146204987815,2054.913508864147,411.75355205706506,4665.836698752011,1.8142645981937024
2024-04-25,4705.177314879537,14550.314553334265,1846.4234120881679,35496.34186122373,9422.509913692558,8016.65,10272.404670680533,10983.7,33939.75,1435.19,17917.28,3091.1768529150504,22510.582966120062,895.1578228971166,233.4404244174876,225.30674809891627,2060.9464986228195,411.9978630415613,4667.253895453027,1.7935942574851933
2024-04-26,4768.99195810735,14894.23976061343,1872.0778006358707,35758.05124368805,9508.036444340614,8088.24,10348.768472906404,11154.6,34249.77,1454.98,18161.01,3151.3752769461976,23126.934079090468,899.9897404329536,233.64253104776125,224.03519858260745,2111.204803425551,417.81557281854083,4628.488514173998,1.7983535194199405
2024-04-29,4772.101483070609,14908.19886204645,1880.4495849267792,35804.57979666076,9546.554956644011,8065.15,10337.858055099436,11100.8,34296.31,1455.48,18118.32,3171.59553667653,23203.177524118393,899.5425372115254,234.70721708033298,226.33429790280724,2116.5447205376363,420.8753296834394,4677.771789061064,1.8250989819964822
2024-04-30,4721.475786414138,14680.81196380854,1850.743050021096,35456.293657118746,9537.568801967444,7984.93,10272.678343367998,10854.4,33746.66,1448.48,17932.17,3103.4339765086906,22731.846449621356,885.5130647795318,235.88576455618553,228.17728663517812,2124.052948773138,421.410398337509,4651.252920649371,1.8220618891626281
2024-05-01,4685.267482027823,14569.58267201942,1848.7816263654188,35387.25609186818,9498.526315789473,7984.93,10272.678343367998,10854.4,33746.66,1448.48,17932.17,3116.380892108843,22633.78598197194,884.6639940205206,234.86265163688648,231.29109257916366,2125.196511252288,419.62017972486876,4610.169305724727,1.8220618891626281
2024-05-02,4720.984431807588,14767.372051831824,1879.472359466766,35634.9958049781,9548.5774376351,7914.65,10225.898558657178,10872.0,33736.4,1452.24,17896.5,3110.8589337563326,23181.636653749716,891.6342810390674,235.49145353405666,231.99387191699785,2179.176665609422,419.0151271322819,4642.496558054153,1.8176245885428661
2024-05-03,4765.6040892193305,15015.17657992565,1891.9330855018588,35943.9405204461,9577.297108208955,7957.57,10283.661740558293,10854.7,33629.21,1452.24,18001.6,3129.0360739771195,23545.016489556612,893.5420344968085,233.61599990084483,232.26162490508733,2196.703028861873,417.72980465641604,4686.693697014375,1.8096831771530568
2024-05-06,4810.790231219241,15181.771752251836,1913.5202897204942,36077.880954591885,9581.207349081365,7996.64,10333.570516329137,10917.5,33986.9,1452.24,18175.21,3151.0246628692757,23498.390342052313,906.6693847042436,232.0499623617173,230.7130272129367,2204.9562647613843,424.1058834895179,4726.175330667487,1.8096831771530568
2024-05-07,4823.972475358007,15187.427933792078,1919.890273386647,36157.95982890087,9668.744548467756,8075.68,10502.618135376755,11080.9,34242.49,1452.24,18430.05,3142.526663563117,23691.829550038507,905.2396274343776,229.90118764613644,233.4190833959429,2192.2261106827214,425.03590450368057,4780.72631352943,1.8603113264028739
2024-05-08,4827.08662882665,15169.59151391086,1912.2918023634502,36341.66744207686,9714.576428862143,8131.41,10584.026637474912,11153.0,34151.41,1473.53,18498.38,3142.5416043638065,23662.445175438592,904.2853268239762,230.8063061164511,228.5856095736724,2179.339315039151,422.3401241404177,4777.631538673441,1.8805576488319518
2024-05-09,4835.911704693007,15160.69374884066,1923.2331663884252,36531.0332034873,9735.567429434313,8187.65,10584.026637474912,11050.1,34339.32,1477.22,18686.6,3198.149425897422,23123.030439684328,908.9275421286405,226.11553993430155,227.1378374347502,2201.0781095088546,424.6835727541853,4740.960275066003,1.8493586902415906
2024-05-10,4848.834834277226,15171.172593073998,1912.338687215672,36684.46755175935,9805.55749331473,8219.14,10722.222222222223,11105.5,34657.35,1484.06,18772.85,3194.4295934214215,22963.81747667168,907.5988048349858,227.46627109290986,227.90693931083817,2254.9233641303704,424.8291366906475,4749.762481228356,1.8489774337213007
2024-05-13,4839.353074748598,15189.063441308681,1911.2285091987578,36546.188423930675,9795.122802933302,8209.28,10735.34026637475,11152.0,34815.91,1476.12,18742.22,3184.1041661151266,23057.09633601108,904.2962259672443,227.74827789307227,226.52383636417576,2264.5894667006287,422.85794832038033,4746.447819696227,1.85048650409152
2024-05-14,4849.0573012939,15259.870609981515,1927.6247689463955,36560.17560073937,9808.70526622054,8225.8,10749.927020616675,11239.3,35151.42,1471.78,18716.42,3138.5740021222978,23151.357388625678,901.618364030336,228.96279327068012,226.61699802073792,2255.44210246253,421.2997566070641,4730.356607181119,1.846983298044336
2024-05-15,4877.021315692759,15382.570746049247,1938.1293642043368,36666.666666666664,9843.589743589744,8239.99,10855.008210180624,11362.8,35366.2,1493.65,18869.36,3163.723916532905,22894.778254649504,900.2532842524737,228.4476738397711,227.7138874058255,2249.3245673516317,416.1968514959848,4768.425940161742,1.846983298044336
2024-05-16,4874.482377841171,15366.080795067635,1929.0052452378761,36688.48808318763,9837.549545348566,8188.49,10898.248494800218,11299.3,35410.13,1491.71,18738.81,3168.388004250089,23014.226511903267,900.9865531454826,230.74667451027815,230.48833353073553,2284.9007989151264,417.21606118546845,4843.325241972654,1.8467833903535251
2024-05-17,4877.915746872701,15347.654525386315,1927.6306107431933,36795.06070640176,9836.752336448599,8167.5,10981.563583287721,11327.7,35398.82,1490.46,18704.42,3186.801437138474,23092.504662624222,907.3455872415191,232.57264939769294,229.18565350980853,2304.817416723638,420.9440748639271,4810.784621540924,1.8579572576135728
2024-05-20,4889.131435939947,15469.162752141474,1936.538638666298,36664.61269227226,9858.630778232884,8195.97,10981.563583287721,11339.5,34825.01,1502.79,18768.96,3192.426277745794,23054.943468413596,907.6522679645777,232.90098825483534,230.30257302013027,2317.669137434493,423.1886087471277,4829.54030400737,1.8610462590943642
2024-05-21,4902.492053986825,15507.503800267168,1933.1613616472428,36734.06421299921,9855.327868852459,8141.46,10948.275862068966,11334.9,34603.61,1496.35,18726.76,3142.6185941444837,22915.549320599635,905.8335301460913,234.42853892414362,229.7889551005959,2267.7190809072945,421.39988415980855,4822.022354602959,1.8494470355811725
2024-05-22,4903.4556038067085,15523.921278758202,1923.4131017278019,36654.38418183498,9834.719774409588,8092.11,10909.204524721767,11329.0,34460.52,1480.09,18680.2,3129.8094894761653,22539.733792559105,902.0307650789367,235.75171562094016,227.57440037715833,2269.587065117791,422.4710355739294,4800.062385321101,1.838523489026753
2024-05-23,4871.089740626011,15475.546719681906,1894.1328771556703,36123.0385131074,9791.851112546234,8102.33,10916.575442437512,11311.1,34467.67,1481.65,18691.32,3092.4134132340546,22419.4339843083,895.1373922413793,238.69132436333877,230.39842092858828,2231.834499399717,417.1227192052811,4771.87685165389,1.8444320961719602
2024-05-24,4890.495067760671,15599.511385636582,1908.0575274269383,36018.79782428321,9767.015030530765,8094.97,10884.601350118592,11246.0,34490.71,1477.69,18693.37,3060.13734223177,22181.78249270604,900.9108082579949,238.441793823461,226.92293238601331,2195.8746828721455,412.1326290332846,4721.885674131557,1.8215706607565252
2024-05-27,4885.315651333057,15582.990284109224,1906.0367454068241,35980.65110282267,9780.79727187206,8132.49,10910.937785075716,11325.5,34761.97,1481.23,18774.71,3062.9589021423026,22169.616781822067,903.1037860110101,238.1069295109043,228.36021016173058,2220.7170280901855,416.3035187633479,4771.8046748154275,1.8320471503253022
2024-05-28,4887.206410610665,15676.41153173068,1903.7026802984246,35785.99981578705,9702.80945104032,8057.8,10814.176245210729,11276.0,34659.55,1471.63,18677.87,3025.9701235557604,22087.92012776702,897.229253147042,236.82539754013192,227.74380165289256,2215.948666627421,414.416750891512,4756.820701270862,1.836338989452103
2024-05-29,4875.9026106276615,15664.3029068691,1885.0120348083688,35587.42825402703,9621.481481481482,7935.03,10758.739281153074,11145.1,34150.54,1442.21,18473.29,3012.1527815663535,21832.873690016546,881.9516145358842,236.04765553148192,226.40557839107458,2186.4343401473243,416.4789415881287,4691.167344940485,1.8141224141319006
2024-05-30,4832.899473829963,15450.087695006003,1898.4584141050493,35180.91018185175,9675.051425213045,7978.51,10842.848020434227,11338.2,34447.57,1439.91,18496.79,3002.8877384228704,21769.737075541994,890.5513936694338,233.128862544752,224.01253863134656,2151.2198575701973,413.68715975160666,4671.565313246371,1.7878905057494658
2024-05-31,4867.204648160103,15433.938946785944,1909.185649727935,35678.61293000092,9725.44364790222,7992.87,10947.692027002373,11322.0,34492.41,1431.84,18497.94,2988.299007316505,21468.74148314212,902.1790620558977,233.22192185541516,225.636230397186,2128.7535102230645,412.1023407452688,4725.693511274735,1.768183007061948
2024-06-03,4845.377842993396,15433.483125458546,1888.9214966984591,35373.2850330154,9703.758073987081,7998.02,10953.329684364167,11397.2,34670.06,1447.41,18608.16,2684.850683422945,21327.48435806914,890.6466590404414,240.5265134582493,228.64965047288962,2164.897978389888,408.6717023661034,4760.911572554673,1.7893367663440436
2024-06-04,4863.363970588235,15493.61213235294,1869.4301470588234,35580.22977941176,9658.617857561892,7937.9,10955.062944718118,11286.4,34276.02,1424.69,18405.64,2752.8812659040937,21176.34479641156,884.3254501478098,223.57479148999678,230.46886033884226,2169.7931862030023,411.4106527355478,4725.380645555318,1.7714856097155216
2024-06-05,4925.9637501150055,15813.69031189622,1898.859140675315,35704.60023921244,9702.29411764706,8006.57,11083.762087210363,11353.1,34507.84,1443.74,18575.94,2857.6438235871838,21087.90731605642,889.8384225200713,232.32590652390456,226.8397571900047,2170.6301615164402,407.94917201414137,4751.827273005291,1.8002008032128514
2024-06-06,4915.482093663912,15769.623507805325,1881.9467401285583,35708.14508723599,9730.859122673086,8040.12,11166.98595146871,11444.0,34834.3,1452.85,18652.67,2781.409870214743,21468.726799486423,892.3960502451804,235.02860495748772,228.38645147965656,2174.6622098771245,405.1166681453504,4787.489900844657,1.8002008032128514
2024-06-07,4949.999999999999,15861.072023699315,1876.0877615256431,35918.3391964451,9711.289087804018,8001.8,11179.310344827587,11404.9,34660.38,1458.37,18557.27,2666.8807796666483,20916.59666594501,885.587463850965,241.22141107629923,228.51363085920192,2174.581468589425,408.58347170775323,4790.200201115276,1.8225127350375858
2024-06-10,4979.832791453785,15970.766372503482,1887.23641430562,36105.935903390615,9730.936613055817,7893.98,11072.559751870096,11357.2,34542.01,1458.84,18494.89,2704.9396357266883,20948.461298268743,890.2180517113346,242.57290958937568,230.9267080745342,2189.7741904716486,409.986926764246,4826.379294464401,1.8334023389510694
2024-06-11,5004.953445065176,16148.556797020481,1884.869646182495,36077.67225325884,9665.255041518387,7789.21,11013.428206531655,11175.5,33874.48,1448.75,18369.94,2661.3990386036157,21097.791962256953,885.068516325495,243.30485757947739,231.96485092762728,2169.816996741038,407.4313657541104,4772.979044219466,1.8239259998381923
2024-06-12,5015.292811545934,16290.53566472384,1903.1362753261171,35814.793227865666,9727.066066777172,7864.7,11099.790184272942,11245.4,34358.83,1451.24,18630.86,2613.9814944568243,20499.427418941323,884.1984629904273,243.49570823007392,229.49651711924437,2117.4962372731297,406.9069510379595,4756.781750924783,1.844105718534541
2024-06-13,5060.761851541399,16454.83840923908,1898.9568780851262,35994.318710999345,9702.483955312573,7708.02,11034.473636197774,11066.1,33609.85,1438.44,18265.68,2648.4292514677004,20760.048615331194,877.7514231499052,246.06935630395336,229.6451574639701,2152.9975335056906,407.7706433799923,4789.826014400939,1.8492297365329753
2024-06-14,5075.313025602692,16528.574098299385,1874.565501775369,36057.89572042609,9657.254623044097,7503.27,10987.58438241197,10992.3,32665.21,1406.91,18002.02,2642.4066709169474,20797.830923248053,879.0979285009694,248.43388783749958,230.4423664915249,2148.896314661109,409.4164917386768,4774.8661680163195,1.8733539339196577
2024-06-17,5098.728399087055,16635.166984955053,1883.6555032838044,36124.73799431739,9636.250665719865,7571.57,10950.118591497901,10959.5,32908.05,1404.11,18068.21,2634.0059288408397,20477.466483327604,874.9253326092859,247.80632130629112,225.03877388299915,2142.7136158647672,405.8889987289931,4743.755428923456,1.8607095391792563
2024-06-18,5108.966480446927,16631.499068901303,1885.6890130353815,36159.08752327746,9692.687255946043,7628.8,10989.427111840905,11067.7,33315.68,1422.32,18131.97,2692.4700402329518,20489.218490417385,875.1985339034819,249.45781333630052,226.9527600849257,2136.6062217875865,407.70731456881396,4820.490223420408,1.8649932523616735
2024-06-19,5107.064408041697,16625.307148175725,1884.9869694713327,36145.625465376026,9713.637977980348,7570.2,11001.860974274767,11056.4,33220.31,1426.2,18067.91,2693.7797423591815,20585.638479972615,871.2835658756832,247.82402280959158,227.0537748344371,2196.408120460247,405.7376628706269,4824.55152286628,1.8866968826298678
2024-06-20,5114.156232479911,16559.138478789013,1885.0588675014017,36567.70697065969,9784.104080425781,7671.34,11063.820470717023,11160.5,33675.15,1421.71,18254.18,2712.604374404601,20654.891234448285,878.9488054607508,249.2166943800049,227.15952254953842,2191.2018834327237,405.46453713594417,4831.715174129353,1.8920869612098015
2024-06-21,5110.464790049566,16542.934630131866,1890.9847563826804,36613.04591789022,9742.439832061971,7628.57,10958.64805692392,11032.3,33308.77,1424.04,18163.52,2723.718644613499,20895.480493538027,879.0235575281666,248.85534983028097,225.86885533707868,2162.2374938533685,404.7964348733272,4841.7849268701675,1.8797961043783546
2024-06-24,5075.340040991243,16300.372647661636,1891.9414943171232,36716.238121855786,9790.80215168174,7706.89,11090.394088669951,11172.1,33834.91,1424.04,18325.58,2721.6165018981847,21185.93442283108,890.2200238785604,248.75651392462413,226.52374419894343,2151.7915970398662,398.6869970351546,4796.984865401315,1.8609690099889609
2024-06-25,5104.577908441832,16536.142610481125,1887.488916888329,36503.95258761492,9764.742792872788,7662.3,11025.643130815544,11118.9,33707.21,1420.06,18177.62,2712.72914608211,20944.28845363649,889.8243695756166,250.25447235984697,228.92210144927537,2162.6967744251583,397.4029311796038,4862.327326861645,1.8602213982553655
2024-06-26,5128.879734094846,16670.71766303076,1889.5370066944433,36634.80174149151,9720.314346490191,7609.15,10961.247947454844,11030.5,33541.98,1406.24,18155.24,2678.4288201091426,20801.46884222667,889.5517288506218,251.37314467949324,230.94474848625993,2168.718305300133,401.50879702106005,4844.391883480643,1.8802063341346962
2024-06-27,5122.501985331901,16684.897463446538,1904.3677301817163,36589.95655626664,9660.088573959256,7530.72,10950.839262908228,10951.5,33186.89,1400.43,18210.55,2650.5807254482493,21106.681382120725,893.0278544884253,252.33087519451362,228.65012205044752,2118.004232070487,396.9384017223097,4818.730671303483,1.8756088523596186
2024-06-28,5096.10825944937,16549.323378441437,1911.0499300046667,36508.502099860016,9634.31673353788,7479.4,10941.278963692757,10943.7,33154.05,1404.26,18235.45,2668.7440520720415,20674.70361996613,890.192734095173,252.57097383526965,229.65351589695985,2117.5259333620156,399.5055798841644,4833.691154049598,1.8814312708883913
2024-07-01,5097.849162011173,16647.392923649906,1890.1955307262567,36470.68901303538,9619.26972909305,7561.13,10992.163838715564,11057.0,33716.54,1420.83,18290.66,2681.267016503156,20513.0140872869,884.4602609727165,253.5375542434391,228.53305654066833,2113.812438113644,402.1828802746535,4806.635038759689,1.8892511873884192
2024-07-02,5126.806570192174,16777.962868177376,1892.7644130100973,36603.08966544135,9587.061740054301,7538.29,10956.960408684547,10912.8,33481.4,1407.03,18164.06,2647.5240440113325,20452.375293992314,890.7946659409444,252.71781655188389,230.98469696533041,2116.747175250609,402.125835103796,4788.707305723592,1.875714979494928
2024-07-03,5132.8111239860955,16860.53302433372,1887.9443800695246,36438.47045191193,9653.399491995982,7632.08,10963.601532567049,11056.8,33844.95,1423.56,18374.53,2692.306240932583,20967.238142910774,901.6146028077094,253.59793991625878,232.6678324685377,2130.2632826200293,398.7094635091881,4810.6768599664365,1.8737785944698917
2024-07-04,5121.180170181281,16822.327044025158,1883.6662967073623,36355.9008509064,9726.495928242653,7695.78,11009.669768290458,11066.3,34106.01,1435.81,18450.48,2691.766203425615,21257.803351334045,901.4982164090369,253.8044218626865,234.6571649794959,2136.026824326726,394.5635021634004,4873.402196571357,1.8845245560432817
2024-07-05,5136.731869348588,16933.714707510608,1870.0221443070675,36331.306514116994,9700.183269287614,7675.62,10952.508666301768,11023.5,33987.67,1440.52,18475.45,2666.5083740529194,21338.814483079135,889.9621212121212,253.984373788384,234.85186992336617,2104.9431771147456,392.56358339310316,4871.734811447078,1.9157653074884207
2024-07-08,5148.60495195861,17002.716186252772,1883.4719142645972,36349.58425720621,9694.71691415725,7627.45,10994.033935413245,11022.1,34046.54,1450.92,18472.05,2713.896825356115,21372.25032299469,893.4954942746799,254.13034290482483,234.25740299279084,2070.8511329729095,389.39193654990083,4831.916721127813,1.9144007449238667
2024-07-09,5157.185130386536,17042.065840577034,1876.7061216941004,36334.35361568338,9624.93792124867,7508.66,10980.988870644043,10898.8,33864.47,1451.22,18236.19,2751.6296131958165,21676.040245566168,891.5841584158416,255.48412920969963,238.3364094921472,2073.9391070213333,394.47517324686885,4880.445677242411,1.9196748968989341
2024-07-10,5201.892802733022,17217.533816536634,1894.4185402335995,36675.46281335118,9720.042707159382,7573.55,11084.82941069148,11071.6,34306.4,1444.31,18407.22,2809.670297816392,21690.175184348496,904.047183241814,254.0192430522501,238.88296262456097,2066.528280462707,391.019434415984,4869.977571490873,1.9168237291307428
2024-07-11,5138.989601545964,16824.707831048127,1955.498297598233,36582.08337167571,9771.078897338402,7627.13,11180.24083196497,11170.0,34318.11,1445.91,18534.56,2711.6511960522125,21705.497703298282,907.0261879049676,253.48319033372928,244.64219705089948,2099.2795338159985,394.7516876366748,4907.079238711283,1.9262568120344832
2024-07-12,5148.154939261975,16867.70570708228,1969.5347238138895,36672.83978913591,9831.330037524569,7724.32,11280.040138660828,11250.6,34580.52,1452.28,18748.18,2858.8192574149516,21767.075055094443,908.8102764140157,253.52516217240822,239.17477644872838,2147.740534194306,393.86095796874207,4950.275834188513,1.904984164027338
2024-07-15,5168.86502363578,16955.86763963468,2007.4533021249254,36910.10142732572,9740.45946911082,7632.71,11202.207626345558,11143.0,34375.92,1458.52,18590.89,2810.021854349864,21799.086373137347,909.52269144333,254.95835586968514,239.25813197026025,2114.001079533454,394.19161108828274,4974.932985852569,1.9094312925896513
2024-07-16,5199.743095696852,16982.603908615467,2076.9520139462334,37576.36480411047,9714.336704342652,7580.03,11184.938879766467,11090.5,34369.19,1449.4,18518.03,2822.6254612613166,21819.69360249444,919.7423164675881,254.87209246140483,239.15105162523903,2087.056538246461,393.85256248422115,4942.4164349706525,1.9032911426028982
2024-07-17,5108.574824024134,16452.07057317853,2047.4174970289787,37661.64183197732,9737.123149194267,7570.81,11251.532567049808,11105.2,34379.64,1446.92,18437.3,2773.508997362975,21584.403241404612,910.9025318992585,253.76725871353435,240.5624560992742,2078.1876757263353,391.0212508812569,4957.486157253599,1.8817896025679208
2024-07-18,5088.180233091677,16400.128475727266,2017.3350463430304,37317.62870514821,9747.998099085184,7586.55,11172.787812442984,11147.5,34529.13,1457.74,18354.76,2709.787173173398,21123.262509928518,908.6209782717868,254.80902137924326,234.02064561280727,2085.566308874421,394.5213098797191,4946.299430681644,1.8685742639761826
2024-07-19,5060.207739681956,16294.641051567238,2007.8591782332933,37032.383491129694,9686.703485955222,7534.52,11105.126801678525,11087.5,34215.84,1464.39,18171.93,2731.8494693154666,20962.474436788027,906.8268522856571,250.8936910320274,233.8126057776481,2047.6693196647113,395.3114627654531,4897.012624013269,1.8585722928814103
2024-07-22,5109.1818933064,16534.35864475255,2038.9771370856672,37109.025801120195,9734.956067442414,7622.02,11217.606276226965,11143.8,34615.05,1482.43,18407.07,2764.190508167136,21042.51800041144,911.3854778430326,251.80159725994528,231.5392486478585,2075.2610862364163,392.2184145256262,4837.434208520111,1.8286132101689982
2024-07-23,5119.082281396849,16582.834239380816,2066.9584446696767,37186.114438404125,9713.230659451745,7598.63,11201.258894362341,11212.7,34637.75,1480.23,18557.7,2727.0564221301483,20880.619541282136,909.8602847783942,251.7556290387204,234.47363278358452,2062.9122728292577,387.0772855080174,4858.502422820224,1.8345445528186475
2024-07-24,5006.808432123253,15999.271184095207,2025.3424973476635,36767.25863739102,9708.507471572304,7513.73,11132.247765006385,11210.1,34471.65,1466.73,18387.46,2670.0271078377705,20626.818185526303,903.0064136825226,252.58270970912136,234.69909488701072,2042.312592907199,386.3989991045288,4834.835321616125,1.835676689978241
2024-07-25,4978.07486631016,15841.526830167804,2049.5851004978795,36820.090355891574,9700.041471651164,7427.02,11043.185550082102,11145.6,33771.07,1463.82,18298.72,2645.007817813221,20572.66758134065,900.7736427904495,252.33987155174097,226.80427621728455,2006.4742980867372,385.8211096024021,4739.5164742411,1.8053548236704517
2024-07-26,5027.25849525739,15984.786812782024,2081.2874113638454,37378.5247260337,9819.518843327802,7517.68,11167.204889618683,11165.9,33812.44,1469.25,18417.55,2636.8391625148515,20759.68638817198,906.9617304492514,256.17349649135525,225.66821436060275,2008.2719807447263,384.89813544683227,4776.903965023368,1.817691872650454
2024-07-29,5049.0158026060435,16052.305701875981,2065.733296368173,37464.125311893535,9855.419538863798,7443.84,11142.948367086297,11117.8,33640.83,1468.01,18320.67,2604.67937599723,20889.164952694362,907.8185456971314,258.1191382266446,230.80716385672287,2040.4990471230217,385.8620316567275,4835.296396042,1.8390522549841068
2024-07-30,5026.526744024779,15854.486616430122,2074.0049003744625,37671.2403494984,9819.509879546667,7474.94,11204.178069695312,11202.6,33908.02,1460.46,18411.18,2578.3435661420503,20779.73082055253,910.6415648574672,258.8490582708974,233.17264336510817,2013.918533170668,384.8453936882372,4807.737040955116,1.8310875423802486
2024-07-31,5101.196249595862,16257.355318461043,2082.5643157359937,37728.31739873447,9937.628406864202,7531.49,11236.489691662106,11065.0,33763.86,1478.17,18508.65,2634.008364298436,20868.537424696948,923.8050640532496,259.66933937502404,240.8266559911311,2051.789812383183,394.129802002367,4889.4601371559775,1.8501979953389291
2024-08-01,5047.194551267201,15933.049159060372,2025.8166149284157,37388.65773988787,9778.491323338449,7370.45,11236.489691662106,10854.3,32857.43,1474.44,18083.05,2575.438120675051,20535.010799832362,907.03933747412,260.1829194417161,236.5377051214443,2051.675548784464,393.1757858718941,4888.814651926379,1.8595347280334729
2024-08-02,4901.0541754514625,15378.274818956825,1933.5502795856632,36426.12521771015,9589.665082996069,7251.8,10833.351578179165,10672.9,32018.82,1430.9,17661.22,2496.638246239323,20136.978191651066,878.6509430845969,254.43430324747092,224.5759849906191,1986.6245398485307,389.80621048050585,4739.378878281623,1.815917325986945
2024-08-05,4735.077147813385,14790.541404181504,1861.7365105450563,35335.771021637906,9341.767279090114,7148.99,10530.24083196497,10423.4,31293.52,1341.23,17339.0,2443.9352959779476,19978.88390934754,878.3027901601453,244.88013847789898,199.17956185893374,1954.0758770800664,383.93383011958724,4538.341787547091,1.6305480238817134
2024-08-06,4793.51415633719,14972.19045876595,1888.395920047569,35674.5734803092,9319.273191686985,7130.04,10500.328407224957,10390.5,31107.13,1367.78,17354.32,2447.5114844682344,20397.673761156657,872.8159527522479,244.58960221356352,219.78487671927488,1953.0077018283778,384.14796257477377,4581.331345064122,1.6919573077877732
2024-08-07,4760.5749862662515,14828.611975828602,1863.3125801135322,35491.164621864125,9489.751336277017,7266.01,10803.849662470353,10599.0,31831.64,1394.29,17615.15,2500.9091038562146,20719.144027037568,873.6807080588276,249.30811370468143,219.0089876419923,1979.4012959216584,383.73561605388716,4596.484493925917,1.7127186401797803
2024-08-08,4871.832211384348,15258.524522599258,1909.0717589412466,36128.121994779496,9510.707613264829,7247.45,10789.481846378398,10558.0,31741.91,1382.46,17680.4,2565.7466965311637,21233.799562652144,889.9983324995831,247.56692987219157,216.59142492926657,1986.7014801616008,383.90861810408086,4638.328704262771,1.6995692463139982
2024-08-09,4895.488480740164,15339.440296798424,1906.2153620665965,36181.505061145974,9549.982462293932,7269.71,10824.603174603175,10638.5,31782.23,1383.31,17722.88,2580.032924252335,21726.732870901742,893.4885582760693,250.13634959859763,218.81052039732617,2006.3429638064827,383.4117226042279,4682.821963995424,1.720755996383556
2024-08-12,4888.981384073549,15350.692951562,1886.3650917074508,36003.30238302154,9587.493431424067,7250.67,10831.700419631454,10646.2,31928.32,1398.2,17726.47,2543.145443561147,21815.563541978634,893.3732734231985,249.73950514789223,217.66149830655937,2009.1524448593084,381.93756494355097,4708.040249450185,1.7518047944976347
2024-08-13,4943.536796143,15635.049577003549,1905.9310470299283,36173.60138269808,9634.10154422087,7275.87,10881.353767560664,10723.8,32006.45,1403.17,17812.05,2567.394205518963,22081.790586744053,899.9668104878858,246.1246462672277,224.4680481987424,2012.5458487138924,382.1466484442043,4723.334238556471,1.753230250662101
2024-08-14,4953.652667423383,15611.895573212258,1892.6855845629966,36329.97956867196,9645.390483955505,7333.36,11012.433862433862,10753.0,32328.03,1423.05,17885.6,2595.438085368004,22116.95712401603,903.3464632087649,245.18404700235493,224.606656394453,1990.110707972835,380.04070470012084,4702.706960584641,1.754822527024068
2024-08-15,5052.150929639082,16035.81844695589,1946.2905577834488,36969.61356179366,9778.994845360825,7423.37,11083.944535668672,10885.6,32328.03,1423.05,18183.24,2652.7305835624807,22299.620176364497,916.5333421847511,246.14770132300598,224.22320583656403,1998.2644241999533,383.09080862037206,4740.251913457482,1.754822527024068
2024-08-16,5036.269664958969,15987.414426259236,1942.168019222922,36867.896812803185,9755.748576794413,7449.7,11119.074986316366,10949.7,33040.81,1431.88,18322.4,2630.545561726681,22181.371087928466,916.0242601000896,249.2107313525123,233.82891018552644,2034.189949349952,381.9257515645071,4820.162060833282,1.8056165484000537
2024-08-19,5059.086193676425,16126.264038608995,1955.2568670786163,36891.91285914032,9793.671627797963,7502.01,11197.993066958585,11102.5,33266.32,1432.28,18421.69,2613.545593489211,22629.855248793738,916.9803830758543,248.91353821691845,230.0767361004277,2037.6776632820518,383.181301326595,4846.591764848779,1.7835725337459316
2024-08-20,5028.6330353533085,16007.313238398992,1924.6125510983334,36687.45339382777,9687.728337236533,7485.73,11190.074803867907,11087.8,33075.62,1425.51,18357.52,2553.142986919894,22316.360833702303,910.3423257041093,249.71131084794007,235.42860677284673,2023.1159378429902,378.453477094381,4845.915535627726,1.818336907121954
2024-08-21,5040.895027128828,16070.122416035154,1946.603291332227,36671.44074256759,9727.473430802655,7524.72,11175.068418171866,11114.9,33312.41,1432.53,18448.95,2505.597327349454,22308.180213169424,913.3320139850913,249.85086666052106,234.27760116052966,2005.3630833981954,376.34362645581797,4844.718618645861,1.8223174228369035
2024-08-22,5012.949381327334,15855.433070866138,1934.785151856018,36636.92238470191,9763.222994463424,7524.11,11225.55190658639,11156.3,33310.93,1436.11,18493.39,2456.28292572808,21780.205438066463,912.325688982883,251.2984661763598,235.06511642213405,2035.2455943007126,376.0491712428837,4843.712285783249,1.8215191491365568
2024-08-23,5034.722780681766,15974.435955859357,1982.4867086628242,36791.38631997498,9831.509356000237,7577.04,11263.875205254515,11278.1,33650.17,1432.6,18633.1,2501.358210874572,22084.096701435537,922.4144203737391,249.66461217413018,237.41000649772576,2020.5356477046537,375.1702429175184,4870.643438144955,1.8193321167145906
2024-08-26,5032.334363660799,15881.162926129999,1987.116427003539,36948.904717107915,9839.0595463138,7590.37,11270.160554643313,11265.5,33604.8,1437.68,18617.02,2455.3088916749202,22316.20218289711,928.5904078650193,251.75717769303253,236.23989585916195,2042.9427361316757,376.4982639762492,4904.7503488442635,1.798781260208946
2024-08-27,5029.99687066923,15874.487013277305,1969.690196253744,36881.84541105995,9893.847065797272,7565.78,11217.588031381134,11326.9,33778.8,1432.46,18681.81,2374.0433011285622,22196.85326885158,926.4782174925175,251.48911695638296,237.78059307560937,2051.5060915074687,374.6908196495015,4901.736305113567,1.8191872932549535
2024-08-28,5028.712737736613,15787.086911559732,1968.1129445618453,36951.05435906659,9897.805456702254,7577.67,11265.00638569604,11332.0,33880.05,1425.36,18782.29,2400.208256572097,22192.68990256435,924.9683143219264,253.07052093258687,238.6229283915301,2038.018937474082,375.3066633013629,4924.887424492038,1.8078636959370906
2024-08-29,5048.034303768901,15812.620176032497,1988.6978108779056,37314.421123899796,9961.531145981931,7640.95,11327.969348659002,11358.6,34192.06,1426.91,18912.57,2416.7584604119575,21824.41505105519,932.6973287808797,254.29481100103712,238.86261324367237,2060.641027869014,376.3202075702076,4936.705427545792,1.7930347052445128
2024-08-30,5112.830957230143,16034.052953156825,2007.359131025119,37622.15885947047,9955.585928214878,7630.95,11345.183360700603,11401.9,34372.67,1431.19,18906.92,2385.635944785051,21940.375556559335,939.8826094247863,256.1533525483175,239.31977212211282,2083.4427805380865,380.2770153826515,4954.601396032329,1.8074791494883684
2024-09-02,5101.517341040462,15998.572976878613,2002.9172687861274,37538.90895953758,9933.891561256607,7646.42,11358.76664842182,11395.3,34320.6,1446.17,18930.85,2391.4696226832843,21686.817294012686,937.8380187416333,255.7598521906607,237.9029967727063,2049.876314341164,373.85318190470156,4974.176889106967,1.8184284599993217
2024-09-03,5006.5015620048,15517.091501788384,1946.1312084031333,37068.80065196723,9854.482840517752,7575.1,11264.54114212735,11279.2,33863.43,1446.09,18747.11,2359.9798903116225,21547.239106378205,926.4951553625126,256.558807437391,240.80364756776942,2049.6626760645154,373.539154041287,4924.16079241614,1.7986634715987715
2024-09-04,4980.888788630724,15415.565080081209,1935.682382133995,36972.67764493571,9809.145365043592,7500.97,11107.617223134464,11213.9,33682.26,1435.79,18591.85,2344.8568163560867,21774.41828842016,926.4989811938405,255.2005497758013,232.56503452605148,2018.854767177625,370.1967052972781,4824.039803409988,1.7422887117135972
2024-09-05,4953.341433778857,15415.741865802618,1918.9505422798254,36682.19252058863,9775.483335310166,7431.96,10975.497172048896,11273.5,33684.8,1446.56,18576.5,2339.6360398695897,22039.63833050779,922.1822302206226,254.6503255779188,229.9908397904445,2019.6941102916487,370.79991878997055,4842.806527937875,1.731533336470778
2024-09-06,4879.043752819125,15057.131258457377,1886.7027514659449,36396.40054127199,9687.371973240186,7352.3,10863.200145958766,11173.0,33291.39,1443.13,18301.9,2305.6723935988953,21680.747543096502,912.7429805615551,252.16930323506278,230.72002789577127,2012.7380451023716,368.8773789601613,4822.119388614755,1.7143126659210046
2024-09-09,4958.13131541982,15301.644841179934,1901.1101545153836,37001.758122252926,9798.992950654581,7425.26,10929.246487867176,11272.8,33590.34,1434.17,18443.56,2330.3506733201175,21863.339120839893,929.0307486631016,253.6913915255875,229.22086141966517,1997.092091510858,365.35514322294625,4821.694935715579,1.7190298330407194
2024-09-10,4987.08652842688,15450.682880348475,1903.3894459821227,36968.065701710606,9740.035608308604,7407.55,10914.714468162743,11203.5,33213.29,1426.1,18265.92,2300.4807833342884,21536.966665063257,924.0524052405241,255.50232859485445,230.34980092371399,2006.0399715985145,366.52350669708284,4836.496332739731,1.7067847166327352
2024-09-11,5043.706865237923,15796.885216127861,1910.5067199418818,37106.52924082819,9705.010067511548,7396.83,10876.582740375843,11278.9,33174.42,1413.54,18330.27,2347.5560238828584,21597.010856492245,935.5451505016723,254.48057768542995,227.2031254983256,1992.4546539726903,363.81712784342733,4841.297009000273,1.6965149950387783
2024-09-12,5052.833085015124,15864.987132601922,1922.822700799133,37109.36836877511,9766.496800189618,7435.07,10930.797299762817,11400.2,33453.78,1406.91,18518.39,2403.6669979430053,21502.675212372556,938.7632978723404,257.2113570504393,234.52465696730442,2001.298957583637,361.2567238404547,4902.087531868398,1.7425965948740185
2024-09-13,5079.23983207692,15965.31395296348,1970.3787297431495,37370.812079628035,9801.6586695101,7465.25,10980.91589126072,11540.2,33568.47,1419.24,18699.4,2443.3674667668747,21882.913137999287,940.9688995215312,257.52726827874886,234.5059777556973,2008.3703827897805,360.68267291135055,4902.1957271681895,1.735989592461275
2024-09-16,5060.04042218729,15802.497192903662,1966.467549966315,37387.90029193802,9828.374688353319,7449.44,10951.897463966428,11581.0,33569.98,1423.61,18633.11,2431.0744906328796,22024.531777209082,941.3969786122773,256.7672308609733,233.68953622077424,2009.7383159242572,358.8694512507835,4925.466674752865,1.735989592461275
2024-09-17,5070.031943132226,15861.843703603725,1984.505331353759,37437.51293471903,9841.141639033634,7487.42,10985.933223864258,11703.4,33780.28,1429.79,18726.08,2461.6557201728647,22148.041781884127,940.3302120901301,257.45626947079023,228.74341315473558,2037.0286637060963,359.4817088639708,4948.573339006747,1.735989592461275
2024-09-18,5053.07370598552,15805.45936951927,1984.3863830552684,37327.966902010165,9808.294711824125,7444.9,10930.760810071153,11684.7,33655.49,1419.5,18711.49,2451.695670742966,22025.146150679295,935.8984529948434,256.92674113526607,229.97041625841527,2038.3217913204064,361.6787000171452,4953.219369753012,1.735989592461275
2024-09-19,5119.06105810151,16139.389866953366,2018.2860726604847,37651.919544864046,9912.782670792669,7615.41,11000.091224229154,11778.1,34044.86,1428.39,19002.38,2454.6367077334125,21978.14117433404,945.9627329192546,255.5498581480517,233.3950815038161,2076.6005522027585,363.4897797496435,5002.074861085669,1.7442434154946238
2024-09-20,5108.667413213886,16079.122060470325,1995.8701007838745,37682.74132138858,9822.162549230217,7500.26,10886.76336434957,11753.3,33762.25,1425.19,18720.01,2406.8381428917305,21307.116439748017,945.3309126918633,259.6020401924844,234.8277879797068,2103.3886101687103,364.42614932123826,5005.792682926829,1.7449435480615252
2024-09-23,5146.069741282339,16174.821147356579,1998.0022497187852,37907.44656917885,9920.38193610377,7508.08,10915.298303229338,11797.9,33679.8,1442.53,18846.79,2428.839030266526,21217.868924386956,953.0154510716065,262.61120791120095,236.3875677538616,2105.4155248507227,367.6722817764165,5017.168000000001,1.7531043032414115
2024-09-24,5127.615044049909,16166.110639059078,1989.1686418317604,37751.63901435535,9936.132437619961,7604.01,10991.470534573982,11837.0,33881.26,1454.1,18996.63,2483.1905237503274,21666.30598727785,955.8818632837214,260.9077676968687,236.92138129137004,2188.8659128741842,381.6957517171203,5018.491124260355,1.7735963499369864
2024-09-25,5139.908380490434,16241.99227521782,1973.8165813347705,37649.10626066649,9896.11633056071,7565.62,11082.266009852216,11792.6,33840.54,1462.06,18918.5,2432.552832440788,21576.139177201698,954.2078795750491,261.8227452521332,234.9781900536717,2199.6699764843866,387.7596117000894,4980.326040326041,1.7392865516663878
2024-09-26,5140.580682682414,16275.479801368943,1977.2469019818366,37735.5254328278,9944.67650942264,7742.09,11138.1317277869,11953.2,34409.34,1471.26,19238.36,2442.650014813464,21884.530586725457,956.8528424759944,262.0903626005775,240.51921651013345,2293.8200824296014,401.43187125920446,5061.512216189536,1.8066896145965063
2024-09-27,5140.117346710261,16231.101357101268,1992.8337886863437,37902.98741434138,9968.56355576854,7791.79,11160.41780696953,11967.9,34727.4,1468.7,19473.63,2398.777662687806,21879.418770450593,952.0214740190881,262.03011567777565,250.9106715383646,2374.6949956263525,413.48699340726733,5077.7215111605765,1.7831508536281722
2024-09-30,5175.337913691678,16335.86600206565,2002.7571961022045,38017.10898558534,9894.234234234234,7635.75,11100.957854406131,11877.3,34125.26,1451.9,19324.93,2391.129219662582,21721.950777394188,955.4234868355524,259.89728109662434,237.10091915212908,2437.873317260552,447.52039412649157,5133.971318599453,1.7592703146411952
2024-10-01,5158.12062344703,16182.84165348995,1985.1185904675856,38090.779308786994,9934.165516413612,7574.07,11025.962415617587,11673.5,33771.08,1447.03,19213.14,2416.9710680862804,22015.386404798697,964.1909991963569,261.35438227147387,243.23182933736078,2453.6101145902267,450.1876178645676,5105.03606965174,1.7592703146411952
2024-10-02,5169.109592141596,16228.436920012675,1987.234620433661,38202.45348784573,9958.990990990991,7577.59,11058.283160007299,11609.8,33675.26,1428.81,19164.75,2434.1350021100643,22215.087935308893,963.8649545713615,261.81256584477376,233.70478427494132,2619.6358330901658,451.1283820826212,5110.140871408091,1.7713860941119524
2024-10-03,5166.73313995649,16242.277012327775,1976.2055837563455,38081.57179115301,9854.277215942891,7477.78,10958.146323663565,11618.0,33170.03,1418.42,19015.41,2420.4211827967065,21793.2421361007,959.23089784317,256.3478754445941,237.85821816386965,2584.591919026637,451.7198176205423,5088.179957832073,1.7713860941119524
2024-10-04,5239.200145759315,16523.50368953266,2015.8513254987704,38583.17390908263,9896.7730369308,7541.36,10944.252873563219,11659.2,33594.12,1437.88,19120.93,2486.118389807882,22005.426570157204,970.324139319509,255.15588471554958,236.6581115432912,2669.0852957058673,453.9420056592508,5046.127174787938,1.764268501163725
2024-10-07,5189.686119083412,16330.827752721973,1998.1686483531503,38225.356475786975,9898.81385229779,7576.02,10954.844006568144,11717.5,33814.52,1429.73,19104.1,2458.3682516347435,21907.850084217687,965.5437727896164,251.47685346931854,241.83927693064436,2710.0012904890955,454.00388152898495,5051.962812461519,1.7846311615505572
2024-10-08,5237.107863224514,16557.77443882894,1998.7979784182492,38319.32796066112,9774.580822244765,7521.32,10956.9330414158,11734.7,33733.9,1427.29,19066.47,2436.1366787364473,21636.45786204911,962.1017514595496,254.97698599020475,239.2622588177461,2453.4459613930394,471.7709273829485,5023.898992381421,1.7551754931940573
2024-10-09,5294.61127108186,16720.709356003474,2011.6001645413412,38861.00827277298,9849.740127845153,7560.09,11059.049443532202,11741.5,33933.03,1419.27,19254.93,2431.762998802148,21234.943302506457,968.1634830149682,256.94175591882146,240.4822139227331,2424.729913113974,440.9300103922594,5027.878899533283,1.7551754931940573
2024-10-10,5285.583649581638,16718.074162132503,2001.2070778656669,38822.2943623977,9837.270121805588,7541.59,11017.84345922277,11656.7,34077.42,1411.61,19210.9,2462.002495306615,21349.55328261528,968.1285771329696,257.05059410982847,242.38868714224165,2504.2102162257706,447.00305474648184,5068.885806749884,1.7626681857638886
2024-10-11,5316.355823733772,16769.921375022855,2042.7957579082097,39188.02340464436,9860.402604384444,7577.89,11087.566137566138,11720.0,34308.01,1416.78,19373.83,2484.9484543905423,21172.76369796078,972.7828339865807,256.6575721430371,242.77929322340395,2498.6161895244254,436.30047932312584,5069.583731909773,1.7600203320908168
2024-10-14,5371.327741876346,16960.16316054814,2061.176039231862,39474.97135524084,9927.168252828154,7602.06,11183.388067870826,11850.9,34680.55,1411.49,19508.29,2461.365219970397,21465.37005783946,972.9767441860465,258.693185447155,242.41522830211778,2489.715533522191,445.2011743252157,5088.040073982736,1.7800101781170483
2024-10-15,5339.509686897439,16817.179322376276,2065.7607198604355,39243.797631071524,9901.908534389631,7521.97,11146.551724137931,11930.2,34578.45,1423.74,19486.19,2439.1481712598606,21292.446928645128,974.7842026328944,259.29644848627396,245.6109418751346,2399.040090677781,432.7190188163376,5119.959377115774,1.7817779551959076
2024-10-16,5378.8160559749585,16909.482599889525,2105.210826735408,39659.08672436015,9961.215092985707,7492.0,11123.034117861704,11996.7,34660.0,1430.09,19432.81,2430.5747810989537,21409.50307127303,984.3079497907951,259.33447813352313,241.065034147542,2399.461840976965,434.1296884193376,5085.133194205746,1.7623992330232119
2024-10-17,5393.038821954485,16963.126067488345,2105.7563587684067,39919.72487651757,10071.018496276722,7583.73,11224.475460682357,11904.5,35038.73,1438.67,19583.39,2440.664041329292,21352.97862961814,989.7202516396733,256.74256226718603,239.15912722802707,2384.97446252524,430.5216979970581,5165.933848531684,1.7622784741733304
2024-10-18,5397.018359177288,17015.184281967515,2094.593475360052,39825.0678691391,10039.336976758153,7613.05,11244.991789819376,11925.2,35204.26,1443.57,19657.37,2454.677677686945,21098.638685895367,990.898179635927,256.5900393096436,239.8876923076923,2466.4030823947837,442.9457153408097,5112.454635230219,1.7529245595420726
2024-10-21,5412.583791780315,17142.064629466968,2070.833525958116,39694.512505200866,9987.08128226678,7536.23,11185.796387520526,11841.1,34955.95,1438.72,19461.19,2443.581822446792,21167.236326142905,988.7897322771485,255.81799054032342,238.7801887949001,2431.298194791549,444.8555528860202,5137.543405984484,1.7480572816706708
2024-10-22,5418.279470321325,17198.93508658209,2066.4228169274934,39748.9489767571,9986.822963630899,7535.1,11095.904032110928,11832.7,34733.52,1414.65,19421.91,2429.803959050956,21149.22288225242,990.6912843882988,251.266019186856,235.4467498237764,2439.7848118591523,447.72632728407257,5076.998607888631,1.7344281319155823
2024-10-23,5376.693716670532,16950.289821469978,2053.1787618826806,39429.584975655,9896.51288196525,7497.48,11081.09833971903,11865.2,34697.23,1407.14,19377.62,2436.8498902901524,21068.15236263154,986.1724588625624,251.93399143791888,231.3381294964029,2479.4455923276287,450.5645250505958,5054.91124988464,1.7443601959337047
2024-10-24,5365.8369891480015,17008.072038790116,2049.3373354883397,39135.867005310545,9908.195542774982,7503.28,11104.761904761905,11839.8,34698.81,1402.6,19443.0,2415.280054278513,21206.329279029578,978.7287937872879,250.3571173382165,232.02220262173424,2442.10413401429,445.9939940719025,5032.533652224573,1.732234899328859
2024-10-25,5380.3798054654935,17154.8031496063,2045.382121352478,39012.87633163502,9904.35252446419,7497.54,11114.760080277321,11812.5,34776.1,1390.25,19463.59,2401.536428140797,21080.2437579623,975.5276231120595,247.8252122131986,230.59891129154883,2446.126796119965,449.9450345729284,5023.277765882604,1.7288880857727984
2024-10-28,5385.914450867052,17171.967630057803,2075.440462427746,39202.37687861272,9940.755848830235,7556.94,11163.993796752417,11904.0,35016.44,1390.25,19531.62,2391.163599664235,21251.413115656836,979.418031695299,249.17245324269797,232.92123442637788,2449.8403391826077,451.9387642527565,5005.7842182172435,1.7475149504327931
2024-10-29,5391.616212968526,17296.991264962795,2068.7618431390674,39037.80561075935,9888.847449470646,7511.11,11038.651705893084,11795.3,34925.59,1401.18,19478.07,2356.162800228772,20975.683719885437,976.2255878836189,250.64455960477153,234.48664938822253,2466.770734032412,446.5255857666008,5002.546391752578,1.7454792766842695
2024-10-30,5355.259764185705,17140.687177597643,2056.9638909358882,38818.66249078851,9741.678605539637,7428.36,10917.442072614487,11715.0,34502.7,1381.83,19257.34,2325.2001754963258,20878.23627181487,971.1418066183048,249.20881257430872,235.80818299162488,2413.3809363102955,443.18631956400736,4952.414335876014,1.733144903713801
2024-10-31,5242.293379886985,16626.223181880832,2018.3305002986174,38373.188771994304,9611.97037037037,7350.37,10758.000364896916,11672.6,34281.24,1382.68,19077.54,2323.645561956482,20592.354463336032,953.0086715684658,247.92302795700223,236.19043302208925,2407.1810243711716,443.75342872448226,4934.5387476189035,1.7016156411639007
2024-11-01,5287.55364806867,16835.036226867873,2039.9003184272462,38813.22626794038,9757.353379869937,7409.11,10916.98595146871,11843.0,34676.17,1390.49,19254.97,2303.786459727054,20152.860030358086,959.281555967187,249.05461886894136,229.58473604826546,2430.6797842707283,444.46834844253215,4916.165188167974,1.693281116794544
2024-11-04,5251.840956102045,16713.380831992647,2040.0183865777983,38422.983222247756,9749.526475668592,7371.71,10852.891808064222,11805.1,34540.73,1390.65,19147.85,2326.2078487308904,20715.484060409344,959.1191641317287,246.0390271175253,229.94543476947246,2428.1639591990934,449.2858530268695,4942.253026634382,1.7271890323226256
2024-11-05,5290.238770469308,16868.694538468575,2068.282865245632,38625.81648522551,9750.510051900019,7407.15,10824.676153986498,11839.2,34472.06,1399.66,19256.27,2312.619255816408,20783.686194664926,964.9242374114999,246.66753705644678,232.15410607614797,2479.7811433900347,457.1090123671386,4938.540629175271,1.727397655134505
2024-11-06,5526.181377574798,17693.606114269736,2230.329014819648,40758.62615341598,9803.349138707163,7369.61,10807.598978288634,11495.3,33940.72,1408.57,19039.31,2399.7708427559173,21388.74940514285,986.3662197853633,254.5814009357779,237.9643782773793,2459.421140236382,460.54066687441576,5020.97302593307,1.7032044169529141
2024-11-07,5528.088847755669,17833.836186950484,2205.1735307727904,40471.392873669596,9784.543269230768,7425.6,10871.191388432768,11570.1,33981.23,1408.5,19362.52,2443.8445913243672,21083.541299170032,992.3082059157374,250.38703564025943,238.306919609089,2493.7921020685058,471.46550551095385,5085.497650840752,1.7172749978238016
2024-11-08,5593.637169380044,17993.917059290012,2238.7834118580026,41040.248169053506,9732.80684832409,7338.67,10762.379127896369,11551.6,33816.58,1413.13,19215.48,2397.3481056411133,20783.98152965661,994.1040346111278,250.32739694573124,241.43004706313795,2480.3089588493613,470.2816855648331,5094.64562093109,1.6951267133940922
2024-11-11,5631.897522522522,18110.698198198195,2285.0788288288286,41566.37575075074,9813.031400966183,7426.88,10858.228425469806,11597.3,34343.83,1428.4,19448.6,2372.822236980464,20845.347548252474,1001.8466100552635,251.1730808630727,241.35852742757717,2467.050326694767,473.10896497902644,5100.545460154877,1.706004838372743
2024-11-12,5632.785805054832,18149.76231938627,2251.470795877065,41333.816538805484,9630.153587712983,7226.98,10684.263820470716,11382.6,33607.14,1430.91,19033.64,2335.295537144152,20906.72888015717,1011.1174862465829,249.08669763171795,239.71806891513452,2404.8079486247425,466.8185012623962,5077.246002460025,1.6696280852780954
2024-11-13,5665.827338129497,18204.023097311623,2242.8720181749336,41611.31200302916,9659.385337102303,7216.83,10676.71045429666,11377.1,33707.52,1419.51,19003.11,2341.67701436311,20823.57640077599,1017.0560984681972,245.73190525016244,235.78419850814433,2406.0212887329926,472.28041215503634,5030.173435245725,1.6244908932051885
2024-11-14,5649.465837329662,18145.05484070082,2219.2108636816865,41546.8021461469,9707.950445032475,7311.8,10749.543878854223,11524.3,34358.16,1417.5,19263.7,2353.555358468869,20961.125873437657,1017.3454913880446,246.92366727256245,234.18839258584012,2361.451682471797,465.35005910941805,5039.987743220469,1.6271854587529349
2024-11-15,5569.0556372432775,17720.552103590573,2185.4954228525357,41213.29032870085,9653.54962288998,7269.63,10606.677613574166,11635.9,34191.79,1403.87,19210.81,2354.291770516565,20917.038358608388,1007.0084491870604,246.77410214746382,237.5029040287637,2368.5314898468027,457.91185729275975,5078.893520505119,1.6318227239581928
2024-11-18,5560.281145337045,17728.958913156283,2175.895089391009,40935.51582621822,9700.723727495664,7278.23,10618.135376756067,11674.8,33758.43,1392.44,19189.19,2355.5653050556343,20972.76801103068,1008.5902787128045,244.78734033300597,233.16059173402468,2378.6311389759667,454.1951295823121,5096.054643131237,1.6705593407262567
2024-11-19,5584.163835409588,17919.469611174027,2194.063797659494,40835.16421291053,9693.040512237449,7229.64,10528.580550994344,11588.4,33324.73,1366.72,19060.31,2358.0872140685906,20968.685340421183,1013.7949688936976,246.05047025649017,234.40584574078594,2386.3821989211096,457.22554656028785,5161.807310608395,1.6754553033435227
2024-11-20,5611.826631259483,17987.613808801212,2205.5481790591807,41168.88277693475,9701.30789536837,7198.45,10526.947637292464,11589.5,33227.7,1384.6,19004.78,2346.3521290452327,21061.69959337906,1017.7388707926167,247.3664432478596,234.0126914393801,2406.3807831571744,462.06079643990716,5137.155108588351,1.6827943868212325
2024-11-21,5679.230512196286,18112.960045825577,2256.928731681703,41883.00157525419,9794.207078901509,7213.32,10574.338624338625,11611.7,33294.96,1397.63,19146.17,2345.6506393024943,20838.329940237738,1039.0667167697195,246.53674279689105,234.91795885587197,2395.886886317938,466.0159084013772,5173.903583750351,1.6905279513687756
2024-11-22,5729.832981378383,18241.169130351314,2310.1075062392015,42519.20714148589,9935.161135161135,7255.01,10688.286808976463,11656.6,33494.83,1401.58,19322.59,2368.995716267426,21359.121322647614,1046.6364634816034,252.67730186719254,237.38978111242017,2372.883928406167,453.5439953382423,5236.79757931185,1.7079023017937738
2024-11-25,5705.24560484063,18156.977464386106,2326.9617418647863,42628.586402401255,9931.939869437625,7257.47,10653.703703703704,11711.8,33427.72,1406.2,19405.2,2355.563166512623,21203.861638320603,1037.340327690159,255.0229130796914,239.62024221453285,2346.0437823865936,450.26586643502065,5216.821294660841,1.7272956523517105
2024-11-26,5741.447368421053,18283.352402745997,2311.5083905415713,42772.98817696415,9897.06992629876,7194.51,10612.005108556832,11617.9,33167.64,1408.05,19295.98,2295.3066142255702,21320.42403754636,1034.4413540465368,255.11871987454862,239.38724040227916,2348.41604000809,449.2088846818777,5159.8037158200095,1.717065327728688
2024-11-27,5677.39920499716,18039.4472837403,2296.2237365133446,42326.38652280901,9930.097203888155,7143.03,10622.158365261814,11579.5,33089.72,1403.63,19261.75,2287.9748536923303,20347.863506686004,1032.4743658931461,254.3964690218091,238.84364137412712,2383.0115970922175,453.10016521154256,5169.217856484044,1.7028429925234534
2024-11-28,5683.315963998104,18058.247276172428,2298.6167693036473,42370.49739459971,9955.184227925707,7179.25,10682.174785623061,11610.8,33260.13,1403.83,19425.73,2315.9664995664048,19625.848518734347,1036.640860069644,252.51421313187802,239.74156039009748,2357.511868533171,451.7802146065872,5199.852827981157,1.6966894953969964
2024-11-29,5703.569233678439,18170.633007138465,2302.0186261995937,42462.67668888574,9981.09117186559,7235.11,10731.800766283526,11641.3,33414.56,1393.49,19626.45,2311.528957546874,19891.384522848504,1039.0290016543436,253.65859335105716,241.21231060606058,2363.3002184003844,455.16813743407647,5194.224055659884,1.6683717833754517
2024-12-02,5760.562038580614,18484.353417480354,2318.7806620623955,42659.68087639914,10022.17131834348,7236.89,10791.133004926109,11735.3,33483.17,1424.33,19933.62,2354.223686453243,19691.90612838555,1042.3422507035566,256.6797404354598,245.22776185928043,2399.7066386807332,461.90111279219803,5209.927844588345,1.6675589374278144
2024-12-03,5756.582139968599,18536.476521242683,2299.2054807555064,42538.20828773966,10080.687368103707,7255.42,10795.767195767196,11873.6,33829.34,1429.22,20016.75,2380.755566276572,19856.77966768727,1039.845784436403,258.67432385858484,249.63498171410401,2412.1767386179013,462.5160789025211,5242.81729256025,1.6984836544471318
2024-12-04,5790.590809628009,18775.682618209496,2308.5909999048617,42825.649319760254,10073.486404833835,7303.28,10749.507389162562,11931.6,34083.91,1436.79,20232.14,2402.536338210931,19855.907780979825,1039.0252146285404,259.4000366933225,248.08230166750886,2408.498231060144,461.8571821431845,5177.328316662079,1.6710976072920625
2024-12-05,5738.273354113535,18608.406536318125,2263.313497685841,42283.65920468499,10062.524856884602,7330.54,10756.05728881591,12118.7,34626.28,1455.81,20358.8,2420.817683899363,20088.550913633007,1036.4671021617617,259.5550278304429,247.90359626215275,2377.345235997253,459.4205349708576,5165.101170160896,1.644199497687071
2024-12-06,5762.117413311888,18789.696769005157,2279.190122522352,42237.1162306637,10017.615143477213,7426.88,10746.807151979565,12072.0,34749.5,1456.52,20384.61,2405.591784723784,19567.268179381812,1029.9298362846644,260.102987606956,246.50756715853194,2417.211169921518,464.2694962559121,5090.616612259702,1.6213675213675214
2024-12-09,5735.395840242574,18701.558724593735,2267.3425877670916,42073.17951390534,10090.709194152472,7480.14,10729.538405400473,12011.5,34559.83,1464.96,20345.96,2443.772885197082,19828.571428571428,1027.2064723188018,260.0908661430678,245.3896042861171,2479.3638262728336,465.44514916607943,5139.579583244348,1.5737724590819693
2024-12-10,5732.519591545951,18700.774162906673,2263.3768701021136,42030.71004511992,10044.714017104387,7394.78,10620.680532749497,11965.5,34524.7,1458.81,20329.16,2419.159172903229,20147.9334103247,1024.910412271007,260.901998107748,246.0858259102985,2486.750410147163,470.0140182630455,5084.509601987036,1.5983922468218448
2024-12-11,5796.951074269925,19089.028631318182,2281.130008098709,42064.27516554714,10085.79759445997,7423.4,10656.695858419997,11789.3,34731.31,1457.6,20399.16,2426.6703255369425,20736.421022313607,1036.0712002422692,262.37611238904094,246.0610586838323,2470.9960584308506,472.0870729019052,5069.394665776618,1.6242360967954306
2024-12-12,5780.988774779077,19013.938380702173,2255.6293288750894,41952.82541198949,10063.88182588691,7420.94,10687.693851486954,11764.8,34857.37,1464.03,20426.27,2423.2365419686475,20095.69362733375,1024.3861475932954,261.9087766001101,249.43127190786183,2504.657002695352,476.79126395395446,5068.172056094667,1.6517954587803125
2024-12-13,5761.571054510831,18973.31111640086,2234.6108069507263,41731.07355391574,9973.361369780716,7409.57,10668.153621601898,11752.1,34888.79,1469.32,20405.92,2442.0125649298425,19636.35360857233,1014.9332619676848,262.2504096464452,244.5883191324555,2448.4460627459634,465.2328951759063,5026.051132921362,1.664404721393732
2024-12-16,5778.234398782344,19191.29566210046,2246.9463470319633,41588.165905631664,9967.487031004946,7357.08,10674.61229702609,11778.6,34315.24,1464.48,20313.81,2402.2406991850717,19117.480505012998,1007.9350766456267,261.6073242186581,243.48960197469913,2422.7113624124936,463.5675012080607,4999.836358677536,1.6536688104602957
2024-12-17,5767.429225050043,19167.91535601945,2224.8403393384806,41416.35687732343,9928.761812454568,7365.7,10710.198868819558,11588.1,34315.24,1452.8,20246.37,2385.608030705639,19468.86807181889,1004.8892589508743,259.2815931381026,244.447977147825,2414.4076572850217,461.05190157477733,5023.261434354419,1.6290223121042335
2024-12-18,5672.214440956291,18732.373822748126,2155.5276503260084,40885.65080898334,9958.23161474464,7384.62,10617.505929574894,11617.9,34400.99,1455.67,20242.57,2369.515611692694,18546.62305353358,985.5920304873972,260.9531771232647,243.84158477616597,2440.9171617628085,469.97766303663394,4990.779302681763,1.648210435532557
2024-12-19,5661.565183827077,18694.171571938627,2143.6842613142912,40859.05625784039,9778.405115212932,7294.37,10413.099799306696,11439.9,33787.0,1456.28,19969.86,2339.779771886238,19005.84190014663,981.7633457323815,257.9457284717079,237.87932461005735,2448.6329686676786,467.15287925573773,4917.195316497608,1.636708750193172
2024-12-20,5686.337488015341,18765.67593480345,2149.9232981783316,41074.074784276134,9744.01590936483,7274.48,10385.80550994344,11467.3,33766.29,1452.5,19884.75,2368.331662462823,19236.250492319814,984.6010141446491,251.89793038166636,237.23121245555967,2439.5937453609777,463.9252066278596,4834.302151375322,1.6003661174904311
2024-12-23,5741.261832684637,18994.65667195233,2150.247465282783,41234.87578684349,9761.137212384052,7272.32,10480.094873198323,11435.7,33739.9,1448.86,19848.77,2355.7970859147786,18736.285217823013,992.7374862072425,253.1010007910999,239.43835407049613,2462.093688472826,462.58600143527747,4925.147575439124,1.6127500511824804
2024-12-24,5808.847855356799,19264.40661665705,2173.3506443546835,41639.76726293518,9818.389140271493,7282.69,10480.094873198323,11473.9,33739.9,1448.86,19848.77,2352.0382151327694,18758.25754692803,997.8840230346859,252.93435155953023,238.83052921382688,2489.8773538156597,468.96442625219987,4931.827344171816,1.6183068425205727
2024-12-25,5804.660996588342,19250.521358896738,2171.7841526115994,41609.75445677766,9818.389140271493,7282.69,10480.094873198323,11473.9,33739.9,1448.86,19848.77,2350.4083232652515,18744.86430273257,996.9827730389698,252.68678107787716,238.87693059031807,2489.8773538156597,468.4189041492737,4929.9049503763,1.6183068425205727
2024-12-26,5792.564520771371,19207.867216732226,2187.6523073971025,41567.49496306246,9778.86071385651,7282.69,10480.094873198323,11473.9,33739.9,1448.86,19848.77,2348.977032124677,18786.705664212514,992.36864886462,252.407978143075,240.2286442838929,2485.3666227671533,468.2787995109703,4906.22045834328,1.607424265479349
2024-12-27,5725.7767548906795,18912.571921749135,2152.464518603759,41227.66589950134,9832.042465918687,7355.37,10572.286079182632,11531.6,34160.97,1457.38,19984.32,2325.4716113219743,18611.344521560164,989.7244775722082,252.0577962573164,244.73637523543354,2483.47703547125,468.3068796972723,4926.389195313199,1.5770534806702299
2024-12-30,5675.656978140763,18723.78573144367,2140.5524861878453,40906.77876531348,9794.379786528372,7313.56,10582.83160007298,11536.8,34186.18,1456.31,19909.14,2272.0396741582963,18707.030490602425,988.4203480589023,251.244340225623,244.39942414310653,2487.0531005298885,470.1532224094355,4922.295277943813,1.5602887147641187
2024-12-31,5680.813251557444,18651.460858646835,2154.015550297001,41091.63084947119,9877.955039883975,7380.74,10582.83160007298,11595.0,34186.18,1469.67,19909.14,2296.416694881059,18784.448765099518,995.4334833120677,252.5246197643879,245.1202113606341,2493.8709797729903,464.8926879614682,4876.5173475181555,1.5695969857332557
2025-01-01,5679.167672476223,18646.058031188146,2153.3915898228165,41079.727707237005,9878.552003384299,7380.74,10582.83160007298,11595.0,34186.18,1469.67,19909.14,2293.9802631578946,18779.16988673177,994.9323757425244,253.44910028522975,245.55019388194745,2493.8709797729903,464.70821649648167,4877.537661406026,1.5695969857332557
2025-01-02,5716.491330605883,18781.209818819403,2173.845704266511,41293.85349698032,9962.718610541553,7393.76,10582.83160007298,11676.9,34374.77,1480.98,20024.66,2352.679770202755,19021.780955321727,1008.6171328080084,259.16372424032573,246.72710968180834,2455.631542393773,456.4244244244245,4956.605221805874,1.5762175090015507
2025-01-03,5764.351537491512,19033.543505674654,2200.4753128334464,41451.28528470269,9909.603566694783,7282.22,10603.922641853676,11651.6,34127.62,1486.83,19906.08,2302.142156828169,18605.330487058345,1008.8229369502451,256.83251724671055,246.057544638727,2468.984431616563,446.0468167151442,4973.476400024112,1.6199226498079513
2025-01-06,5750.8108368220965,19118.406236466002,2181.463837158943,41101.54468023675,9941.1459902392,7445.69,10665.143222039773,11808.2,34780.81,1486.83,20216.19,2344.5107624677885,18888.08454051162,1006.2050903230138,249.56380207305958,239.99175748694938,2436.2775791023723,441.7801377424952,4963.720958191818,1.6465902248923174
2025-01-07,5714.7292069632485,18848.820116054158,2175.8220502901354,41129.94197292069,9949.05580693816,7489.35,10792.528735632184,11811.9,34938.9,1506.61,20340.57,2383.202362004278,19205.348085214304,1005.7477453223852,251.8064936301494,245.24779735682822,2410.8769493962764,446.8335632396328,4991.9274567692955,1.6311796778353045
2025-01-08,5735.294117647059,18876.712859773234,2169.7451303420876,41317.181897470684,9885.024559722056,7452.42,10833.981025360335,11798.1,35108.74,1506.48,20329.94,2358.9306591892023,18986.358333796255,1013.4829945730946,250.74520505427387,244.66715623278867,2405.4847503727406,447.50380014539684,5028.97361763643,1.6750049830576044
2025-01-09,5746.152725860479,18912.45206077965,2173.8530996650325,41395.40754405554,9941.080176843112,7490.28,10880.414158000365,11899.3,35315.51,1510.93,20317.1,2358.7167411343235,19265.694111591853,1014.2794509460051,249.19044316026023,243.1550221021611,2400.3854910644664,445.7152315688416,5010.345885466795,1.6819282251018735
2025-01-10,5687.413986628276,18702.48401737348,2136.7722414718655,40933.53179444634,9828.991897044803,7431.04,10757.079000182448,11720.9,35090.23,1503.73,20214.79,2336.5297868481366,18999.712262416673,1003.3566812167969,246.84326905925715,242.5448694145315,2388.470019293894,442.06771245832033,4977.108224069129,1.6749310927950363
2025-01-13,5696.652025378234,18631.625183016105,2141.922889214251,41285.622254758426,9795.366841353025,7408.64,10674.803867907316,11688.2,34799.27,1490.22,20132.85,2353.823371028541,19058.790557637487,998.5541187251807,239.2982414283596,242.91319304552638,2377.110687095007,441.04185526385857,4939.949345715491,1.6643335138351283
2025-01-14,5668.325572370974,18475.34924330617,2152.9297632906478,41247.846332945286,9719.19179949043,7423.67,10675.579273855135,11752.1,35124.59,1493.11,20271.33,2357.4304178711423,19109.80649708464,995.5313683071929,240.83211095709672,236.24881029136353,2397.632279835083,449.4922161868909,4946.068563530932,1.6551239652989946
2025-01-15,5782.506438602459,18962.272219252634,2199.6112541911657,42005.491034549785,9877.594002855782,7474.59,10747.801496077358,11898.5,35646.96,1503.18,20574.68,2386.6359740335,19832.67170635081,1007.0409649984753,242.4452678362269,238.77879568957488,2403.3384425586005,448.4214154564075,4970.528322440086,1.6556217176807597
2025-01-16,5764.9674725701525,18776.86183124575,2200.9806777357026,41900.310709777645,9974.326974505258,7634.74,10893.997445721583,11840.6,35819.79,1506.83,20655.39,2325.932759193945,19455.823470411233,1005.3693086003374,243.52199563385116,241.40313546327877,2433.4866502131476,449.1875140711703,5023.376466684765,1.6818091080886852
2025-01-17,5838.154115757192,19111.327459475247,2215.7231173635787,42338.34396144672,10074.88746742478,7709.75,10938.03138113483,11916.3,36267.63,1524.67,20903.39,2338.3785034082407,19620.95674904181,1011.6515951188355,243.7995494942149,239.49834942385547,2442.4356935740343,451.6035140415465,5010.187496231988,1.6838259825181825
2025-01-20,5757.162058371735,18846.198156682025,2184.984639016897,41750.988863287246,10082.88266966452,7733.5,10980.861156723226,11943.6,36143.83,1530.87,20990.31,2350.92594543841,19554.6624433957,1012.7625310340201,242.86055664650712,240.0277649236465,2462.0738653915064,447.1119584511209,5028.397337429596,1.6849533972533133
2025-01-21,5800.124646435591,18943.170813557696,2222.513063905268,42212.77146555443,10126.50595273352,7770.95,11048.312351760627,11927.4,36059.17,1539.48,21042.0,2344.942248251179,19636.41718807215,1015.871740803963,237.69681712087683,240.6089824604667,2482.826536597413,448.1040029534307,5054.530032784913,1.6626586374021104
2025-01-22,5847.499639717538,19224.03804582793,2213.306432242878,42423.72099726186,10112.579881656804,7837.4,11136.553548622513,11882.7,35854.07,1530.68,21254.27,2387.1021854031565,19883.22796578654,1014.5076681479502,237.77461725470184,243.333026453078,2437.0396382409835,444.906046695948,5080.794985384083,1.7023412488888592
2025-01-23,5874.337557603686,19252.764976958522,2222.1582181259596,42785.205453149,10157.969639468693,7892.61,11189.016602809706,11991.5,36112.84,1529.57,21411.53,2403.3813571090645,19847.566113559766,1019.1289838144503,239.2162353365164,245.82509996924023,2432.167901234568,445.94389888891084,5056.089672027276,1.6851381678110868
2025-01-24,5814.027063083666,19014.960930055266,2199.1042500476456,42332.9998094149,10113.417390270013,7927.62,11208.976464148878,11982.6,36200.72,1544.13,21394.93,2413.7930872413826,19739.471075179546,1015.6779379525676,235.6492365763342,243.91900311526481,2449.501034552213,448.36811058574403,5057.375353340951,1.694883546908615
2025-01-27,5730.346930995044,18434.836065573774,2176.9157453297753,42616.8318719024,10128.890477041272,7906.58,11326.95675971538,11997.1,36191.17,1539.88,21282.18,2383.063233361765,20194.15984020831,1011.2669518220101,230.78248638500375,244.06008080683466,2470.282401575285,447.80957137787357,5043.119827275998,1.694883546908615
2025-01-28,5817.545541706616,18920.028763183127,2194.4966442953023,43001.294343240654,10179.97137063104,7897.37,11362.379127896369,12154.2,36147.06,1545.62,21430.58,2403.9750328974833,20305.344136181357,1021.9322191890271,231.6931773887301,240.52566038898993,2490.347723298939,450.4710338946074,5035.432853717028,1.694883546908615
2025-01-29,5795.604817427188,18840.0940453913,2190.969723141884,42909.18861858836,10226.217362729281,7872.48,11430.68783068783,12286.5,36371.67,1546.03,21637.53,2411.4360818907658,20224.49247103931,1023.1465459869561,235.3206042337085,243.66962381379244,2491.1605850654346,450.88238213399507,5051.429254873819,1.694883546908615
2025-01-30,5843.000818054954,18942.062460901783,2220.7304749530817,43195.351523025834,10334.504601410303,7941.64,11498.394453566869,12419.6,36429.72,1550.72,21727.2,2415.7451992806173,20792.083749733774,1034.1115132999037,236.76214796156603,246.45400112268445,2488.555169337722,452.18095307616244,5075.561863216708,1.694883546908615
2025-01-31,5828.658271819365,18939.00709219858,2207.449220823081,42982.25502967144,10372.44843049327,7950.17,11491.5982484948,12368.9,36471.75,1549.32,21732.05,2389.0836396887307,20835.656942746704,1023.4207904350714,240.5696495873569,246.02107553621386,2497.0042285255718,453.3603017984152,5114.368518851526,1.6908264151957229
2025-02-03,5794.934506259364,18746.154961573782,2183.2084682681616,42942.53951375127,10331.058554492387,7854.92,11445.694216383872,12205.8,36218.98,1507.5,21428.24,2433.5891611382513,20970.950074081473,1019.8914645584886,237.89567486777088,240.60770167712917,2515.351070910912,454.19435686528067,5044.031903686982,1.6452899765336908
2025-02-04,5817.400520281337,18936.332980055882,2206.580595433086,42929.0297716543,10305.122039196825,7906.4,11380.669585841999,12372.8,36719.35,1520.82,21505.7,2438.003054918527,20953.588052104613,1022.6422709538544,240.4002012296215,242.2021973905987,2572.2349040204394,452.68262868379793,5046.2502636415675,1.6324222989639863
2025-02-05,5826.945445806296,18930.38211968277,2226.608988223985,43137.015140591204,10367.646528403968,7891.68,11475.497172048896,12536.7,36581.48,1517.35,21585.93,2408.1789993742586,20814.979397938965,1032.5618890866951,239.76551962926828,244.62315736424344,2538.3067348573545,447.4168754006701,5085.738972809667,1.6554096846549677
2025-02-06,5859.16401810652,19061.91852065877,2222.0167581623805,43097.01435038043,10452.4582310318,8007.62,11516.329137018793,12731.0,37121.77,1544.49,21902.42,2479.979529199845,21097.771129144137,1033.9380069329923,238.31719126241128,248.42790372325206,2587.389775091647,452.9272643192178,5156.403522043028,1.6821949602122015
2025-02-07,5834.897119341564,18904.284676833697,2207.4170902929072,42898.474945533766,10455.48278555549,7973.03,11488.177339901478,12688.9,37055.7,1557.83,21787.0,2486.103913403457,20782.542713484036,1035.9966130397968,239.1174348872049,248.03056656861492,2622.3851890456517,460.01275340755103,5168.760551405841,1.6781362913475424
2025-02-10,5885.462042202279,19126.141159349987,2219.6846956099926,43143.73999514916,10521.780871234849,8006.22,11519.649698960044,12708.8,37242.17,1551.9,21911.74,2491.955824006019,21049.139657874664,1045.2493900786121,237.027431805231,247.65386947502788,2678.6622856147164,462.44745911273134,5165.824858413008,1.690369079145855
2025-02-11,5856.777493606139,18958.509868262317,2196.303623992665,43037.83236017951,10543.41141141141,8028.9,11580.149607735815,12774.8,37582.05,1548.93,22037.83,2507.93011793244,21185.462400160744,1042.5792069175168,232.95979237566948,245.5692541375273,2642.960333614655,459.3201088248502,5153.843817392097,1.695265501792713
2025-02-12,5829.010353960993,18926.029376354443,2172.7811220804238,42733.98507103299,10556.049619464255,8042.19,11598.157270571062,12911.5,37531.19,1562.04,22148.03,2536.355746541379,20778.863662941243,1035.1555136663524,231.70621661833005,243.03705089820357,2704.6190776693024,462.21437419286826,5163.052959501558,1.6918659461182
2025-02-13,5843.633236179463,19060.28955038463,2180.8782072722056,42726.77146543074,10525.031522065445,8164.11,11812.68016785258,12936.3,37908.05,1600.97,22612.02,2535.6331579243056,20687.002916224814,1041.843708966028,230.40881393747173,246.7884302689181,2684.729888558647,457.8754530736913,5155.603851610372,1.7121372801145325
2025-02-14,5827.342037548843,19085.838177832844,2172.8580958734397,42453.14018869723,10474.971510825884,8178.54,11713.07243203795,12956.0,37977.59,1604.29,22513.42,2538.2150149022555,21419.92499102064,1029.8384116639231,226.98465368737607,244.9058834568828,2766.0654454743335,460.8413474171002,5179.21305124247,1.7071089735142972
2025-02-17,5832.344524990462,19102.222434185427,2174.72338801984,42489.58412819535,10558.143175386838,8189.13,11745.192483123517,13016.9,38327.72,1615.02,22798.09,2551.688580257793,21460.939391157004,1030.8080298597802,226.85071562202285,246.6348726666037,2774.061512986416,461.8580526557679,5175.569566535315,1.724164806277328
2025-02-18,5867.592016464844,19184.664720241224,2192.456803714162,42651.93126884602,10584.642318140655,8206.56,11762.433862433862,13143.9,38554.15,1625.4,22844.5,2572.685306528202,21624.681388012617,1040.2076451156206,227.0619663063442,247.21687126219706,2823.5017265320666,458.2012321408612,5157.190635451505,1.7388837769672256
2025-02-19,5895.365572826712,19244.14699673767,2190.0402993667244,42820.56227211667,10521.74385604734,8110.54,11675.351213282249,12929.4,38348.16,1613.78,22433.63,2538.0928213200846,21349.074322511406,1038.6694526826639,228.9068996701422,248.08139608538673,2830.1414809241282,462.75506843540467,5125.688106906944,1.7712126234833918
2025-02-20,5825.377327048518,19009.055849164408,2153.730419463886,42066.99042993859,10451.16419350947,8122.58,11684.072249589492,12967.1,38249.03,1617.56,22314.65,2544.8088251144613,21304.404447857883,1030.4406233207953,229.08710855021377,246.15312161904154,2772.1033599980356,460.89250211610016,5072.55889075118,1.7674762421667412
2025-02-21,5749.239889090735,18667.18615546419,2099.0056410746724,41522.15316951907,10458.176328502417,8154.51,11812.260536398468,12952.0,38421.05,1618.16,22287.56,2513.7760376467068,21203.919606371448,1018.0571428571427,228.43370869920489,248.33134806276016,2890.479532163742,466.95542677821504,5043.282066869301,1.7557326631171666
2025-02-24,5716.025794124671,18425.526630045373,2080.983998089324,41520.143300692616,10443.830659751538,8090.99,11816.429483670863,13012.9,38472.56,1603.96,22425.93,2505.5565560363043,20730.24532169543,1014.4642079522996,225.61771176940368,247.43604632613344,2868.0129260560784,465.9619617508666,5040.006672935182,1.760239288257175
2025-02-25,5664.383887382888,18097.103723783704,2064.089028392067,41490.61682598564,10444.180722891568,8051.07,11881.964969896004,13116.8,38714.52,1596.41,22410.27,2464.8891387577596,20875.33244405412,1009.22289777069,222.8764990276281,244.0424418419121,2822.1048762558194,459.95199748183506,4979.722406613963,1.758791315337243
2025-02-26,5680.824073632505,18193.771758309882,2073.699270351471,41426.02889980447,10554.164148434666,8143.92,11897.929209998176,13332.0,39224.71,1600.17,22794.11,2488.3725599137188,20503.63176230855,1014.3893028206492,223.491690352793,244.00965998144773,2912.6710378900584,465.42387577346,4956.811428571428,1.7551802969283732
2025-02-27,5636.938019906717,17833.745251719,2057.662162811944,41582.43977496755,10610.372614359283,8102.52,11821.14577631819,13270.6,38622.84,1597.85,22550.89,2469.6843157828025,20548.609910510673,1008.5786599174104,223.68903742755253,245.5781871870587,2929.5764035992415,468.6953078598297,4958.440179910045,1.745808195826175
2025-02-28,5738.723978411719,18164.302235929066,2084.6858134155746,42252.22629144179,10679.767244514487,8111.63,11863.236635650428,13347.3,38655.09,1607.79,22551.43,2454.6525395741232,20109.077808618476,1020.840828836032,219.049383813582,237.73434000895773,2836.6217210403643,460.541305829193,4889.991323859387,1.691937714182649
2025-03-03,5577.536231884058,17496.36727688787,2004.4241037376048,41181.57894736842,10742.68588035844,8199.71,12011.202335340266,13373.1,39069.4,1607.79,23147.02,2399.6464223414637,19894.38724676187,994.2981301027128,217.38463977711228,240.96339519163317,2821.4185414788794,455.00592242603506,4894.170821462489,1.691937714182649
2025-03-04,5437.747035573122,17207.942781855825,1957.0205157161681,40015.98908338039,10546.65863937387,8047.92,11865.298303229338,13031.7,37736.16,1602.15,22326.81,2391.1010489223213,19636.07435538677,968.8867091711625,214.75608033001004,234.5144328925464,2803.417852996884,451.2398085727792,4839.636352902979,1.6535697705591192
2025-03-05,5414.605439970344,17193.577684073953,1946.8513970622305,39855.97516333812,10464.105168807888,8173.75,11962.005108556832,13214.0,38519.4,1630.35,23081.03,2392.852684215663,19868.385784179165,967.834291992503,216.04938880602214,232.93227091633466,2820.3678136187864,447.66554619700673,4780.307096092305,1.6481309675673586
2025-03-06,5321.08118132505,16754.8425981733,1916.222356159303,39481.737679076454,10373.14377874679,8197.67,11885.960591133004,13234.2,38779.67,1625.54,23419.48,2413.6003370677663,19843.258372743945,960.9806719418862,217.83131253303037,236.29084414363604,2898.826538198471,453.35960288623914,4753.478771507428,1.6395712940098264
2025-03-07,5326.256519130475,16796.252365348228,1915.7982184889463,39508.672174274245,10352.910305343508,8120.8,11929.10052910053,13257.1,38592.81,1627.36,23008.94,2408.5507797988453,19940.768384287836,957.7737835408909,216.62886526488114,230.00573655494932,2867.9997869532535,450.9639061483306,4626.156219079215,1.6475654275284075
2025-03-10,5182.351855270445,16123.610854716633,1863.6422374007755,38685.35167066642,10223.1441307578,8047.6,11871.419449005656,13082.7,38225.82,1627.94,22620.95,2345.2148700940998,19622.487491628253,940.973021352768,214.27705955604955,232.0794108429959,2825.0786938600977,448.52838344669766,4614.3554229086385,1.6376917783781029
2025-03-11,5103.095521567909,15968.586866929203,1853.274109350673,37946.22218151845,10076.486983336299,7941.91,11578.407224958948,12877.3,37698.31,1624.34,22328.77,2327.7612709200885,19465.311268715523,925.8065539447388,213.2223311892091,228.0117125770768,2800.9469128168885,448.77616175948924,4551.281725888324,1.6126387767941686
2025-03-12,5142.870264064293,16209.827784156141,1861.2812858783007,37980.188289322614,10169.637435256294,7988.96,11739.126071884693,12804.0,38307.11,1666.21,22676.41,2367.864013351509,19619.298787490003,938.7049347992842,213.54395811390322,228.10910104702307,2781.1040602407506,448.47684976618166,4520.02728433763,1.617918363243352
2025-03-13,5087.786224372265,15943.800967519002,1837.0790140520617,37607.52821930431,10193.37748344371,7938.21,11709.715380405036,12821.3,37999.73,1671.35,22567.14,2379.9791717322787,19959.02934985504,927.5737757218058,213.87703250471122,229.33568133649172,2780.247776704724,447.73721699313154,4487.680324308672,1.6278454911733637
2025-03-14,5182.6110932402,16317.347548366344,1878.682045861863,38130.77524010845,10260.703672887197,8028.28,11783.260353950009,13005.2,38655.3,1693.61,22986.82,2420.561286445547,20649.821055412773,943.6182800857079,213.27388757047737,229.11884739055157,2835.3999266298233,455.01488690396826,4527.183913056112,1.628814419903529
2025-03-17,5195.568982880161,16303.817632518538,1893.554884189325,38305.98736610821,10323.846336822075,8073.98,11912.169312169313,13147.2,39022.4,1696.1,23154.57,2408.6682958730594,21073.351050978494,953.3331197744818,214.23214044922403,229.44761787894586,2845.408800584506,454.42361115505577,4590.4918320231445,1.6489332137488473
2025-03-18,5130.120151674358,15993.530997304582,1873.032116588241,37992.88226963315,10341.209313376099,8114.57,11915.809158912607,13354.7,39533.71,1705.16,23380.7,2421.2987475373316,21183.063190796893,947.3516069260752,218.15190909744322,231.6546489563567,2914.289584658515,454.347688690574,4568.803510709407,1.65218766206661
2025-03-19,5205.494152717267,16281.394175647789,1909.7271268057787,38490.83237789498,10384.232810543263,8171.47,11896.478744754606,13408.1,39712.66,1701.28,23288.06,2423.607222300887,21515.295187374162,963.7952559300875,221.7024050151485,232.88535208661054,2930.923547472978,455.49924841596527,4564.873170447257,1.660090184537267
2025-03-20,5218.051140290256,16301.893572909468,1906.132227597328,38657.74706288873,10397.26387478344,8094.2,11947.682904579455,13306.3,39188.17,1702.82,22999.15,2428.210240393629,21405.960028551035,967.1587071876507,224.89201246466624,233.8012014615718,2872.6745461769747,454.15252405832473,4598.796713028833,1.6647307619468468
2025-03-21,5240.462320850671,16443.874248728618,1901.969486823856,38821.40545538604,10326.991520363072,8042.95,11927.93285896734,13350.2,39035.71,1697.11,22891.68,2406.336501584125,21359.559719498713,965.7129969714543,228.7427767911224,233.32338370076792,2819.449552203279,449.77901926645876,4598.8629247361705,1.6682951152853258
2025-03-24,5339.848162207202,16839.727802981204,1952.948801036941,39425.34950467549,10335.02033979421,8022.33,11859.368728334246,13323.3,38972.81,1726.52,22852.66,2434.288566318679,21089.370312675648,982.8673024082753,233.03536848039613,231.03876397591839,2848.680855120475,450.7718718290714,4618.765712290503,1.6581744186779057
2025-03-25,5352.962980123244,16931.71477551777,1941.6948524301533,39463.92994486401,10391.987525488785,8108.59,11871.14577631819,13484.3,39384.95,1726.52,23109.79,2458.600762951342,21472.851579965696,987.4553832176001,232.0440054279826,233.53756760933396,2780.004048968704,450.9173550553477,4639.446245509507,1.6507490754881295
2025-03-26,5311.944948156413,16644.8226158925,1928.5162970195747,39479.97396196587,10414.801941631209,8030.68,11817.00419631454,13432.2,39058.1,1746.67,22839.03,2442.507498861006,21482.7555461892,985.1579050288434,230.98770913932273,234.80882988576724,2800.884992694636,451.6901660738504,4685.175423182803,1.6677537168917513
2025-03-27,5270.851270656854,16482.923668009073,1912.4195713558302,39160.949868073876,10388.539918484776,7990.11,11738.03138113483,13422.6,39098.86,1746.18,22678.74,2437.631732487328,21453.12172722146,977.7756204899201,231.40018146243028,231.66714675328657,2808.18679322809,450.52213082897424,4651.257806572113,1.6572799796586466
2025-03-28,5154.174362763206,15998.32840783155,1868.5537495382341,38404.04506834134,10349.429271499432,7916.08,11713.58328772122,13309.3,38739.3,1735.68,22461.52,2409.384429186315,21144.780820929616,958.3204334365325,230.39488923176918,228.7988782051282,2782.7026898612007,446.53900925643376,4634.904044363151,1.6151106845647754
2025-03-31,5187.751328865265,15991.948232031431,1859.8659579385258,38827.60342038364,10249.967158297008,7790.71,11492.5378580551,13135.4,38051.99,1685.24,22163.49,2370.0298712353324,21105.267421701585,961.6602949208084,230.83168074044988,219.56330908642582,2750.9227419297267,445.27100184701607,4529.828472422755,1.5625657335390624
2025-04-01,5218.7048360200115,16166.286826014453,1864.2208634426534,38901.20437279971,10337.982639928165,7876.36,11573.271300857508,13297.0,38557.38,1698.34,22539.98,2428.335336538462,21385.268890845644,973.9271255060729,228.10000691528703,220.60550515527757,2758.777936281502,447.1807876845439,4609.683873782172,1.58488277075869
2025-04-02,5224.052323706876,16213.946847220303,1884.169315093731,38897.62793054212,10313.880069490206,7858.83,11483.588761174968,13350.2,38454.2,1708.89,22390.84,2452.2963671999637,21346.160417192084,984.2125703929057,229.2136796675812,220.49603456256753,2746.3328026702807,444.98282614481803,4604.782078811444,1.5768654744075412
2025-04-03,4882.8447339848,14975.217155266017,1728.6916395222586,36686.50922909881,10045.326853553013,7598.98,11201.860974274767,13191.2,37070.83,1678.7,21717.39,2455.015965305247,21076.920604307295,938.8915631719136,225.40519328242198,215.1630946481665,2642.940917923568,435.1809743914713,4500.5147732478235,1.561948431267862
2025-04-04,4631.32530120482,14227.628696604601,1667.6067907995618,34971.57721796276,9478.119668176738,7274.95,10626.555373107098,12422.0,34649.22,1597.55,20641.72,2298.0587012302562,19878.00401446457,897.240051347882,222.02765364305418,209.86940854870775,2674.5413152766155,438.99100679973685,4230.044133061179,1.5210285707234914
2025-04-07,4642.34948874318,14309.010041725895,1659.9935806318495,34816.451923517816,8984.112912632685,6927.12,10077.978471081919,11785.8,32853.98,1478.92,19789.62,2235.4633557433513,19473.287591580414,886.3983009943043,214.6909907069702,193.13699097478525,2336.520842539402,407.2185451237491,4030.3518111964872,1.471541889201403
2025-04-08,4547.567764899152,13934.388975084421,1606.9270785799033,34357.57050287487,9217.046315176232,7100.42,10362.269658821384,12065.6,33657.05,1570.53,20280.26,2202.8911841605245,18813.19165085389,868.3195239770947,216.71858238992215,205.94890670326586,2374.009093750553,409.9822788745531,4082.631149768959,1.4588025748390725
2025-04-09,4982.787745970871,15637.0999406474,1746.938775510204,37080.26297767429,8986.577730969515,6863.02,9932.247765006385,11797.6,32730.57,1528.34,19670.88,2368.00459827114,20041.69999215871,924.6069564653635,214.49449521466568,196.01365926017493,2366.8907278386764,414.95027548808287,4143.607607382645,1.4219205256958651
2025-04-10,4704.246104388981,14633.48662767335,1635.3975978925748,35356.21735053802,9164.688169552377,7126.02,10257.79054916986,12307.6,34277.09,1582.4,20562.73,2248.1721944881947,19170.081547506164,883.0374249584877,210.88287947082736,213.93954379674844,2383.1328355457226,412.4732180463061,4284.897596220647,1.5053748876383741
2025-04-11,4721.0598125082515,14721.587958276483,1637.42793010871,35396.95435940319,9170.56825378548,7104.8,10253.448275862069,12286.0,34027.83,1582.59,20374.1,2229.2931041946235,19161.317916125787,899.73018442688,211.92053183012618,205.97700162521846,2377.871764699194,409.68349387991594,4231.716428235424,1.487392697302453
2025-04-14,4763.17899466937,14830.151107978327,1657.236001585973,35706.23375479096,9453.038930854154,7273.12,10490.293742017879,12609.8,35007.14,1625.77,20954.83,2298.0385809637473,19478.32170988783,909.7212521429932,212.49942743960017,209.38636433654764,2429.350846746294,412.02602566419665,4319.898533757038,1.4934779039290687
2025-04-15,4783.398333628789,14911.513915972342,1668.9594043609288,35781.74082609466,9674.117509088777,7335.4,10590.98704615946,12879.3,35843.82,1656.48,21253.7,2320.698073632062,19460.71205402516,917.505081300813,220.06419546656275,212.0253681475065,2443.1246016571063,414.92421580624443,4364.796288485871,1.5299170634406014
2025-04-16,4628.416019651708,14306.40873799184,1634.8466903539938,34802.28977497039,9613.289190915955,7329.97,10580.75168764824,12942.1,36067.57,1655.23,21311.02,2333.795967380558,19188.721568392873,914.8862089703415,219.33453365944627,209.7931162445496,2383.1570608041193,412.2921194510153,4336.275638517856,1.5234736815895622
2025-04-17,4648.42271987329,14330.986844999781,1654.8198336926393,34442.54476659774,9660.491449249985,7285.86,10637.62087210363,12918.0,35980.43,1642.17,21205.86,2367.4976054227964,19644.683510739043,922.8582331616103,223.42562417299848,212.38439440274303,2427.8448549770774,414.4308771591471,4395.470234414526,1.5184955251770258
2025-04-18,4636.998025016457,14295.764757515908,1650.7526881720428,34357.89335088874,9658.800186741364,7285.86,10637.62087210363,12918.0,35980.43,1642.17,21205.86,2357.9109110800787,19596.580989880516,919.699562654497,222.70306158778152,214.41753356999538,2427.8448549770774,412.9351857975075,4376.0364898141925,1.5379308636470603
2025-04-21,4479.74293282383,13783.403534673671,1598.2630596204783,33149.863215945115,9615.034274427791,7285.86,10637.62087210363,12918.0,35980.43,1642.17,21205.86,2365.4196297433796,19389.670308305478,904.0406575479983,224.3641714248537,211.33701180604788,2397.4294614643327,410.864050497231,4357.745081647439,1.5302806680933758
2025-04-22,4630.059979860777,14272.947769362112,1655.1639595464296,34312.84094391664,9721.722890159916,7326.47,10624.2656449553,13010.6,35947.89,1672.13,21293.53,2445.2362437761867,19952.345996207256,926.2841027915968,227.02707323872272,211.63017934446506,2421.481032275453,414.1360316129804,4356.891477621091,1.521411134156862
2025-04-23,4751.091471498012,14766.283694211224,1696.1025187803803,35003.596995139196,9842.670571010249,7482.36,10772.404670680531,13208.3,36457.68,1704.47,21961.97,2509.6397768772263,20465.621323757045,936.3445378151262,230.26598019012388,214.82074977666883,2506.287115784214,419.0060944179982,4451.71987410072,1.5636690090703649
2025-04-24,4815.637209710699,15071.81175644234,1718.7672856578426,35202.07208393696,9849.390815370196,7502.78,10871.729611384784,13179.7,36808.69,1705.63,22064.51,2527.0387589533466,20791.20030279857,941.4770206022189,228.23947942679078,215.69190520160052,2482.8189539409937,416.30376514097446,4484.830866212641,1.5599017922299594
2025-04-25,4861.60140783106,15295.151781786184,1722.498900131984,35295.64452265728,9859.695371997657,7536.26,10894.043057836161,13355.3,37348.38,1705.61,22242.45,2558.059991611457,20857.799656341427,942.9768859537719,225.14572071960816,218.6378054007715,2492.613697573809,416.94536673709626,4484.32607349879,1.5637973812857742
2025-04-28,4840.43950271406,15204.106111013833,1720.8457362983715,35219.39240063036,9904.50079425781,7573.76,10972.678343367998,13456.1,37465.52,1701.84,22271.67,2546.3874495293126,20904.500905755023,943.7660241192668,227.2155334660292,220.94809197953268,2489.4302126647103,413.64258281325004,4503.379885122198,1.565244625125122
2025-04-29,4884.133327477933,15336.454261999912,1735.9975407316324,35595.81924377498,9966.391898257181,7555.87,11007.744937055282,13366.9,37874.75,1709.63,22425.83,2497.808432918375,21109.105824446266,950.2984126984127,228.07420567933548,221.1253084896347,2491.9449256655007,416.1682796283543,4525.275168914183,1.5622800073077159
2025-04-30,4915.972988480382,15400.397228229687,1733.7864677583086,35900.03972282297,9996.293245469522,7593.87,11053.621601897463,13287.8,37604.82,1698.19,22496.98,2531.8854687445855,21010.32884298292,956.0964687819857,229.86900244220888,222.3856618440941,2509.2494171965313,417.18392444171974,4592.62970498474,1.5605833089168866
2025-05-01,4962.709763117113,15683.63072835953,1749.7099845029884,36088.518928492354,9993.88379204893,7593.87,11053.621601897463,13287.8,37604.82,1698.19,22496.98,2540.409785173227,21082.148375918958,954.280783611901,230.62498679968067,221.95208085974366,2527.528166921864,418.51506792592994,4604.636517806671,1.5605833089168866
2025-05-02,5034.23335694051,15915.129249291786,1788.8987252124646,36577.04497167139,10100.281988015511,7770.48,11178.42546980478,13446.7,38327.94,1726.13,23086.65,2523.357061960426,21144.075354790257,965.4688700999232,230.47484865240565,224.93398070111152,2554.1428093133054,418.38513702716193,4699.64059558446,1.588412326098018
2025-05-05,4993.928145300279,15771.125546864643,1771.4083697909762,36430.09412700517,10100.281988015511,7727.93,11159.487319832147,13518.0,38475.55,1731.36,23344.54,2505.957462087041,20740.378789055823,960.4538916413618,232.71454610386698,226.51100861008612,2560.8129174679398,417.69860949047063,4664.265866209263,1.588412326098018
2025-05-06,4931.536127358284,15558.872421830338,1744.3071375170414,35910.98992919654,10108.665490887714,7696.92,11157.252326217844,13530.2,38560.25,1716.22,23249.65,2564.1752139427163,20549.42822403152,957.3129088878251,229.07117465960312,227.42012966965117,2577.8418559151896,423.4994485842936,4656.212264016222,1.588412326098018
2025-05-07,4983.433628318584,15697.486725663717,1760.7610619469028,36384.04424778761,10064.471750249868,7626.84,11050.684181718665,13480.4,38319.89,1727.32,23115.96,2617.3419755528516,20538.17493187172,966.6357679399074,230.5570792882604,226.23195448254657,2572.38177829924,428.94558010542363,4648.610811118058,1.5914473155379127
2025-05-08,5044.478090488065,15967.349483434271,1804.7826861417884,36844.00605628785,10066.202583918353,7694.44,11003.211092866264,13488.9,38974.3,1721.16,23352.69,2592.245339664115,21431.39861404985,969.9904061400704,227.43873268891437,225.40134891811883,2598.033445121255,432.4677003379231,4669.364151965115,1.6369128453757409
2025-05-09,5031.925675675676,15939.65149359886,1798.6041963015646,36672.63513513513,10119.832022239307,7743.75,11026.564495530012,13554.1,39369.99,1750.48,23499.32,2583.4536331142963,21459.580120571893,970.3642278497161,225.62840575567907,229.3781651376147,2608.9239264363623,430.2783118247207,4692.280811766047,1.644485139291229
2025-05-12,5270.971815107103,16873.361894024805,1886.989853438557,38250.37204058625,10225.763517528223,7850.1,11147.263273125342,13655.3,39921.61,1774.96,23566.54,2606.2198788750284,21704.259376986654,990.0358168500532,239.18857203819647,228.69451110233592,2719.384284947199,442.15673384546994,4731.760581592483,1.6519339816897394
2025-05-13,5262.661481382147,16995.288543203256,1879.5315363640427,37674.158508783694,10234.87002557849,7873.83,11097.67378215654,13769.1,40077.49,1788.57,23638.56,2640.2954164328617,22151.338598994156,986.4318706697461,234.3102210172225,231.4627951383627,2655.619336562606,438.8055627923133,4783.77831130138,1.6793304361821988
2025-05-14,5273.002237136466,17133.610738255036,1864.6979865771816,37629.58389261745,10189.318141356596,7836.79,11067.49680715198,13840.2,40356.68,1790.99,23527.01,2660.401444357885,21968.90895672806,988.2823499296045,235.7723609183957,232.4885975609756,2700.5540324423123,442.8825026379492,4762.908505191705,1.669429481829907
2025-05-15,5288.166949682724,17081.347752256683,1872.09759585307,37825.31951023327,10263.611507370424,7853.47,11154.24192665572,13930.2,40418.82,1785.84,23695.59,2657.532462768689,21916.022429671342,996.5488538865411,238.08553698799017,231.64310693907603,2685.548087162634,439.3787394984035,4751.202473660101,1.6552751888055366
2025-05-16,5337.376270882788,17208.850270972365,1892.9995073229722,38209.11004613248,10326.468489892985,7886.69,11252.59076810801,14064.5,40656.26,1804.06,23767.43,2667.5348811533668,22015.83322129339,1000.6799012218979,239.6165238793824,232.22340458250042,2677.9370350614563,438.5075109029236,4785.60309721824,1.676978862764375
2025-05-19,5304.042335571664,17090.283274780984,1871.6858629430335,38059.38542268866,10337.860962566845,7883.63,11272.368180988871,14099.0,40166.77,1810.72,23934.98,2693.1092351856496,21974.93055938058,994.5875302817799,238.1649580486818,230.22950115118954,2651.1893737536716,435.0702662721894,4763.87767408471,1.6684739419108412
2025-05-20,5264.964991580253,16965.975361162808,1866.1526189843123,37824.37295045643,10423.931623931625,7942.42,11319.12972085386,14323.4,40522.44,1827.51,24036.11,2680.875039481325,21907.70000547264,995.6628347610101,234.01184950462508,230.17166513339464,2684.7011075967303,434.92987140533404,4750.228307902527,1.656659301755481
2025-05-21,5158.070779278086,16655.758538522638,1806.1600917836024,36943.28832406672,10406.182270385501,7910.49,11293.887976646598,14307.6,40551.22,1835.79,24122.4,2668.676861780898,21553.214271757395,985.8198026106336,234.35261284432818,229.10921375921376,2682.810063445418,435.00854658963505,4764.415724592399,1.671066700610998
2025-05-22,5178.857320154249,16777.38575417756,1813.3593369088248,37107.47750542972,10396.45491315727,7864.44,11193.167305236271,14272.5,40256.59,1828.31,23999.17,2657.0847015790187,21289.340022797947,991.7599641737573,232.92347974255804,227.66840048013296,2667.1851281237964,435.88743416843045,4744.387679718134,1.6521769595821258
2025-05-23,5105.868895732512,16486.766388033433,1794.8526176858775,36606.308842938844,10384.098624262997,7734.4,11128.16091954023,14104.1,39475.36,1802.34,23629.58,2671.598947101212,21476.155230578646,992.3150816522574,235.27040607598505,229.35022373090573,2656.6925943019237,429.98621450234356,4777.792508357382,1.6659318482717842
2025-05-26,5095.556726378643,16453.468563400067,1791.2276080084298,36532.37618545837,10383.480228680322,7828.13,11236.15216201423,14221.6,39988.48,1834.56,24027.65,2666.561450163185,21395.883027167685,997.3342709199003,236.41753824174904,230.71479944674962,2609.7463374171925,428.554148415593,4761.672076997551,1.6882453586659518
2025-05-27,5226.8867508164885,16946.914996910582,1845.1760967428722,37376.3350692912,10465.63338301043,7826.79,11243.185550082102,14239.9,40124.9,1850.13,24226.49,2683.974936546625,21829.591852697777,1005.6695429849791,236.02513122441022,230.70733571843564,2630.100729459008,429.48515070106356,4782.32302835528,1.6962450313235653
2025-05-28,5214.336314531126,16913.964402727353,1831.045780572036,37278.57965111131,10406.690518783542,7788.1,11117.259624156175,14100.6,40127.75,1876.42,24038.19,2680.6330464023176,21618.292331758643,1007.2765671498513,236.16005116982882,230.62635649436007,2625.2840219654945,430.7996209277424,4778.838996073075,1.7215223334021046
2025-05-29,5198.883221948646,16862.3549067886,1824.4635947942315,37122.52022511432,10339.798339264531,7779.72,11117.259624156175,14116.6,39982.97,1859.13,23933.23,2667.229861939042,21498.091247672255,999.7325351843597,235.34939211822643,234.39746287317416,2649.081326485891,431.35539293668467,4763.680185793587,1.7539276803960882
2025-05-30,5209.455410645047,16843.29397250617,1820.8406767712372,37248.91610856538,10405.52754878121,7751.89,11154.059478197409,14152.2,40087.4,1831.17,23997.48,2623.3022618971495,21100.005389465907,1005.7654075546719,234.94276049649446,232.2308539270859,2616.1960874620177,429.3871056577216,4780.491385173431,1.717014397189302
2025-06-02,5187.851774165355,16817.523160286662,1809.264114665268,36973.85072539766,10386.197916666668,7737.2,11127.695675971538,14202.8,39984.15,1822.0,23930.67,2623.780194477763,21071.809842177016,1007.321969093516,233.81277079978398,229.46611959949786,2581.6559274040715,425.8583749597897,4776.939934143295,1.7270865728564753
2025-06-03,5250.292397660818,17059.27977839335,1849.3426548828209,37391.40834542496,10445.81550166429,7763.84,11165.498996533479,14128.4,40074.47,1824.48,24091.62,2634.1221203105792,21451.05347702001,1012.7487741563311,233.02383416677282,228.67582669231473,2630.7975473851457,431.07481495075547,4811.581280368256,1.7270865728564753
2025-06-04,5229.5248522005695,17044.44055178454,1837.9505145609808,37160.271513028245,10448.495281058944,7804.67,11219.211822660098,14101.3,40080.88,1834.94,24276.48,2622.7980243871834,21287.42347493707,1007.3383920852943,232.6211007204293,231.57944785276072,2636.8539275741177,431.30538659385405,4856.883493489509,1.769046600565668
2025-06-05,5189.427697684579,16861.904761904763,1832.546963739624,36976.61861074705,10447.667042153316,7790.27,11236.653895274585,14203.7,40379.29,1839.22,24323.58,2634.8427257077055,21297.253357094844,1004.4912953202364,233.4581379752731,228.5935417110509,2659.521425710853,431.8253489915317,4853.990847852656,1.7921534137621171
2025-06-06,5265.783238262396,17139.05221588416,1871.2154453707767,37527.74901272488,10490.100890207714,7804.87,11280.943258529465,14247.6,40601.94,1842.83,24304.46,2665.5500030988674,21484.490678621605,1011.8570741868292,236.97684451228986,228.62618124545676,2662.2662093891095,433.098565761367,4851.973676713577,1.7921534137621171
2025-06-09,5258.628841607565,17153.699325803347,1877.6376849662902,37441.34489099029,10477.821934871583,7791.47,11280.943258529465,14251.3,40461.79,1842.83,24174.32,2657.96300953381,21372.67687267687,1005.4254401380323,238.44711852546632,230.60222800750742,2700.7795834031385,434.42348136182153,4858.756169229452,1.8421826720250805
2025-06-10,5285.610503282276,17256.00875273523,1887.448577680525,37520.236323851204,10459.68809073724,7804.33,11267.916438606093,14221.1,40207.57,1855.73,23987.56,2667.2287425369623,21422.743866535817,1009.6683314124728,238.6644344404509,230.8922323937279,2694.343220338983,431.99849000541894,4901.928873159037,1.850335358585631
2025-06-11,5242.42872687704,17075.847660500545,1870.0587595212187,37315.142546245916,10452.626613996817,7775.9,11235.002736726874,14134.1,40180.24,1867.24,23948.9,2659.0010678843005,21561.191518801246,1007.80518860417,237.70281183758797,231.3762909879257,2703.6076669163126,431.55073095168945,4862.123758594347,1.8699120053517213
2025-06-12,5218.178679326716,16972.360811394043,1847.2939145446699,37089.011652999565,10440.564042303173,7765.11,11241.926655719759,14088.9,39948.39,1854.98,23771.45,2643.740733951077,21480.203267240304,1007.0692007488022,232.45191544570417,229.62638354186714,2643.734497797381,429.15556090370325,4830.307917888564,1.853893135586764
2025-06-13,5173.745942436702,16798.81410950011,1818.2298203851979,36526.97684483878,10392.942696101456,7684.68,11080.113118044153,13910.6,39438.75,1835.4,23516.23,2622.065338710892,21424.237456183495,1006.123554337783,230.26662562724815,227.28050941639384,2636.8132080365076,426.6303463487835,4800.290913175333,1.8322583095435525
2025-06-16,5218.050510292337,17039.621172807474,1837.1648503719084,36771.39768206193,10422.429687041276,7742.24,11029.802955665025,14110.8,39929.18,1834.4,23699.12,2607.063452710376,21930.753724526756,1008.5784391829451,232.685010622549,228.94305007768614,2644.2101214352438,427.8803064617164,4823.199706604226,1.8687476614176723
2025-06-17,5211.201602717651,17003.693218936456,1830.8958669047515,36771.74339096729,10332.803087899878,7683.73,10953.347929209998,13911.7,39387.22,1816.69,23434.65,2596.3276485470883,21989.57854891588,1006.0422768368775,231.9095938267546,231.06331694447775,2650.2108095861718,430.4109589041096,4817.29280054144,1.8717208564631247
2025-06-18,5209.36329588015,17024.884591934504,1840.3971779461722,36731.69584530965,10338.403086275424,7656.12,10909.934318555008,13923.2,39418.61,1801.93,23317.81,2599.3168322275574,22001.221262658706,1005.2335378843281,231.03030606552784,233.3972569850845,2624.5914069547985,430.3338320723515,4835.869398860641,1.901556592003992
2025-06-19,5203.018703784253,17004.14963027403,1838.155719878208,36686.959547629405,10300.275320719347,7553.45,10829.702609012955,13744.9,38942.19,1779.43,23057.38,2562.2432588672664,21974.732873402983,1001.1937265858149,228.03827485726703,230.1796543268943,2581.1967520854855,426.47948686917584,4806.145475049338,1.8890693395927172
2025-06-20,5179.292688218703,16877.76958125407,1830.5662833586462,36629.91538294641,10242.383564841834,7589.66,10829.520160554643,13850.3,39231.35,1802.06,23350.55,2546.639539778308,21584.371630290196,996.3033175355451,230.96113788237895,228.13574123028485,2603.188370523614,425.6678351263145,4761.518222023176,1.904420986292737
2025-06-23,5204.206434895271,16956.1390628374,1842.09026128266,36779.7711077521,10231.355140186917,7537.57,10814.595876664842,13839.4,38840.51,1818.82,23269.01,2532.8545845838385,21459.238596629082,996.0942167992705,229.46887554963564,226.66562259913715,2617.164100779433,426.401838239717,4728.636071976565,1.9161756199266449
2025-06-24,5247.581721865714,17151.927300917352,1861.5874930014213,37115.31073689651,10272.667565824195,7615.99,10936.799854041234,14035.1,39474.46,1867.57,23641.58,2572.2481618147035,21437.495604335494,999.1527551148489,231.6506511560347,230.54625419749786,2651.183472506264,430.6141077841434,4782.013302777933,1.9365554765202848
2025-06-25,5225.061108966936,17130.708864016466,1832.1368840859382,36864.72833311891,10218.283035452681,7558.16,10837.547892720308,13811.8,39319.14,1871.22,23498.33,2579.768282454526,20929.296510686836,987.9838785265723,232.2292531169822,229.92985563723317,2682.890654973965,432.9037076872517,4781.274753512276,1.9613256182285126
2025-06-26,5248.510747403957,17236.793299431647,1856.4249391051665,37081.18456476218,10250.044001173364,7557.31,10837.43842364532,13815.5,39351.32,1882.83,23649.3,2597.116284960804,21353.147751605997,997.5628856937005,234.6988688431759,234.29760284107726,2646.7551261336253,431.0049604120957,4784.200190231074,1.9390619392130564
2025-06-27,5267.124573378839,17298.17406143345,1853.694539249147,37388.455631399316,10297.144528964305,7691.55,10929.009304871373,13969.0,39742.21,1877.03,24033.22,2601.267739055156,21288.485168997213,991.4626921517881,235.8400515370144,236.8079622530227,2639.997608318703,426.9620817843866,4744.211406123757,1.925486736815576
2025-06-30,5264.23178077543,17281.522015780094,1845.2871807923982,37409.663188258244,10208.52948030762,7665.91,10875.259989053091,13991.9,39792.22,1868.02,23909.61,2599.715551581503,21683.66478492735,996.496586977527,233.79988969910187,238.46972552715278,2612.3780481187664,427.53896073137224,4769.3043381162415,1.9297022238974744
2025-07-01,5249.659086096643,17111.667301909965,1861.296743319358,37686.81658408504,10228.583071370358,7662.59,10913.43732895457,13987.4,39561.3,1885.04,23673.29,2613.702563935639,21652.686620428554,992.2286707426833,233.5872372779096,236.109533229016,2603.506343214977,428.4169153934809,4762.386461847278,1.9365746950646223
2025-07-02,5278.145526973767,17284.510742891045,1887.0025850743737,37703.45382887655,10142.391492804716,7738.42,10939.828498449187,14044.6,39785.28,1893.97,23790.11,2630.802180509778,21726.872866194266,997.1431244736923,233.0841882968545,234.55230791918598,2622.1025396756663,428.31374821841496,4797.555381954133,1.9263189546086672
2025-07-03,5340.94581951178,17522.412179977884,1912.9369737177851,38129.22514246831,10248.214182008247,7754.55,10927.166575442438,14182.9,39943.15,1915.24,23934.13,2640.8749727432055,22161.95942758295,1007.8910286519492,234.1811005571889,233.5127362366475,2609.0096144466,430.4148449596308,4804.8077138065955,1.9427874964152567
2025-07-04,5330.970370999236,17489.685032685287,1909.364122591052,38058.01001782834,10227.089370580734,7696.27,10921.738733807699,13973.0,39622.11,1918.09,23787.45,2642.2586305115647,22122.039259903064,1003.9503245132302,233.97186516548507,233.80343561885184,2586.6805107156183,431.2266733018164,4786.091794158553,1.9124391068588533
2025-07-07,5320.9036170303625,17433.93261305889,1891.1303753683223,37926.600333091345,10228.851849700912,7723.47,10905.436964057655,14074.8,39914.25,1919.22,24073.67,2627.5308849294724,21708.43189741036,1003.1771792391,234.5454749413427,231.473059494226,2592.3751851670977,433.3599190524374,4761.781239605277,1.9037209881152386
2025-07-08,5309.385527269626,17413.72222932924,1900.7632936761759,37730.382499680185,10264.525852075121,7766.71,10920.133187374566,14079.5,40182.62,1946.88,24206.91,2620.1674280503844,21810.380460310003,999.0572516701005,234.41773905061726,230.9435861627535,2630.823954940134,435.82433781920207,4784.838476105603,1.9420977486267932
2025-07-09,5343.850518322597,17585.71733287829,1921.8378055543703,37932.08480866857,10280.006956118485,7878.46,10953.165480751688,14254.4,40821.31,1962.04,24549.56,2595.4038891999685,21031.65897947788,999.7880431394551,234.58634658488472,232.1872831695869,2597.923168092903,435.05171788945853,4760.992500487887,1.9534718456043234
2025-07-10,5367.685141660612,17632.289218409467,1934.4557924875003,38161.30934575445,10414.41086035853,7902.25,11067.268746579091,14141.6,40528.17,1968.74,24456.81,2603.2611937216975,21125.997450851646,1007.9299014238774,233.9419158221208,231.67393209840472,2620.5667919054654,438.2205969064736,4835.716135570319,1.9763758505935527
2025-07-11,5354.790419161676,17609.52095808383,1911.7450812660393,37956.809238665526,10325.811294606769,7829.29,10889.819376026273,14009.2,40077.88,1960.17,24255.31,2597.1397968680308,20957.212215408526,1002.9367658085479,232.06252801707973,229.61573724830265,2629.7546680610935,439.05823950931074,4829.506923336711,1.9760873623296622
2025-07-14,5374.049466329462,17694.99764241931,1928.6981868061212,38115.349993570235,10358.671501755596,7808.17,10892.072614486407,14036.0,40186.35,1953.48,24160.64,2577.8813983749505,20752.49438236715,1011.0711493354185,232.31472039484322,229.01694718514221,2638.9563378054963,441.28370134685764,4808.88676916171,1.9961909392981605
2025-07-15,5382.087751055944,17824.153090250842,1900.7413154038447,37947.84070338764,10311.26492472746,7766.21,10856.887429301221,13874.7,39921.25,1960.9,24060.29,2586.7586579590943,20979.57885756389,1009.2459407681919,235.06136526422554,229.73782641422034,2696.255523513996,441.4992759588288,4846.305592991914,1.999527369062574
2025-07-16,5383.49806617963,17817.352814782982,1914.035238504512,38035.908895573695,10297.68702774413,7722.09,10865.544608648057,13885.7,39762.52,1958.56,24009.38,2594.8285323934283,20913.643694392358,1014.4656260795829,234.8960375178679,230.53414705027606,2693.31224184902,439.6557090526013,4804.062955897206,1.9859145273576027
2025-07-17,5430.631252155916,18011.08140738186,1943.4977578475336,38361.92652638841,10380.794816914444,7822.0,10912.123700054735,13994.5,40128.7,1982.01,24370.93,2604.7322929392203,21083.828423901206,1023.0757171970529,234.74586870545502,231.53271244958947,2693.8352511696694,442.51245423443964,4833.953501384886,1.9776665406989349
2025-07-18,5416.127644933769,17973.215207293997,1926.7245828315845,38140.538448305524,10370.935932183844,7822.67,10931.317277869002,13989.0,40311.99,1985.52,24289.51,2582.6671298996876,20564.063427456967,1018.9345032905045,232.3843829304166,230.12835924406173,2715.9473563293836,443.9613902852589,4903.521473766728,1.9731086299945535
2025-07-21,5391.475353768544,17933.53854046428,1907.6824419648583,37897.54178957719,10397.404395224086,7798.22,10889.335887611749,14031.5,40166.6,1970.41,24307.8,2557.314991681135,20606.174166794655,1015.2851117012966,231.90750110836873,231.00281363306746,2721.961578672243,444.5866247274547,4836.085137246151,1.9840757836976066
2025-07-22,5367.833595644221,17774.197115998126,1913.1056191245905,37859.91747841252,10388.913193644943,7744.41,10850.045612114578,14041.5,40165.15,1955.83,24041.9,2532.924758399997,20488.035278922063,1017.7958418008442,229.83817680804407,230.7665351589696,2730.6642471394885,445.1886764487921,4838.946575953603,1.948549931768727
2025-07-23,5401.724430852871,17855.946313285764,1939.4580360176692,38235.04077471967,10454.560138448227,7850.43,11017.214012041597,14067.9,40697.49,1967.02,24240.82,2587.5479161541175,20827.494422647895,1018.1062759676362,230.39825056091988,238.71583463790802,2772.501954142783,445.48700913512874,4899.592878171878,1.954876184277583
2025-07-24,5413.313483623991,17914.045087196937,1915.891110165887,38021.19098256062,10508.705151793929,7818.28,10988.669950738917,14256.5,40599.68,1970.24,24295.93,2617.7594517364096,20629.900864926534,1015.5526430755788,229.47775396990082,242.1837236906864,2778.8257711087294,449.6573631237062,4885.372598513532,1.9646958845734621
2025-07-25,5440.844830522909,17976.76716062,1925.6259580991316,38240.43604156021,10438.123032904146,7834.58,10906.5225323846,14237.3,40726.26,1968.72,24217.5,2632.9500331856625,20440.454047930685,1016.3279259121139,226.58777248013294,239.08549842844374,2757.1308337632013,447.53384539530356,4846.716250978637,1.9864691001982708
2025-07-28,5513.650875830529,18274.72603330745,1947.303477435499,38689.75752869099,10467.312125403412,7800.88,10869.321291735085,14220.2,40732.34,1950.12,23970.36,2625.6904196794903,20400.398344861656,1023.6598310460698,227.39489120791544,238.14742528535328,2798.1402018521358,453.37685131756103,4894.046252532074,1.9840142425310165
2025-07-29,5517.80703273861,18273.246145851375,1942.629482071713,38656.66897626883,10564.662349676226,7857.36,10909.423462871739,14347.7,41234.31,1975.56,24217.37,2669.7192723243143,20620.78769517595,1028.7124976413609,228.75703609306933,237.2939151741439,2821.8779020917173,456.5996524593329,4907.595421999211,2.0196364045561963
2025-07-30,5578.799701898207,18525.86033054228,1957.3013020034196,38982.31554951559,10604.619312906221,7861.96,10884.856777960225,14380.6,41637.73,1976.98,24262.22,2664.363419451723,21092.94985320393,1031.391072787218,230.29874744160787,238.42301263818433,2793.789219629928,461.88926669347865,4938.746756909193,2.0250953598785366
2025-07-31,5553.317857299286,18503.306907275193,1937.409662301257,38658.82352941176,10566.101694915254,7771.97,10797.299762817003,14397.0,40987.69,1994.63,24065.47,2663.5091653077952,20810.405898865425,1024.6143146181082,229.35029291320384,238.64621284755512,2757.2795975380373,455.66295401872344,4921.085781830462,2.0545700864764944
2025-08-01,5384.325234128869,17824.116352336976,1870.2516076129648,37623.39130810065,10394.979367262724,7546.16,10797.299762817003,14126.7,39942.82,1960.06,23425.97,2604.3200536059035,20626.790122495386,1004.9707327761604,224.319025637454,238.95747920815273,2701.9844988589134,446.61556046270863,4842.623134119752,1.9641413441801305
2025-08-04,5470.521130412237,18195.125745397978,1911.9350099386397,38176.164549304296,10480.252583237656,7632.01,10781.454114212735,14386.1,40697.38,2005.97,23757.69,2590.4070784320447,20898.877817244524,1006.8933074076396,225.32658776209524,236.73952641165755,2724.5333524270086,452.17030139229155,4842.896112244613,1.9423361717882266
2025-08-05,5441.829726577685,18069.673016284392,1922.7419981858234,38107.848473068116,10505.262553142593,7621.04,10817.670133187374,14407.5,40743.52,2034.65,23846.07,2630.8138382464795,20885.82318986071,1027.4916891425703,224.24672253821194,237.3191701050537,2742.8412507847693,455.96301039581044,4904.0471930216945,1.9936040096500907
2025-08-06,5441.965778978515,18156.370341781378,1905.1331532226939,37903.100476006686,10498.694008477489,7635.03,10723.700054734538,14536.6,41009.73,2039.35,23924.36,2634.1822009721095,21117.187254748078,1038.5318810274337,221.60921609144654,237.42098064891607,2729.408606568604,454.82205014000755,4932.4850107364955,1.9922258006241784
2025-08-07,5434.829197205435,18209.84955638421,1898.5212806994982,37691.17483176889,10487.17446416225,7709.32,10809.688013136289,14690.9,41392.99,2067.41,24192.5,2683.2257173122093,21579.250173863566,1029.1701749462063,222.47035144630036,239.23061236380588,2749.168890813133,455.38287078484035,4939.1074075109755,1.9918663564609391
2025-08-08,5489.21821305842,18427.85223367698,1905.8591065292098,37951.55498281787,10510.434481164779,7743.0,10825.442437511403,14824.9,41623.86,2070.13,24162.86,2685.0637926195413,21487.759183576673,1030.0237292369177,220.383923657054,243.213027042745,2716.855467575971,455.645508466469,4938.108774880852,1.9867488596344642
2025-08-11,5487.021652102793,18411.088631569884,1908.2346864104,37858.97292411002,10557.629372651054,7698.52,10828.306878306877,14855.9,41583.59,2106.24,24081.34,2690.9813204162742,21452.901817491576,1031.4464229928146,222.28562731556636,243.02928870292885,2735.9297420800563,457.8780021915774,4959.377050099526,1.9866001734605376
2025-08-12,5521.703002527091,18573.606887394526,1955.5231935580587,38085.07302865464,10578.560277536859,7753.42,10843.285896734173,14859.0,41935.42,2109.66,24024.78,2702.262668502715,21922.903900108893,1030.5644534287048,220.6834070704628,247.53394176445022,2728.36023120882,458.5157475852112,4967.168745455562,1.9783123713130408
2025-08-13,5524.158551170339,18548.727148470865,1988.774987186058,38375.42286007175,10628.818276701842,7804.97,10927.613574165298,15019.9,42186.37,2123.71,24185.59,2681.2704467976328,21627.395136152907,1031.4769975786924,221.72832255711862,250.8312998116215,2784.1702220169027,459.7012792961192,4935.753746365466,1.9861710843225062
2025-08-14,5553.348214285714,18638.96806318681,1973.7980769230767,38557.057005494506,10662.530498431508,7870.34,10948.376208721036,15206.4,42653.97,2126.18,24377.5,2656.6025861187027,21614.443889641832,1029.260260353559,222.04525773143538,247.79513697237311,2794.0045546115443,459.5345278021893,4947.756342347365,1.990791771843312
2025-08-15,5513.592067020004,18484.339203282612,1954.6247221747308,38422.05505214567,10587.846840062562,7923.45,11014.714468162743,15277.2,42653.97,2126.18,24359.3,2659.8595740702317,21579.740424184867,1023.5617963627366,221.54586486983933,251.92119170683546,2758.530461645944,461.23238430775086,4972.105131414269,1.990791771843312
2025-08-18,5530.529114141154,18548.81228025041,1967.6442843666923,38514.552782780214,10605.373480023161,7884.05,11012.47947454844,15251.7,42641.72,2092.32,24314.77,2662.0579475299833,21661.09581910388,1028.2447965206586,225.23076198614024,253.51181604662625,2760.40764415012,466.43271922128923,4987.780654140571,1.9630288651640966
2025-08-19,5504.975743785686,18301.59275318765,1954.7589404542139,38571.47640922165,10643.062311790596,7979.08,11140.47619047619,15303.8,43021.22,2095.94,24423.07,2667.3840489286035,20969.66057278343,1023.0993065874195,227.46760721253344,253.16874509461934,2759.3633987215258,467.023680026776,4929.461406327921,1.9500297000297
2025-08-20,5489.233145946874,18171.789040037766,1947.6891387375017,38568.6907265159,10727.812427812427,7973.03,11198.923554095967,15292.1,42864.81,2097.22,24276.97,2662.2527064256888,21080.162171469718,1024.571605320136,228.26087799363293,249.84591634626588,2761.9216945153235,472.15102824304694,4924.21523425637,1.9344230888078615
2025-08-21,5488.686886093399,18180.518697225572,1959.417542650353,38588.2302257453,10758.97139555042,7938.29,11167.369093231162,15303.8,43013.44,2097.07,24293.34,2695.262108677045,21185.15426897453,1030.9259832765563,228.37333244883865,247.45300386190073,2765.7386801806765,474.35665128669746,4989.683272938509,1.9296260809748425
2025-08-22,5519.489608671532,18347.22826782742,2015.9177228694573,38946.562540007675,10761.256060955899,7969.69,11188.514869549352,15396.8,43310.28,2103.93,24363.09,2717.2387847422947,21715.29078460691,1036.8962005000155,224.69698654098983,247.62322123482608,2767.4297197527358,477.6695213025715,4967.261950922285,1.9519095725021558
2025-08-25,5542.298919826139,18461.324611610795,2013.314971812196,38974.45453371778,10794.904458598725,7843.04,11135.157817916439,15265.5,43227.7,2116.1,24273.12,2695.868774182546,21950.572519083973,1037.0552071042662,226.47082097261745,249.3175305765871,2828.7995356503357,489.94102780117953,5006.080455280923,1.963697540682736
2025-08-26,5553.499957055742,18504.053937988494,2025.766555011595,39008.90663918234,10729.272811486799,7709.81,11093.678160919539,15119.3,42654.95,2076.57,24152.87,2675.59569013527,21789.446214918906,1043.504437961641,223.15016948032283,247.03921682885613,2810.3098231783847,486.96231716982487,4984.716054892336,1.9739363122178968
2025-08-27,5568.930704128538,18550.62078446535,2039.6099153671007,39150.43175666968,10734.12583357495,7743.93,11135.851122058019,15020.9,42349.41,2069.74,24046.21,2700.18692621479,22076.885258900955,1051.6074766355139,223.16899087844698,247.8376708536123,2791.232597547874,478.4399207350028,5008.944043825815,1.9679050612199533
2025-08-28,5565.469719666166,18579.208217419215,2035.874170768243,39064.326984806336,10661.445922498553,7762.6,11146.871008939976,15071.4,42447.1,2043.27,24039.92,2714.3061668753003,22305.382261546125,1050.267712613622,220.28779104001657,249.50505374151643,2747.651471436815,483.6562469989437,5020.949958065417,1.966869323356389
2025-08-29,5528.204689371898,18360.04620913914,2025.0042786239944,38973.88327913742,10616.90645403594,7703.9,11118.02590768108,14935.8,42196.2,2021.69,23902.21,2692.968147957873,22285.617485305473,1055.6966753828913,218.00194356109176,248.59444832402235,2748.2172700423557,485.27369930577635,5022.16488498349,1.9647202471617715
2025-09-01,5516.4033814362565,18320.852190248483,2020.6814106395698,38890.6839723337,10637.140709039384,7707.9,11107.936507936509,14939.4,42409.71,2031.32,24037.33,2695.155681617871,22175.60546844344,1052.9433681073026,220.3958333014805,244.77845145194513,2805.6820235363693,485.9762772085345,4995.634827373959,1.9378433536596646
2025-09-02,5511.632302405498,18281.46907216495,2020.7989690721652,38913.92611683849,10490.409067372419,7654.25,11027.513227513227,14704.2,41727.58,2001.86,23487.33,2740.860454287935,22059.386641935333,1057.5818011841695,221.85368317883515,244.9728743884434,2801.2030323005933,486.6058644463429,4984.656137992832,1.9452961159690456
2025-09-03,5529.528791321871,18434.789692578142,2015.1524246451997,38821.10363160828,10581.64524125209,7719.71,11129.355956942163,14789.4,41784.66,2032.17,23594.8,2734.698583633042,22000.29886666614,1059.7991980354977,222.62162647377926,242.8283828382838,2785.8801156412483,479.9574968783018,4904.203939615018,1.965982614708352
2025-09-04,5581.42409545474,18634.0100433495,2042.6713592858064,39161.58633417743,10628.30950184502,7698.92,11296.725050173325,14918.3,41989.71,2032.51,23770.33,2743.125647205447,22220.115676169764,1065.3682477557231,222.10975172267027,246.17141700872983,2760.538259854143,474.5125616059622,4938.040224901396,1.9695354947482415
2025-09-05,5530.762010410445,18517.271098216574,2040.3191398583501,38741.24072019797,10615.263127557782,7674.78,11284.957124612296,14850.9,41607.81,2023.05,23596.98,2757.5217768942653,22484.25283732661,1061.5370376083672,220.90071941336538,249.03036267330458,2777.875772528319,478.0918770187821,4963.602741642188,1.9755058769869884
2025-09-08,5521.208772526352,18530.006800408028,2035.7786467188032,38690.028901734106,10617.662636729994,7734.84,11232.120051085567,15002.2,41723.69,2017.44,23807.13,2762.871776276199,22239.726457117762,1058.231979554762,221.04920273427487,251.48411074937337,2800.923300498801,478.26004017859805,4959.010394777396,1.9758752953450551
2025-09-09,5562.529894089511,18687.64092927913,2034.3525794328666,39042.82541851725,10678.833044482959,7749.39,11203.329684364167,15023.9,42008.22,2014.65,23718.45,2782.603093078978,22235.91200992322,1061.5987412457966,222.1150943468103,251.79924099771142,2839.4075566088854,478.6557685734332,4951.071368314493,1.993012336923961
2025-09-10,5585.327062847371,18714.031637451902,2033.3561351004705,38897.75117571612,10673.21108347313,7761.32,11145.283707352672,15217.5,42059.74,2031.51,23632.95,2781.2132026864424,22503.94435222512,1063.7841171935236,224.06749668516588,254.19036298272061,2867.9926440002623,479.8376590239128,4993.580456357621,2.0411552791206087
2025-09-11,5614.24127498189,18786.44053351515,2063.774662291729,39296.03272680786,10756.108283202222,7823.52,11213.939062214924,15321.3,42432.42,2040.3,23703.65,2841.802304242142,22633.790012095527,1071.2054465358428,223.06727137695947,256.896801273701,2855.5046549431063,486.3522355180691,4996.59516513449,2.059173055016779
2025-09-12,5611.291972047043,18869.18356911539,2042.8327935912732,39061.03630475541,10725.927209705373,7825.24,11123.75478927203,15308.2,42566.41,2062.73,23698.15,2858.038602681885,22642.634900172678,1065.6528030046486,223.8782121951011,258.3645649978358,2891.346174917275,485.3275918782333,5023.885976594599,2.082029333856568
2025-09-15,5624.759799336792,19002.42326332795,2045.0046764730894,39013.22166482442,10726.750303520843,7896.93,11078.562306148513,15395.1,43053.72,2057.56,23748.86,2875.058679740559,22956.069789384466,1073.004412354593,224.0041390634539,258.23788647900324,2891.7724114176995,483.34179331760777,5020.130422455345,2.092081268765311
2025-09-16,5567.10343374763,18819.431219717717,2024.8830840530863,38557.32041289235,10574.586016559337,7818.22,10963.929939792008,15163.3,42504.56,2033.23,23329.24,2861.3403330098886,22916.24048548863,1063.3363998773382,224.0689039133917,258.2816796088582,2867.144189476424,479.4840665881002,5000.816223067174,2.1104530938367985
2025-09-17,5587.597883597884,18845.570370370373,2037.9597883597887,38957.30793650794,10621.569871388201,7786.98,10945.95876664842,15127.2,41954.98,2019.26,23359.18,2846.4377608624127,23228.635018387486,1066.4761377953964,226.1985111378239,257.9496659755817,2921.125965489353,484.21617112554367,4966.4902004956075,2.0806056394689683
2025-09-18,5626.2651113467655,19063.185577942735,2093.4888653234357,39145.2131495228,10611.902023919043,7854.61,10991.725962415616,15175.4,42307.81,2027.04,23674.53,2833.607881099639,23229.558317567513,1072.0883040216456,226.20240656024194,259.68547763033445,2898.7005187005184,479.0775066199098,4905.179347673668,2.121622615603393
2025-09-19,5673.96875399089,19268.213358307436,2084.8580307351754,39432.35281597207,10570.181776478008,7853.59,11046.953110746213,15260.7,42312.28,2030.46,23639.41,2831.0914457006456,23327.032408184805,1088.4255398016867,226.97269221605188,259.1967892283791,2903.563127238918,479.13156887144635,4925.473684210526,2.1109245757000186
2025-09-22,5671.467909341241,19308.604109298874,2087.1340817623386,39298.06396949798,10562.884945621065,7830.11,11061.977741288085,15082.5,42423.18,2042.63,23527.05,2861.769979715088,23042.54896823317,1084.8481132943014,224.34790686575886,260.91050382817656,2880.6048975708964,477.9001643287528,4926.27994744346,2.120266511812708
2025-09-23,5634.056959079176,19104.963818712706,2079.9035165672212,39179.70462528035,10559.038351459645,7872.02,11040.512680167853,15158.2,42477.76,2063.03,23611.33,2875.082631636692,23458.198159229083,1077.3047042270753,222.29111950043892,260.78337632559476,2852.218284904323,476.7510769450461,4940.186529654864,2.1190969710600376
2025-09-24,5654.8707245389105,19165.872982067554,2074.353622694552,39290.607828938955,10596.74666361189,7827.45,10927.595329319467,15194.6,42423.12,2065.36,23666.81,2860.6524803031352,23401.05909697207,1078.2773946360153,222.41681759462568,261.06536602111163,2903.1945524013886,482.51981294903874,4915.178195889297,2.108710835251462
2025-09-25,5661.269446706382,19187.15981656881,2066.6352376462523,39383.97977113959,10539.296539891335,7795.42,10833.607006020799,15153.7,42242.49,2035.21,23534.83,2874.359771517663,23220.029403304674,1079.2510837150674,222.308475796342,261.81580453192953,2915.4664142136903,485.2653203426279,4918.427986769076,2.1188948643913634
2025-09-26,5677.405571697146,19213.869424030083,2080.2597846521967,39520.842591010085,10635.544100801832,7870.68,10882.86808976464,15350.4,42646.23,2031.81,23739.47,2898.468358876192,23262.16713314674,1075.6642456559712,218.88010230765988,259.24544155472995,2872.20921412789,480.7101187124906,4916.195244755245,2.0722587041536364
2025-09-29,5680.4758453076365,19265.04071973735,2076.7066046987593,39496.92576642647,10648.468540676706,7880.87,10953.028644407954,15316.3,42554.4,2034.46,23745.06,2906.9742175421,23448.028329247383,1082.8915514969508,218.605814099349,258.50813509713333,2916.37737915925,484.99988021943807,4970.863456630864,2.076563682028626
2025-09-30,5700.311075126774,19312.234201218733,2076.515958580134,39543.094558315934,10714.36919903747,7895.94,11046.725050173325,15475.0,42725.32,2034.22,23880.72,2927.9261544761985,23413.84141216027,1083.9537161748501,218.09050090218145,258.8807075159162,2937.6022752133017,487.2235622243103,4987.347329857686,2.0824566737610217
2025-10-01,5721.398124467178,19399.113384484226,2082.1398124467178,39591.73060528559,10854.22268183385,7966.95,11275.433315088487,15538.8,43079.58,2056.38,24113.62,2872.97567492966,23277.942188024892,1085.30437442643,220.41110266411604,258.2583113532941,2938.2772240396503,487.386918126029,4986.863795241853,2.097353296393176
2025-10-02,5731.7770570160465,19498.164902697165,2098.403892113349,39706.14544213042,10814.717522225408,8056.63,11336.599160737092,15496.2,43078.13,2057.26,24422.56,2881.7906659534015,23014.62899899276,1085.851333598118,220.58245165644018,260.4650340530358,2993.321632294866,487.9712273340326,5036.395777621393,2.150932076020557
